ID,Type,SKU,"GTIN, UPC, EAN, or ISBN",Name,Published,"Is featured?","Visibility in catalog","Short description",Description,"Date sale price starts","Date sale price ends","Tax status","Tax class","In stock?",Stock,"Low stock amount","Backorders allowed?","Sold individually?","Weight (g)","Length (cm)","Width (cm)","Height (cm)","Allow customer reviews?","Purchase note","Sale price","Regular price",Categories,Tags,"Shipping class",Images,"Download limit","Download expiry days",Parent,"Grouped products",Upsells,Cross-sells,"External URL","Button text",Position,Brands,"Attribute 1 name","Attribute 1 value(s)","Attribute 1 visible","Attribute 1 global","Attribute 1 default","Meta: rank_math_internal_links_processed","Meta: rank_math_seo_score","Meta: wpr_secondary_image_id","Meta: woostify_product_video_metabox","Meta: _rtsb_vg_disable_valiation_gallery","Meta: rank_math_primary_product_cat","Meta: rank_math_primary_product_brand","Meta: ekit_post_views_count","Meta: wpr_featured_video_source","Meta: wpr_featured_video_id","Meta: wpr_featured_video_url"
8669,variable,TS-0001,,"Juniper Berries – Whole European Grade",1,0,visible,"<ul>\n 	<li><span style=""font-family: Times New Roman, serif;""><span style=""font-size: medium;"">Diuretic (increases urine flow)</span></span></li>\n 	<li><span style=""font-family: Times New Roman, serif;""><span style=""font-size: medium;"">Carminative (relieves gas)</span></span></li>\n 	<li><span style=""font-family: Times New Roman, serif;""><span style=""font-size: medium;"">Stomach tonic</span></span></li>\n 	<li><span style=""font-family: Times New Roman, serif;""><span style=""font-size: medium;"">Expectorant</span></span></li>\n 	<li><span style=""font-family: Times New Roman, serif;""><span style=""font-size: medium;"">Cleanses kidneys and bladder</span></span></li>\n 	<li><span style=""font-family: Times New Roman, serif;""><span style=""font-size: medium;"">Anti-inflammatory and pain-relieving</span></span></li>\n</ul>",,,,taxable,,1,100,,0,0,,,,,1,,,,"Deals, Flash Sale slider, Herbs","berry, joint casre, Juniper Berry",,"https://tameeresehat.com/wp-content/uploads/2026/01/Gemini_Generated_Image_jihhirjihhirjihh-1.png, https://tameeresehat.com/wp-content/uploads/2026/01/Juniper-Berries-002.jpg.webp, https://tameeresehat.com/wp-content/uploads/2026/01/Juniper-Berries-001.jpg.webp, https://tameeresehat.com/wp-content/uploads/2026/01/Untitled-design-4.png",,,,,,,,,0,Tmeer-e-sehat,Weight,"250 gram, 500 gram, 1 Kg",1,0,"250 gram",1,8,0,,no,19,28,
8674,variation,,,"Juniper Berries – Whole European Grade - 250 gram",1,0,visible,,,,,taxable,parent,1,,,0,0,,,,,0,,250,500,,,,,,,TS-0001,,,,,,1,,Weight,"250 gram",,0,,,,,,,,,
8675,variation,,,"Juniper Berries – Whole European Grade - 500 gram",1,0,visible,,,,,taxable,parent,1,,,0,0,,,,,0,,500,750,,,,,,,TS-0001,,,,,,2,,Weight,"500 gram",,0,,,,,,,,,
8676,variation,,,"Juniper Berries – Whole European Grade - 1 Kg",1,0,visible,,,,,taxable,parent,1,,,0,0,,,,,0,,1000,1500,,,,,,,TS-0001,,,,,,3,,Weight,"1 Kg",,0,,,,,,,,,
8677,variable,,,"Absinthe Herb (Artemisia absinthium)",1,0,visible,"<ul>\n 	<li><span style=""font-family: Times New Roman, serif;""><span style=""font-size: medium;"">Improves digestion.</span></span></li>\n 	<li><span style=""font-family: Times New Roman, serif;""><span style=""font-size: medium;"">Helps with stomach ailments and intestinal issues.</span></span></li>\n 	<li><span style=""font-family: Times New Roman, serif;""><span style=""font-size: medium;""><span style=""background-color: #d5d5d5;"">E</span></span></span><span style=""font-family: Times New Roman, serif;""><span style=""font-size: medium;"">ffective against intestinal worms.</span></span></li>\n 	<li><span style=""font-family: Times New Roman, serif;""><span style=""font-size: medium;"">Applied locally for minor wounds and skin infections.</span></span></li>\n 	<li><span style=""font-family: Times New Roman, serif;""><span style=""font-size: medium;"">Enhances physical stamina and mental alertness.</span></span></li>\n</ul>",,,,taxable,,1,,,0,0,,,,,1,,,,"Flash Sale slider, Herbs","herbs, joint care, mental wellness",,"https://tameeresehat.com/wp-content/uploads/2026/01/Gemini_Generated_Image_oeeza4oeeza4oeez.jpg, https://tameeresehat.com/wp-content/uploads/2026/01/Screenshot-2026-01-26-212321.png, https://tameeresehat.com/wp-content/uploads/2026/01/Screenshot-2026-01-26-212348.png",,,,,,,,,0,Tmeer-e-sehat,weight,"250Gram, 500 Gram, 1000 Kg",1,0,250Gram,1,8,0,,no,17,28,
8680,variation,,,"Absinthe Herb (Artemisia absinthium) - 250Gram",1,0,visible,,,,,taxable,parent,1,,,0,0,,,,,0,,500,1000,,,,,,,id:8677,,,,,,1,,weight,250Gram,,0,,,,,,,,,
8681,variation,,,"Absinthe Herb (Artemisia absinthium) - 500 Gram",1,0,visible,,,,,taxable,parent,1,,,0,0,,,,,0,,500,1000,,,,,,,id:8677,,,,,,2,,weight,"500 Gram",,0,,,,,,,,,
8682,variation,,,"Absinthe Herb (Artemisia absinthium) - 1000 Kg",1,0,visible,,,,,taxable,parent,1,,,0,0,,,,,0,,500,1000,,,,,,,id:8677,,,,,,3,,weight,"1000 Kg",,0,,,,,,,,,
8683,variable,TS-0543,,"Carom Seeds ( Ajwain )",1,0,visible,"<ul>\n 	<li><span style=""font-family: Times New Roman, serif;""><span style=""font-size: medium;"">Improves digestion and reduces gas</span></span></li>\n 	<li><span style=""font-family: Times New Roman, serif;""><span style=""font-size: medium;"">Relieves cough, cold, and throat problems</span></span></li>\n 	<li><span style=""font-family: Times New Roman, serif;""><span style=""font-size: medium;"">Reduces stomach pain and colic</span></span></li>\n 	<li><span style=""font-family: Times New Roman, serif;""><span style=""font-size: medium;"">Flavoring in curries, lentils, meat</span></span></li>\n 	<li><span style=""font-family: Times New Roman, serif;""><span style=""font-size: medium;"">Traditional medicine: stomach and phlegm ailments</span></span></li>\n</ul>",,,,taxable,,1,100,,0,0,,,,,1,,,,Seeds,ajwain,,"https://tameeresehat.com/wp-content/uploads/2026/01/ajwain.jpg, https://tameeresehat.com/wp-content/uploads/2026/01/images.jpg, https://tameeresehat.com/wp-content/uploads/2026/01/il-fullxfull-3409321801-inj2-500x500-1.webp",,,,,,,,,0,Tmeer-e-sehat,Weight,"250 gram, 500 gram, 1 Kg",1,0,"250 gram",1,8,0,,no,19,28,
8684,variation,,,"Carom Seeds ( Ajwain ) - 250 gram",1,0,visible,,,,,taxable,parent,1,,,0,0,,,,,0,,250,500,,,,,,,TS-0543,,,,,,1,,Weight,"250 gram",,0,,,,,,,,,
8685,variation,,,"Carom Seeds ( Ajwain ) - 500 gram",1,0,visible,,,,,taxable,parent,1,,,0,0,,,,,0,,500,750,,,,,,,TS-0543,,,,,,2,,Weight,"500 gram",,0,,,,,,,,,
8686,variation,,,"Carom Seeds ( Ajwain ) - 1 Kg",1,0,visible,,,,,taxable,parent,1,,,0,0,,,,,0,,1000,1500,,,,,,,TS-0543,,,,,,3,,Weight,"1 Kg",,0,,,,,,,,,
8690,variable,TS-0543-1,,"Flax Seeds (Alsi)",1,0,visible,"<ul>\n 	<li><span style=""font-family: Times New Roman, serif;""><span style=""font-size: medium;"">Natural laxative (relieves constipation)</span></span></li>\n 	<li><span style=""font-family: Times New Roman, serif;""><span style=""font-size: medium;"">Supports heart health</span></span></li>\n 	<li><span style=""font-family: Times New Roman, serif;""><span style=""font-size: medium;"">Improves digestion and gut health</span></span></li>\n 	<li><span style=""font-family: Times New Roman, serif;""><span style=""font-size: medium;"">Beneficial for skin and hair</span></span></li>\n 	<li><span style=""font-family: Times New Roman, serif;""><span style=""font-size: medium;"">Helps with weight management and lowers cholesterol</span></span></li>\n</ul>",,,,taxable,,1,100,,0,0,,,,,1,,,,"Deals, Seeds",alsi,,"https://tameeresehat.com/wp-content/uploads/2026/01/Gemini_Generated_Image_itgvutitgvutitgv.jpg, https://tameeresehat.com/wp-content/uploads/2026/01/flaxseed-steven-foster-square.jpg, https://tameeresehat.com/wp-content/uploads/2026/01/gettyimages-672217081-flax-arletta-cwalina-eyeem-1518563911.avif",,,,,,,,,0,Tmeer-e-sehat,Weight,"250 gram, 500 gram, 1 Kg",1,0,"250 gram",1,8,0,,no,19,28,
8691,variation,,,"Flax Seeds (Alsi) - 250 gram",1,0,visible,,,,,taxable,parent,1,,,0,0,,,,,0,,250,500,,,,,,,TS-0543-1,,,,,,1,,Weight,"250 gram",,0,,,,,,,,,
8692,variation,,,"Flax Seeds (Alsi) - 500 gram",1,0,visible,,,,,taxable,parent,1,,,0,0,,,,,0,,500,750,,,,,,,TS-0543-1,,,,,,2,,Weight,"500 gram",,0,,,,,,,,,
8693,variation,,,"Flax Seeds (Alsi) - 1 Kg",1,0,visible,,,,,taxable,parent,1,,,0,0,,,,,0,,1000,1500,,,,,,,TS-0543-1,,,,,,3,,Weight,"1 Kg",,0,,,,,,,,,
8697,variable,TS-0543-1-1,,"Amaltas /Ambaltas - املتاس - Golden Rain Tree",1,0,visible,"<ul>\n 	<li> • Acts as a natural laxative (relieves constipation)\n• Supports liver and digestive health\n• Beneficial for skin disorders and itching\n• Reduces bodily inflammation\n• Strengthens the immune system</li>\n</ul>",,,,taxable,,1,100,,0,0,,,,,1,,,,Herbs,"Amaltas, املتاس",,"https://tameeresehat.com/wp-content/uploads/2026/01/22872588-58f4-46b3-ae27-879248c546d6_0.jpg, https://tameeresehat.com/wp-content/uploads/2026/01/images-2.jpg, https://tameeresehat.com/wp-content/uploads/2026/01/images-1.jpg",,,,,,,,,0,Tmeer-e-sehat,Weight,"250 gram, 500 gram, 1 Kg",1,0,"250 gram",1,8,0,,no,19,28,2
8698,variation,,,"Amaltas /Ambaltas - املتاس - Golden Rain Tree - 250 gram",1,0,visible,,,,,taxable,parent,1,,,0,0,,,,,0,,250,500,,,,,,,TS-0543-1-1,,,,,,1,,Weight,"250 gram",,0,,,,,,,,,
8699,variation,,,"Amaltas /Ambaltas - املتاس - Golden Rain Tree - 500 gram",1,0,visible,,,,,taxable,parent,1,,,0,0,,,,,0,,500,750,,,,,,,TS-0543-1-1,,,,,,2,,Weight,"500 gram",,0,,,,,,,,,
8700,variation,,,"Amaltas /Ambaltas - املتاس - Golden Rain Tree - 1 Kg",1,0,visible,,,,,taxable,parent,1,,,0,0,,,,,0,,1000,1500,,,,,,,TS-0543-1-1,,,,,,3,,Weight,"1 Kg",,0,,,,,,,,,
8707,variable,TS-0543-1-2,,"Anardana – Dried Pomegranate Seeds (اناردانہ)",1,0,visible,"<ul>\n 	<li>Used in indigestion and weak digestion</li>\n 	<li>Helpful in diarrhea and loose motions</li>\n 	<li>Used as a spice in food preparations</li>\n 	<li> Taken as powder to improve appetite</li>\n</ul>",,,,taxable,,1,99,,0,0,,,,,1,,,,"Deals, Spices",Anardana,,"https://tameeresehat.com/wp-content/uploads/2026/01/Gemini_Generated_Image_npu772npu772npu7.jpg, https://tameeresehat.com/wp-content/uploads/2026/01/images-3.jpg, https://tameeresehat.com/wp-content/uploads/2026/01/images-2-1.jpg",,,,,,,,,0,Tmeer-e-sehat,Weight,"250 gram, 500 gram, 1 Kg",1,0,"250 gram",1,8,0,,no,19,28,2
8708,variation,,,"Anardana – Dried Pomegranate Seeds (اناردانہ) - 250 gram",1,0,visible,,,,,taxable,parent,1,,,0,0,,,,,0,,250,500,,,,,,,TS-0543-1-2,,,,,,1,,Weight,"250 gram",,0,,,,,,,,,
8709,variation,,,"Anardana – Dried Pomegranate Seeds (اناردانہ) - 500 gram",1,0,visible,,,,,taxable,parent,1,,,0,0,,,,,0,,500,750,,,,,,,TS-0543-1-2,,,,,,2,,Weight,"500 gram",,0,,,,,,,,,
8710,variation,,,"Anardana – Dried Pomegranate Seeds (اناردانہ) - 1 Kg",1,0,visible,,,,,taxable,parent,1,,,0,0,,,,,0,,1000,1500,,,,,,,TS-0543-1-2,,,,,,3,,Weight,"1 Kg",,0,,,,,,,,,
8715,variable,TS-0543-1-2-1,,"Indian Gooseberry (Amla) – آملہ",1,0,visible,"<ul>\n 	<li>Hair fall and premature greying</li>\n 	<li>Acidity and indigestion</li>\n 	<li>General weakness</li>\n 	<li>Liver disorders</li>\n</ul>",,,,taxable,,1,100,,0,0,,,,,1,,,,"Deals, Herbs",Aamla,,"https://tameeresehat.com/wp-content/uploads/2026/01/Gemini_Generated_Image_c2rlo8c2rlo8c2rl.jpg, https://tameeresehat.com/wp-content/uploads/2026/01/Gemini_Generated_Image_o3vxgno3vxgno3vx-1.png, https://tameeresehat.com/wp-content/uploads/2026/01/Intro-10.png.jpg, https://tameeresehat.com/wp-content/uploads/2026/01/amla.jpg",,,,,,,,,0,Tmeer-e-sehat,Weight,"250 gram, 500 gram, 1 Kg",1,0,"250 gram",1,8,0,,no,19,28,
8716,variation,,,"Indian Gooseberry (Amla) – آملہ - 250 gram",1,0,visible,,,,,taxable,parent,1,,,0,0,,,,,0,,250,500,,,,,,,TS-0543-1-2-1,,,,,,1,,Weight,"250 gram",,0,,,,,,,,,
8717,variation,,,"Indian Gooseberry (Amla) – آملہ - 500 gram",1,0,visible,,,,,taxable,parent,1,,,0,0,,,,,0,,500,750,,,,,,,TS-0543-1-2-1,,,,,,2,,Weight,"500 gram",,0,,,,,,,,,
8718,variation,,,"Indian Gooseberry (Amla) – آملہ - 1 Kg",1,0,visible,,,,,taxable,parent,1,,,0,0,,,,,0,,1000,1500,,,,,,,TS-0543-1-2-1,,,,,,3,,Weight,"1 Kg",,0,,,,,,,,,
8727,variable,TS-0543-1-2-2,,"Anise Seeds (Saunf Khurd / Aniseed) – سونف (چھوٹی)",1,0,visible,"<ul>\n 	<li><span style=""font-family: Times New Roman, serif;""><span style=""font-size: medium;"">Helps with digestive problems</span></span></li>\n 	<li><span style=""font-family: Times New Roman, serif;""><span style=""font-size: medium;"">Improves appetite and digestion</span></span></li>\n 	<li><span style=""font-family: Times New Roman, serif;""><span style=""font-size: medium;"">Freshens breath</span></span></li>\n 	<li><span style=""font-family: Times New Roman, serif;""><span style=""font-size: medium;""> used in certain medicinal preparations</span></span></li>\n</ul>",,,,taxable,,1,100,,0,0,,,,,1,,,,Spices,"anise seeds, aniseed, aromatic spice, badian e romi, digestive spice, herbal seeds, pimpinella anisum, sweet seeds, بادیان رومی",,"https://tameeresehat.com/wp-content/uploads/2026/01/Anise-seeds-Pimpinella-anisum-spice.webp, https://tameeresehat.com/wp-content/uploads/2026/01/images-1-1.jpg",,,,,,,,,0,Tmeer-e-sehat,Weight,"250 gram, 500 gram, 1 Kg",1,0,"250 gram",1,8,0,,no,19,28,1
8728,variation,,,"Anise Seeds (Saunf Khurd / Aniseed) – سونف (چھوٹی) - 250 gram",1,0,visible,,,,,taxable,parent,1,,,0,0,,,,,0,,250,500,,,,,,,TS-0543-1-2-2,,,,,,1,,Weight,"250 gram",,0,,,,,,,,,
8729,variation,,,"Anise Seeds (Saunf Khurd / Aniseed) – سونف (چھوٹی) - 500 gram",1,0,visible,,,,,taxable,parent,1,,,0,0,,,,,0,,500,750,,,,,,,TS-0543-1-2-2,,,,,,2,,Weight,"500 gram",,0,,,,,,,,,
8730,variation,,,"Anise Seeds (Saunf Khurd / Aniseed) – سونف (چھوٹی) - 1 Kg",1,0,visible,,,,,taxable,parent,1,,,0,0,,,,,0,,1000,1500,,,,,,,TS-0543-1-2-2,,,,,,3,,Weight,"1 Kg",,0,,,,,,,,,
8733,variable,TS-0543-1-2-2-1,,"Anzaroot (Astragalus Gum / Persian Gum) – انزرُوت",1,0,visible,"<ul>\n 	<li><span style=""font-family: Times New Roman, serif;""><span style=""font-size: medium;"">Promotes wound healing</span></span></li>\n 	<li><span style=""font-family: Times New Roman, serif;""><span style=""font-size: medium;"">Anti-inflammatory</span></span></li>\n 	<li><span style=""font-family: Times New Roman, serif;""><span style=""font-size: medium;"">Antibacterial</span></span></li>\n 	<li><span style=""font-family: Times New Roman, serif;""><span style=""font-size: medium;"">Useful in chronic wounds, ulcers, and boils</span></span></li>\n 	<li><span style=""font-family: Times New Roman, serif;""><span style=""font-size: medium;"">Helps in diarrhea and intestinal inflammation</span></span></li>\n 	<li><span style=""font-family: Times New Roman, serif;""><span style=""font-size: medium;"">Used in gynecological disorders (traditional formulations)</span></span></li>\n 	<li><span style=""font-family: Times New Roman, serif;""><span style=""font-size: medium;"">Beneficial in skin diseases when applied externally</span></span></li>\n</ul>",,,,taxable,,1,100,,0,0,,,,,1,,,,Products,"anzaroot, astragalus gum, gum anzaroot, herbal gum, natural gum, persian gum, plant resin, traditional medicine, انزروت",,"https://tameeresehat.com/wp-content/uploads/2026/01/Gemini_Generated_Image_mzmdghmzmdghmzmd.jpg, https://tameeresehat.com/wp-content/uploads/2026/01/Gum-arabic-Acacia-species-thickening-agent-food.webp",,,,,,,,,0,Tmeer-e-sehat,Weight,"250 gram, 500 gram, 1 Kg",1,0,"250 gram",1,8,0,,no,19,28,1
8734,variation,,,"Anzaroot (Astragalus Gum / Persian Gum) – انزرُوت - 250 gram",1,0,visible,,,,,taxable,parent,1,,,0,0,,,,,0,,250,500,,,,,,,TS-0543-1-2-2-1,,,,,,1,,Weight,"250 gram",,0,,,,,,,,,
8735,variation,,,"Anzaroot (Astragalus Gum / Persian Gum) – انزرُوت - 500 gram",1,0,visible,,,,,taxable,parent,1,,,0,0,,,,,0,,500,750,,,,,,,TS-0543-1-2-2-1,,,,,,2,,Weight,"500 gram",,0,,,,,,,,,
8736,variation,,,"Anzaroot (Astragalus Gum / Persian Gum) – انزرُوت - 1 Kg",1,0,visible,,,,,taxable,parent,1,,,0,0,,,,,0,,1000,1500,,,,,,,TS-0543-1-2-2-1,,,,,,3,,Weight,"1 Kg",,0,,,,,,,,,
8739,variable,TS-0543-1-2-2-1-1,,"Arrowroot Starch / Powder – ایرو روٹ اسٹارچ",1,0,visible,"<ul>\n 	<li><span style=""font-family: Times New Roman, serif;""><span style=""font-size: medium;"">Strengthens digestion</span></span></li>\n 	<li><span style=""font-family: Times New Roman, serif;""><span style=""font-size: medium;"">Soothes stomach and intestines</span></span></li>\n 	<li><span style=""font-family: Times New Roman, serif;""><span style=""font-size: medium;"">Cooling and calming effect</span></span></li>\n 	<li><span style=""font-family: Times New Roman, serif;""><span style=""font-size: medium;"">Nourishing and strengthening</span></span></li>\n 	<li><span style=""font-family: Times New Roman, serif;""><span style=""font-size: medium;"">Helpful in dehydration and weakness</span></span></li>\n</ul>",,,,taxable,,1,100,,0,0,,,,,1,,,,"Deals, Health Collections, Products","arrowroot, arrowroot powder, arrowroot starch, digestive starch, gluten-free starch, herbal powder, medicinal powder, natural starch, ایرو روٹ اسٹارچ",,"https://tameeresehat.com/wp-content/uploads/2026/01/Gemini_Generated_Image_1n4kfs1n4kfs1n4k.jpg, https://tameeresehat.com/wp-content/uploads/2026/01/semolina-flour-in-wooden-bowl-photo.jpg",,,,,,,,,0,Tmeer-e-sehat,Weight,"250 gram, 500 gram, 1 Kg",1,0,,1,8,0,,no,19,28,2
8740,variation,,,"Arrowroot Starch / Powder – ایرو روٹ اسٹارچ - 250 gram",1,0,visible,,,,,taxable,parent,1,,,0,0,,,,,0,,250,500,,,,,,,TS-0543-1-2-2-1-1,,,,,,1,,Weight,"250 gram",,0,,,,,,,,,
8741,variation,,,"Arrowroot Starch / Powder – ایرو روٹ اسٹارچ - 500 gram",1,0,visible,,,,,taxable,parent,1,,,0,0,,,,,0,,500,750,,,,,,,TS-0543-1-2-2-1-1,,,,,,2,,Weight,"500 gram",,0,,,,,,,,,
8742,variation,,,"Arrowroot Starch / Powder – ایرو روٹ اسٹارچ - 1 Kg",1,0,visible,,,,,taxable,parent,1,,,0,0,,,,,0,,1000,1500,,,,,,,TS-0543-1-2-2-1-1,,,,,,3,,Weight,"1 Kg",,0,,,,,,,,,
8761,variable,MB-250G-001,,"Murabba Baans (مربہ بانس)",1,0,visible,"<ul>\n 	<li><span style=""font-family: Times New Roman, serif;""><span style=""font-size: medium;"">Strengthens </span></span><span style=""font-family: Times New Roman, serif;""><span style=""font-size: medium;"">bones &amp; joints</span></span></li>\n 	<li><span style=""font-family: Times New Roman, serif;""><span style=""font-size: medium;"">Helpful for </span></span><span style=""font-family: Times New Roman, serif;""><span style=""font-size: medium;"">back pain &amp; weakness</span></span></li>\n 	<li><span style=""font-family: Times New Roman, serif;""><span style=""font-size: medium;"">Supports </span></span><span style=""font-family: Times New Roman, serif;""><span style=""font-size: medium;"">teeth, hair &amp; nails</span></span></li>\n 	<li><span style=""font-family: Times New Roman, serif;""><span style=""font-size: medium;"">Improves </span></span><span style=""font-family: Times New Roman, serif;""><span style=""font-size: medium;"">body strength &amp; stamina</span></span></li>\n 	<li><span style=""font-family: Times New Roman, serif;""><span style=""font-size: medium;"">Nutritive &amp; restorative</span></span></li>\n 	<li><span style=""font-family: Times New Roman, serif;""><span style=""font-size: medium;"">Traditional </span></span><span style=""font-family: Times New Roman, serif;""><span style=""font-size: medium;"">Unani tonic food</span></span></li>\n</ul>","<span style=""font-family: Times New Roman, serif;""><span style=""font-size: medium;""><b>Murabba Baans</b></span></span><span style=""font-family: Times New Roman, serif;""><span style=""font-size: medium;""> is a classical </span></span><span style=""font-family: Times New Roman, serif;""><span style=""font-size: medium;""><b>Unani murabba</b></span></span><span style=""font-family: Times New Roman, serif;""><span style=""font-size: medium;""> prepared from </span></span><span style=""font-family: Times New Roman, serif;""><span style=""font-size: medium;""><b>Baans (Bamboo shoots / Tabasheer source)</b></span></span><span style=""font-family: Times New Roman, serif;""><span style=""font-size: medium;""> using traditional methods. In Unani medicine, baans is valued for its </span></span><span style=""font-family: Times New Roman, serif;""><span style=""font-size: medium;""><b>strengthening and restorative properties</b></span></span><span style=""font-family: Times New Roman, serif;""><span style=""font-size: medium;"">, especially for bones and joints.</span></span>\n\n<span style=""font-family: Times New Roman, serif;""><span style=""font-size: medium;"">This murabba is commonly used to support </span></span><span style=""font-family: Times New Roman, serif;""><span style=""font-size: medium;""><b>bone density</b></span></span><span style=""font-family: Times New Roman, serif;""><span style=""font-size: medium;"">, improve </span></span><span style=""font-family: Times New Roman, serif;""><span style=""font-size: medium;""><b>joint strength</b></span></span><span style=""font-family: Times New Roman, serif;""><span style=""font-size: medium;"">, and help in conditions related to </span></span><span style=""font-family: Times New Roman, serif;""><span style=""font-size: medium;""><b>weak bones, back pain, and general body weakness</b></span></span><span style=""font-family: Times New Roman, serif;""><span style=""font-size: medium;"">. It is also believed to be beneficial for </span></span><span style=""font-family: Times New Roman, serif;""><span style=""font-size: medium;""><b>teeth, hair, and nails</b></span></span><span style=""font-family: Times New Roman, serif;""><span style=""font-size: medium;""> due to its mineral-rich nature.</span></span>\n\n<span style=""font-family: Times New Roman, serif;""><span style=""font-size: medium;"">Murabba Baans helps nourish the body, improves stamina, and supports recovery from weakness when used regularly in moderation.</span></span>\n\n<span style=""font-family: Times New Roman, serif;""><span style=""font-size: x-large;""><b>Key Benefits</b></span></span>\n<ul>\n 	<li><span style=""font-family: Times New Roman, serif;""><span style=""font-size: medium;"">Strengthens </span></span><span style=""font-family: Times New Roman, serif;""><span style=""font-size: medium;""><b>bones &amp; joints</b></span></span></li>\n 	<li><span style=""font-family: Times New Roman, serif;""><span style=""font-size: medium;"">Helpful for </span></span><span style=""font-family: Times New Roman, serif;""><span style=""font-size: medium;""><b>back pain &amp; weakness</b></span></span></li>\n 	<li><span style=""font-family: Times New Roman, serif;""><span style=""font-size: medium;"">Supports </span></span><span style=""font-family: Times New Roman, serif;""><span style=""font-size: medium;""><b>teeth, hair &amp; nails</b></span></span></li>\n 	<li><span style=""font-family: Times New Roman, serif;""><span style=""font-size: medium;"">Improves </span></span><span style=""font-family: Times New Roman, serif;""><span style=""font-size: medium;""><b>body strength &amp; stamina</b></span></span></li>\n 	<li><span style=""font-family: Times New Roman, serif;""><span style=""font-size: medium;"">Nutritive &amp; restorative</span></span></li>\n 	<li><span style=""font-family: Times New Roman, serif;""><span style=""font-size: medium;"">Traditional </span></span><span style=""font-family: Times New Roman, serif;""><span style=""font-size: medium;""><b>Unani tonic food</b></span></span></li>\n</ul>\n<span style=""font-family: Times New Roman, serif;""><span style=""font-size: x-large;""><b>How to Use</b></span></span>\n<ul>\n 	<li><a name=""_GoBack""></a> <span style=""font-family: Times New Roman, serif;""><span style=""font-size: medium;"">Take </span></span><span style=""font-family: Times New Roman, serif;""><span style=""font-size: medium;""><b>1–2 inch piece daily</b></span></span></li>\n 	<li><span style=""font-family: Times New Roman, serif;""><span style=""font-size: medium;"">Preferably in the morning with milk</span></span></li>\n 	<li><span style=""font-family: Times New Roman, serif;""><span style=""font-size: medium;"">Can also be taken with water</span></span></li>\n</ul>\n<span style=""font-family: Times New Roman, serif;""><span style=""font-size: x-large;""><b>Precautions</b></span></span>\n<ul>\n 	<li><span style=""font-family: Times New Roman, serif;""><span style=""font-size: medium;"">Do not exceed recommended quantity</span></span></li>\n 	<li><span style=""font-family: Times New Roman, serif;""><span style=""font-size: medium;"">Diabetic patients should consult before use</span></span></li>\n 	<li><span style=""font-family: Times New Roman, serif;""><span style=""font-size: medium;"">Store in a cool &amp; dry place</span></span></li>\n 	<li><span style=""font-family: Times New Roman, serif;""><span style=""font-size: medium;"">Keep jar tightly closed</span></span></li>\n</ul>",,,taxable,,1,40,,0,0,,,,,1,,,,"Home Second Slider, Murabba",,,"https://tameeresehat.com/wp-content/uploads/2026/01/ff8c7b8b-c34c-47db-a7aa-058f5e6b64e2-1769545152.png, https://tameeresehat.com/wp-content/uploads/2026/01/Gemini_Generated_Image_jqpq4wjqpq4wjqpq-1.png, https://tameeresehat.com/wp-content/uploads/2026/01/c0a7657bc376f81a8d8f215f2cb8ad8c.jpg",,,,,,,,,0,Tmeer-e-sehat,weight,"1kg, 250gm, 500gm",1,1,250gm,1,,0,,no,,,
8764,variation,MB-1000G-001,,"Murabba Baans (مربہ بانس) - 1kg",1,0,visible,,,,,taxable,parent,1,,,0,0,1000,,,,0,,1700,1900,,,,,,,MB-250G-001,,,,,,3,,weight,1kg,,1,,,,,,,,,
8765,variation,,,"Murabba Baans (مربہ بانس) - 250gm",1,0,visible,,,,,taxable,parent,1,,,0,0,250,,,,0,,450,500,,,,,,,MB-250G-001,,,,,,1,,weight,250gm,,1,,,,,,,,,
8766,variation,MB-500G-001,,"Murabba Baans (مربہ بانس) - 500gm",1,0,visible,,,,,taxable,parent,1,,,0,0,500,,,,0,,880,950,,,,,,,MB-250G-001,,,,,,2,,weight,500gm,,1,,,,,,,,,
8768,variable,AM-250G-001,,"Apple Murabba – Premium Herbal Fruit preserve",1,0,visible,"<ul>\n 	<li><span style=""font-family: Times New Roman, serif;""><span style=""font-size: medium;"">Helps </span></span><span style=""font-family: Times New Roman, serif;""><span style=""font-size: medium;"">strengthen teeth</span></span></li>\n 	<li><span style=""font-family: Times New Roman, serif;""><span style=""font-size: medium;"">Improves </span></span><span style=""font-family: Times New Roman, serif;""><span style=""font-size: medium;"">saliva production</span></span></li>\n 	<li><span style=""font-family: Times New Roman, serif;""><span style=""font-size: medium;"">Supports </span></span><span style=""font-family: Times New Roman, serif;""><span style=""font-size: medium;"">oral &amp; digestive health</span></span></li>\n 	<li><span style=""font-family: Times New Roman, serif;""><span style=""font-size: medium;"">Beneficial for </span></span><span style=""font-family: Times New Roman, serif;""><span style=""font-size: medium;"">bones &amp; joints</span></span></li>\n 	<li><span style=""font-family: Times New Roman, serif;""><span style=""font-size: medium;"">Helps maintain </span></span><span style=""font-family: Times New Roman, serif;""><span style=""font-size: medium;"">brain &amp; heart health</span></span></li>\n 	<li><span style=""font-family: Times New Roman, serif;""><span style=""font-size: medium;"">Nutritious, moist &amp; satisfying</span></span></li>\n 	<li><span style=""font-family: Times New Roman, serif;""><span style=""font-size: medium;"">Traditional </span></span><span style=""font-family: Times New Roman, serif;""><span style=""font-size: medium;"">Unani tonic food</span></span></li>\n</ul>","<span style=""font-family: Times New Roman, serif;""><span style=""font-size: medium;""><b>Apple Murabba</b></span></span><span style=""font-family: Times New Roman, serif;""><span style=""font-size: medium;""> is a classic </span></span><span style=""font-family: Times New Roman, serif;""><span style=""font-size: medium;""><b>Unani herbal preserve</b></span></span><span style=""font-family: Times New Roman, serif;""><span style=""font-size: medium;""> made from fresh apples processed using traditional methods. It is valued for its nourishing, moistening, and strengthening properties.</span></span>\n\n<span style=""font-family: Times New Roman, serif;""><span style=""font-size: medium;"">Regular use of Apple Murabba helps </span></span><span style=""font-family: Times New Roman, serif;""><span style=""font-size: medium;""><b>strengthen teeth</b></span></span><span style=""font-family: Times New Roman, serif;""><span style=""font-size: medium;"">, improves </span></span><span style=""font-family: Times New Roman, serif;""><span style=""font-size: medium;""><b>saliva production</b></span></span><span style=""font-family: Times New Roman, serif;""><span style=""font-size: medium;"">, and supports oral hygiene. It is traditionally used to help maintain </span></span><span style=""font-family: Times New Roman, serif;""><span style=""font-size: medium;""><b>bone and joint health</b></span></span><span style=""font-family: Times New Roman, serif;""><span style=""font-size: medium;"">, and is beneficial in conditions related to weakness, dryness, and fatigue.</span></span>\n\n<span style=""font-family: Times New Roman, serif;""><span style=""font-size: medium;"">Apple Murabba is also considered supportive for </span></span><span style=""font-family: Times New Roman, serif;""><span style=""font-size: medium;""><b>brain health</b></span></span><span style=""font-family: Times New Roman, serif;""><span style=""font-size: medium;"">, heart wellness, and overall body nourishment. Its naturally sweet and moist nature makes it easy to digest and suitable for daily use in moderation.</span></span>\n\n<span style=""font-family: Times New Roman, serif;""><span style=""font-size: x-large;""><b>Key Benefits</b></span></span>\n<ul>\n 	<li><span style=""font-family: Times New Roman, serif;""><span style=""font-size: medium;"">Helps </span></span><span style=""font-family: Times New Roman, serif;""><span style=""font-size: medium;""><b>strengthen teeth</b></span></span></li>\n 	<li><span style=""font-family: Times New Roman, serif;""><span style=""font-size: medium;"">Improves </span></span><span style=""font-family: Times New Roman, serif;""><span style=""font-size: medium;""><b>saliva production</b></span></span></li>\n 	<li><span style=""font-family: Times New Roman, serif;""><span style=""font-size: medium;"">Supports </span></span><span style=""font-family: Times New Roman, serif;""><span style=""font-size: medium;""><b>oral &amp; digestive health</b></span></span></li>\n 	<li><span style=""font-family: Times New Roman, serif;""><span style=""font-size: medium;"">Beneficial for </span></span><span style=""font-family: Times New Roman, serif;""><span style=""font-size: medium;""><b>bones &amp; joints</b></span></span></li>\n 	<li><span style=""font-family: Times New Roman, serif;""><span style=""font-size: medium;"">Helps maintain </span></span><span style=""font-family: Times New Roman, serif;""><span style=""font-size: medium;""><b>brain &amp; heart health</b></span></span></li>\n 	<li><span style=""font-family: Times New Roman, serif;""><span style=""font-size: medium;"">Nutritious, moist &amp; satisfying</span></span></li>\n 	<li><span style=""font-family: Times New Roman, serif;""><span style=""font-size: medium;"">Traditional </span></span><span style=""font-family: Times New Roman, serif;""><span style=""font-size: medium;""><b>Unani tonic food</b></span></span></li>\n</ul>\n<b></b><span style=""font-family: Times New Roman, serif;""><span style=""font-size: x-large;""><b>How to Use</b></span></span>\n<ul>\n 	<li><span style=""font-family: Times New Roman, serif;""><span style=""font-size: medium;"">Take </span></span><span style=""font-family: Times New Roman, serif;""><span style=""font-size: medium;""><b>1–2 teaspoons daily</b></span></span></li>\n 	<li><span style=""font-family: Times New Roman, serif;""><span style=""font-size: medium;"">Preferably in the morning with milk or water</span></span></li>\n 	<li><span style=""font-family: Times New Roman, serif;""><span style=""font-size: medium;"">Can be used regularly as a nutritive supplement</span></span></li>\n</ul>\n<span style=""font-family: Times New Roman, serif;""><span style=""font-size: x-large;""><b>Precautions</b></span></span>\n<ul>\n 	<li><span style=""font-family: Times New Roman, serif;""><span style=""font-size: medium;"">Do not exceed recommended quantity</span></span></li>\n 	<li><span style=""font-family: Times New Roman, serif;""><span style=""font-size: medium;"">Diabetic patients should consult before use</span></span></li>\n 	<li><span style=""font-family: Times New Roman, serif;""><span style=""font-size: medium;"">Store in a cool, dry place</span></span></li>\n 	<li><span style=""font-family: Times New Roman, serif;""><span style=""font-size: medium;"">Keep lid tightly closed</span></span></li>\n</ul>",,,taxable,,1,60,,0,0,,,,,1,,,,"Flash Sale slider, Home Second Slider, Murabba",,,"https://tameeresehat.com/wp-content/uploads/2026/01/44364b2d-9482-498b-9af5-707a89377ae0-1769544931.jpg, https://tameeresehat.com/wp-content/uploads/2026/01/S949ee0dca6f24d5fa93ec5fc5f30f3730.jpg_720x720q80.jpg",,,,,,,,,0,Tmeer-e-sehat,weight,"1kg, 250gm, 500gm",1,1,250gm,1,,0,,no,,,1
8769,variation,,,"Apple Murabba – Premium Herbal Fruit preserve - 250gm",1,0,visible,,,,,taxable,parent,1,,,0,0,250,,,,0,,250,340,,,,,,,AM-250G-001,,,,,,1,,weight,250gm,,1,,,,,,,,,
8770,variation,AM-500G-001,,"Apple Murabba – Premium Herbal Fruit preserve - 500gm",1,0,visible,,,,,taxable,parent,1,,,0,0,500,,,,0,,480,550,,,,,,,AM-250G-001,,,,,,2,,weight,500gm,,1,,,,,,,,,
8771,variation,AM-1000G-001,,"Apple Murabba – Premium Herbal Fruit preserve - 1kg",1,0,visible,,,,,taxable,parent,1,,,0,0,1000,,,,0,,900,1150,,,,,,,AM-250G-001,,,,,,3,,weight,1kg,,1,,,,,,,,,
8772,variable,"AMLA M-250G-001",,"Amla Murabba (آملہ کا مربہ)",1,0,visible,"<ul>\n 	<li><span style=""font-family: Times New Roman, serif;""><span style=""font-size: medium;"">Boosts immunity &amp; overall strength</span></span></li>\n 	<li><span style=""font-family: Times New Roman, serif;""><span style=""font-size: medium;"">Improves digestion &amp; metabolism</span></span></li>\n 	<li><span style=""font-family: Times New Roman, serif;""><span style=""font-size: medium;"">Supports healthy hair &amp; eyesight</span></span></li>\n 	<li><span style=""font-family: Times New Roman, serif;""><span style=""font-size: medium;"">Beneficial for liver &amp; heart health</span></span></li>\n 	<li><span style=""font-family: Times New Roman, serif;""><span style=""font-size: medium;"">Helps reduce weakness &amp; fatigue</span></span></li>\n 	<li><span style=""font-family: Times New Roman, serif;""><span style=""font-size: medium;"">Natural antioxidant-rich tonic</span></span></li>\n 	<li><span style=""font-family: Times New Roman, serif;""><span style=""font-size: medium;"">Traditional Unani rejuvenator</span></span></li>\n</ul>","<span style=""font-family: Times New Roman, serif;""><span style=""font-size: medium;"">Amla Murabba is a traditional Unani herbal preserve prepared from fresh Indian gooseberries (Amla) using time-tested methods. It is highly valued for its rejuvenating, cooling, and strengthening properties.</span></span>\n\n<span style=""font-family: Times New Roman, serif;""><span style=""font-size: medium;"">Regular use of Amla Murabba helps strengthen the immune system, improves digestion, and supports liver health. It is traditionally used to promote healthy hair growth, improve eyesight, and maintain skin freshness.</span></span>\n\n<span style=""font-family: Times New Roman, serif;""><span style=""font-size: medium;"">Amla Murabba also supports heart health, enhances energy levels, and helps reduce weakness and fatigue. Its naturally sweet and slightly sour taste makes it both nourishing and refreshing, suitable for daily use in moderation.</span></span>\n<h2><strong>Key Benefits</strong></h2>\n<ul>\n 	<li><span style=""font-family: Times New Roman, serif;""><span style=""font-size: medium;"">Boosts immunity &amp; overall strength</span></span></li>\n 	<li><span style=""font-family: Times New Roman, serif;""><span style=""font-size: medium;"">Improves digestion &amp; metabolism</span></span></li>\n 	<li><span style=""font-family: Times New Roman, serif;""><span style=""font-size: medium;"">Supports healthy hair &amp; eyesight</span></span></li>\n 	<li><span style=""font-family: Times New Roman, serif;""><span style=""font-size: medium;"">Beneficial for liver &amp; heart health</span></span></li>\n 	<li><span style=""font-family: Times New Roman, serif;""><span style=""font-size: medium;"">Helps reduce weakness &amp; fatigue</span></span></li>\n 	<li><span style=""font-family: Times New Roman, serif;""><span style=""font-size: medium;"">Natural antioxidant-rich tonic</span></span></li>\n 	<li><span style=""font-family: Times New Roman, serif;""><span style=""font-size: medium;"">Traditional Unani rejuvenator</span></span></li>\n</ul>\n<h2>How to Use</h2>\n<ul>\n 	<li><span style=""font-family: Times New Roman, serif;""><span style=""font-size: medium;"">Take 1 Amla daily</span></span></li>\n 	<li><span style=""font-family: Times New Roman, serif;""><span style=""font-size: medium;"">Preferably in the morning on empty stomach</span></span></li>\n 	<li><span style=""font-family: Times New Roman, serif;""><span style=""font-size: medium;"">Can be taken with milk or water</span></span></li>\n</ul>\n<h2>Precaution</h2>\n<ul>\n 	<li><span style=""font-family: Times New Roman, serif;""><span style=""font-size: medium;"">Do not exceed recommended quantity</span></span></li>\n 	<li><span style=""font-family: Times New Roman, serif;""><span style=""font-size: medium;"">Diabetic patients should consult before use</span></span></li>\n 	<li><span style=""font-family: Times New Roman, serif;""><span style=""font-size: medium;"">Store in a cool, dry place</span></span></li>\n 	<li><span style=""font-family: Times New Roman, serif;""><span style=""font-size: medium;"">Keep lid tightly closed</span></span></li>\n</ul>",,,taxable,,1,40,,0,0,,,,,1,,,,"Home Second Slider, Murabba",,,"https://tameeresehat.com/wp-content/uploads/2026/01/Gemini_Generated_Image_euvrn1euvrn1euvr.png, https://tameeresehat.com/wp-content/uploads/2026/01/Gemini_Generated_Image_353xgp353xgp353x-1.png, https://tameeresehat.com/wp-content/uploads/2026/01/images-4.jpg, https://tameeresehat.com/wp-content/uploads/2026/01/images-1-2.jpg",,,,,,,,,0,Tmeer-e-sehat,weight,"1kg, 250gm, 500gm",1,1,500gm,1,,0,,no,,,
8773,variation,,,"Amla Murabba (آملہ کا مربہ) - 250gm",1,0,visible,,,,,taxable,parent,1,,,0,0,250,,,,0,,250,340,,,,,,,"AMLA M-250G-001",,,,,,1,,weight,250gm,,1,,,,,,,,,
8774,variation,"AMLA M-500G-001",,"Amla Murabba (آملہ کا مربہ) - 500gm",1,0,visible,,,,,taxable,parent,1,,,0,0,500,,,,0,,480,550,,,,,,,"AMLA M-250G-001",,,,,,2,,weight,500gm,,1,,,,,,,,,
8775,variation,"AMLA M-1000G-001",,"Amla Murabba (آملہ کا مربہ) - 1kg",1,0,visible,,,,,taxable,parent,1,,,0,0,1000,,,,0,,950,1150,,,,,,,"AMLA M-250G-001",,,,,,3,,weight,1kg,,1,,,,,,,,,
8777,variable,,,"Behi Murabba – Traditional Herbal Sweet",1,0,visible,"<ul>\n 	<li><span style=""font-family: Times New Roman, serif;""><span style=""font-size: medium;"">Boosts immunity &amp; overall strength</span></span></li>\n 	<li><span style=""font-family: Times New Roman, serif;""><span style=""font-size: medium;"">Improves digestion &amp; metabolism</span></span></li>\n 	<li><span style=""font-family: Times New Roman, serif;""><span style=""font-size: medium;"">Supports healthy hair &amp; eyesight</span></span></li>\n 	<li><span style=""font-family: Times New Roman, serif;""><span style=""font-size: medium;"">Beneficial for liver &amp; heart health</span></span></li>\n 	<li><span style=""font-family: Times New Roman, serif;""><span style=""font-size: medium;"">Helps reduce weakness &amp; fatigue</span></span></li>\n 	<li><span style=""font-family: Times New Roman, serif;""><span style=""font-size: medium;"">Natural antioxidant-rich tonic</span></span></li>\n 	<li><span style=""font-family: Times New Roman, serif;""><span style=""font-size: medium;"">Traditional Unani rejuvenator</span></span></li>\n</ul>","<span style=""font-family: Times New Roman, serif;""><span style=""font-size: medium;""><b>Product Long Description (Website Content)</b></span></span>\n\n<span style=""font-family: Times New Roman, serif;""><span style=""font-size: medium;"">Behi Murabba is a classic Unani herbal preserve prepared from fresh quince (Behi) using traditional methods. It is highly valued for its strengthening, nourishing, and calming properties.</span></span>\n\n<span style=""font-family: Times New Roman, serif;""><span style=""font-size: medium;"">Regular use of Behi Murabba helps strengthen the heart and stomach, improves digestion, and reduces acidity. It is traditionally used to support brain health, memory, and nerve strength, and is beneficial in conditions of weakness, anxiety, and fatigue.</span></span>\n<h2><span style=""font-family: Times New Roman, serif;""><span style=""font-size: medium;"">Behi Murabba also supports respiratory health and helps maintain overall body balance. Its pleasant taste and nourishing nature make it suitable for regular use in moderate</span></span></h2>\n&nbsp;\n<h2>Key Benefits</h2>\n<ul>\n 	<li><span style=""font-family: Times New Roman, serif;""><span style=""font-size: medium;"">Strengthens heart &amp; stomach</span></span></li>\n 	<li><span style=""font-family: Times New Roman, serif;""><span style=""font-size: medium;"">Improves digestion &amp; reduces acidity</span></span></li>\n 	<li><span style=""font-family: Times New Roman, serif;""><span style=""font-size: medium;"">Supports brain &amp; nerve health</span></span></li>\n 	<li><span style=""font-family: Times New Roman, serif;""><span style=""font-size: medium;"">Helps reduce anxiety &amp; weakness</span></span></li>\n 	<li><span style=""font-family: Times New Roman, serif;""><span style=""font-size: medium;"">Beneficial for respiratory health</span></span></li>\n 	<li><span style=""font-family: Times New Roman, serif;""><span style=""font-size: medium;"">Nutritious &amp; strengthening Unani tonic</span></span></li>\n 	<li><span style=""font-family: Times New Roman, serif;""><span style=""font-size: medium;"">Supports overall vitality</span></span></li>\n</ul>\n<h2>How to Use</h2>\n<ul>\n 	<li><span style=""font-family: Times New Roman, serif;""><span style=""font-size: medium;"">Take 1–2 teaspoons daily</span></span></li>\n 	<li><span style=""font-family: Times New Roman, serif;""><span style=""font-size: medium;"">Preferably in the morning or after breakfast</span></span></li>\n 	<li><span style=""font-family: Times New Roman, serif;""><span style=""font-size: medium;"">Can be taken with milk or water</span></span></li>\n</ul>\n<h2>Precautions</h2>\n<ul>\n 	<li><span style=""font-family: Times New Roman, serif;""><span style=""font-size: medium;"">Do not exceed recommended quantity</span></span></li>\n 	<li><span style=""font-family: Times New Roman, serif;""><span style=""font-size: medium;"">Diabetic patients should consult before use</span></span></li>\n 	<li><span style=""font-family: Times New Roman, serif;""><span style=""font-size: medium;"">Store in a cool, dry plac</span></span></li>\n 	<li><span style=""font-family: Times New Roman, serif;""><span style=""font-size: medium;"">Keep lid tightly closed</span></span></li>\n</ul>",,,taxable,,1,33,,0,0,,,,,1,,,,"Flash Sale slider, Home Second Slider, Murabba",,,"https://tameeresehat.com/wp-content/uploads/2026/01/27bb50c8-4947-4c53-b6d1-74d791108619-1769545086.png, https://tameeresehat.com/wp-content/uploads/2026/01/Gemini_Generated_Image_t81bs9t81bs9t81b.png, https://tameeresehat.com/wp-content/uploads/2026/01/Quince-Preserve-Muaraba-Bahi.webp",,,,,,,,,0,Tmeer-e-sehat,weight,"1kg, 250gm, 500gm",1,1,250gm,1,,0,,no,,,
8778,variation,BEHI-250G-001,,"Behi Murabba – Traditional Herbal Sweet - 250gm",1,0,visible,,,,,taxable,parent,1,,,0,0,250,,,,0,,250,340,,,,,,,id:8777,,,,,,1,,weight,250gm,,1,,,,,,,,,
8779,variation,BEHI-500G-001,,"Behi Murabba – Traditional Herbal Sweet - 500gm",1,0,visible,,,,,taxable,parent,1,,,0,0,500,,,,0,,480,550,,,,,,,id:8777,,,,,,2,,weight,500gm,,1,,,,,,,,,
8780,variation,BEHI-1000G-001,,"Behi Murabba – Traditional Herbal Sweet - 1kg",1,0,visible,,,,,taxable,parent,1,,,0,0,1000,,,,0,,950,1150,,,,,,,id:8777,,,,,,3,,weight,1kg,,1,,,,,,,,,
8781,variable,,,"Murabba Belgiri (مربہ بیل گری)",1,0,visible,"<ul>\n 	<li><span style=""font-family: Times New Roman, serif;""><span style=""font-size: medium;"">Strengthens </span></span><span style=""font-family: Times New Roman, serif;""><span style=""font-size: medium;""><b>digestive system</b></span></span></li>\n 	<li><span style=""font-family: Times New Roman, serif;""><span style=""font-size: medium;"">Helpful in </span></span><span style=""font-family: Times New Roman, serif;""><span style=""font-size: medium;""><b>diarrhea &amp; loose motions</b></span></span></li>\n 	<li><span style=""font-family: Times New Roman, serif;""><span style=""font-size: medium;"">Improves </span></span><span style=""font-family: Times New Roman, serif;""><span style=""font-size: medium;""><b>intestinal health</b></span></span></li>\n 	<li><span style=""font-family: Times New Roman, serif;""><span style=""font-size: medium;"">Supports </span></span><span style=""font-family: Times New Roman, serif;""><span style=""font-size: medium;""><b>liver &amp; stomach</b></span></span></li>\n 	<li><span style=""font-family: Times New Roman, serif;""><span style=""font-size: medium;"">Enhances </span></span><span style=""font-family: Times New Roman, serif;""><span style=""font-size: medium;""><b>appetite</b></span></span></li>\n 	<li><span style=""font-family: Times New Roman, serif;""><span style=""font-size: medium;"">Nutritious &amp; energizing</span></span></li>\n 	<li><span style=""font-family: Times New Roman, serif;""><span style=""font-size: medium;"">Traditional </span></span><span style=""font-family: Times New Roman, serif;""><span style=""font-size: medium;""><b>Unani tonic food</b></span></span></li>\n 	<li></li>\n</ul>","<span style=""font-family: Times New Roman, serif;""><span style=""font-size: medium;""><b>Murabba Belgiri</b></span></span><span style=""font-family: Times New Roman, serif;""><span style=""font-size: medium;""> is a classical </span></span><span style=""font-family: Times New Roman, serif;""><span style=""font-size: medium;""><b>Unani herbal murabba</b></span></span><span style=""font-family: Times New Roman, serif;""><span style=""font-size: medium;""> prepared from </span></span><span style=""font-family: Times New Roman, serif;""><span style=""font-size: medium;""><b>Belgiri (Bael Fruit)</b></span></span><span style=""font-family: Times New Roman, serif;""><span style=""font-size: medium;""> using traditional methods. Belgiri is widely known in Unani medicine for its powerful effects on the </span></span><span style=""font-family: Times New Roman, serif;""><span style=""font-size: medium;""><b>digestive system</b></span></span><span style=""font-family: Times New Roman, serif;""><span style=""font-size: medium;"">.</span></span>\n\n<span style=""font-family: Times New Roman, serif;""><span style=""font-size: medium;"">This murabba helps in </span></span><span style=""font-family: Times New Roman, serif;""><span style=""font-size: medium;""><b>strengthening the stomach and intestines</b></span></span><span style=""font-family: Times New Roman, serif;""><span style=""font-size: medium;"">, improves digestion, and is especially beneficial for people suffering from </span></span><span style=""font-family: Times New Roman, serif;""><span style=""font-size: medium;""><b>loose motions, diarrhea, weakness of digestion, and intestinal irritation</b></span></span><span style=""font-family: Times New Roman, serif;""><span style=""font-size: medium;"">.</span></span>\n\n<span style=""font-family: Times New Roman, serif;""><span style=""font-size: medium;"">Murabba Belgiri also supports </span></span><span style=""font-family: Times New Roman, serif;""><span style=""font-size: medium;""><b>liver function</b></span></span><span style=""font-family: Times New Roman, serif;""><span style=""font-size: medium;"">, improves appetite, and provides natural strength to the body. Its mildly sweet and nourishing nature makes it suitable for regular use in moderation.</span></span>\n\n<span style=""font-family: Times New Roman, serif;""><span style=""font-size: x-large;""><b>Key Benefits</b></span></span>\n<ul>\n 	<li><span style=""font-family: Times New Roman, serif;""><span style=""font-size: medium;"">Strengthens </span></span><span style=""font-family: Times New Roman, serif;""><span style=""font-size: medium;""><b>digestive system</b></span></span></li>\n 	<li><span style=""font-family: Times New Roman, serif;""><span style=""font-size: medium;"">Helpful in </span></span><span style=""font-family: Times New Roman, serif;""><span style=""font-size: medium;""><b>diarrhea &amp; loose motions</b></span></span></li>\n 	<li><span style=""font-family: Times New Roman, serif;""><span style=""font-size: medium;"">Improves </span></span><span style=""font-family: Times New Roman, serif;""><span style=""font-size: medium;""><b>intestinal health</b></span></span></li>\n 	<li><span style=""font-family: Times New Roman, serif;""><span style=""font-size: medium;"">Supports </span></span><span style=""font-family: Times New Roman, serif;""><span style=""font-size: medium;""><b>liver &amp; stomach</b></span></span></li>\n 	<li><span style=""font-family: Times New Roman, serif;""><span style=""font-size: medium;"">Enhances </span></span><span style=""font-family: Times New Roman, serif;""><span style=""font-size: medium;""><b>appetite</b></span></span></li>\n 	<li><span style=""font-family: Times New Roman, serif;""><span style=""font-size: medium;"">Nutritious &amp; energizing</span></span></li>\n 	<li><span style=""font-family: Times New Roman, serif;""><span style=""font-size: medium;"">Traditional </span></span><span style=""font-family: Times New Roman, serif;""><span style=""font-size: medium;""><b>Unani tonic food</b></span></span></li>\n</ul>\n<span style=""font-family: Times New Roman, serif;""><span style=""font-size: x-large;""><b>How to Use</b></span></span>\n<ul>\n 	<li><span style=""font-family: Times New Roman, serif;""><span style=""font-size: medium;"">Take </span></span><span style=""font-family: Times New Roman, serif;""><span style=""font-size: medium;""><b>2inch piece 2-3 times daily</b></span></span></li>\n 	<li><span style=""font-family: Times New Roman, serif;""><span style=""font-size: medium;"">Best taken in the morning or after meals</span></span></li>\n 	<li><span style=""font-family: Times New Roman, serif;""><span style=""font-size: medium;"">Can be taken with water or milk</span></span></li>\n</ul>\n<span style=""font-family: Times New Roman, serif;""><span style=""font-size: x-large;""><b>Precautions</b></span></span>\n<ul>\n 	<li><span style=""font-family: Times New Roman, serif;""><span style=""font-size: medium;"">Do not exceed recommended dose</span></span></li>\n 	<li><span style=""font-family: Times New Roman, serif;""><span style=""font-size: medium;"">Diabetic patients should consult before use</span></span></li>\n 	<li><span style=""font-family: Times New Roman, serif;""><span style=""font-size: medium;"">Store in a cool &amp; dry place</span></span></li>\n 	<li><span style=""font-family: Times New Roman, serif;""><span style=""font-size: medium;"">Keep jar tightly closed</span></span></li>\n</ul>",,,taxable,,1,49,,0,0,,,,,1,,,,"Deals, Home Second Slider, Murabba",,,"https://tameeresehat.com/wp-content/uploads/2026/01/01aa3b4e-d943-4b9a-8c64-1fa2355d0f70-1769544818.png, https://tameeresehat.com/wp-content/uploads/2026/01/images-3-1.jpg",,,,,,,,,0,Tmeer-e-sehat,weight,"1kg, 250gm, 500gm",1,1,250gm,1,,0,,no,,,
8782,variation,MBG-250G-001,,"Murabba Belgiri (مربہ بیل گری) - 250gm",1,0,visible,,,,,taxable,parent,1,,,0,0,250,,,,0,,250,340,,,,,,,id:8781,,,,,,1,,weight,250gm,,1,,,,,,,,,
8783,variation,MBG-500G-001,,"Murabba Belgiri (مربہ بیل گری) - 500gm",1,0,visible,,,,,taxable,parent,1,,,0,0,500,,,,0,,480,550,,,,,,,id:8781,,,,,,2,,weight,500gm,,1,,,,,,,,,
8784,variation,MBG-1000G-001,,"Murabba Belgiri (مربہ بیل گری) - 1kg",1,0,visible,,,,,taxable,parent,1,,,0,0,1000,,,,0,,950,1150,,,,,,,id:8781,,,,,,3,,weight,1kg,,1,,,,,,,,,
8787,variable,,,"Carrot Murabba (Gajar ka Murabba | گاجر کا مربہ)",1,0,visible,"<ul>\n 	<li><span style=""font-family: Times New Roman, serif;""><span style=""font-size: medium;"">Supports eye health &amp; improves vision</span></span></li>\n 	<li><span style=""font-family: Times New Roman, serif;""><span style=""font-size: medium;"">Helps reduce eye weakness &amp; strain</span></span></li>\n 	<li><span style=""font-family: Times New Roman, serif;""><span style=""font-size: medium;"">Boosts physical strength &amp; energy</span></span></li>\n 	<li><span style=""font-family: Times New Roman, serif;""><span style=""font-size: medium;"">Beneficial for mental stress &amp; exhaustion</span></span></li>\n 	<li><span style=""font-family: Times New Roman, serif;""><span style=""font-size: medium;"">Supports digestion &amp; nourishment</span></span></li>\n 	<li><span style=""font-family: Times New Roman, serif;""><span style=""font-size: medium;"">Nutritious &amp; sweet Unani tonic</span></span></li>\n 	<li><span style=""font-family: Times New Roman, serif;""><span style=""font-size: medium;"">Helpful in general weakness</span></span></li>\n</ul>","<span style=""font-family: Times New Roman, serif;""><span style=""font-size: medium;""><strong>Carrot Murabba</strong>, also known as Gajar ka Murabba, is a classic<strong> Unani herbal</strong> preserve prepared from fresh carrots using traditional methods. It is widely valued as a natural eye tonic and strengthening food.</span></span>\n\n<span style=""font-family: Times New Roman, serif;""><span style=""font-size: medium;"">Regular use of <strong>Carrot Murabba</strong> helps improve eyesight, <strong>supports eye health</strong>, and is traditionally used in conditions related to visual weakness and eye strain. It is also considered beneficial for general weakness, fatigue, and mental stress.</span></span>\n\n<span style=""font-family: Times New Roman, serif;""><span style=""font-size: medium;"">This <strong>nutrient-rich murabba</strong> supports overall vitality, improves digestion, and provides natural energy to the body. Its sweet and nourishing nature makes it suitable for regular use in moderation.</span></span>\n<h2>Key Benefits</h2>\n<ul>\n 	<li><span style=""font-family: Times New Roman, serif;""><span style=""font-size: medium;"">Supports eye health &amp; improves vision</span></span></li>\n 	<li><span style=""font-family: Times New Roman, serif;""><span style=""font-size: medium;"">Helps reduce eye weakness &amp; strain</span></span></li>\n 	<li><span style=""font-family: Times New Roman, serif;""><span style=""font-size: medium;"">Boosts physical strength &amp; energy</span></span></li>\n 	<li><span style=""font-family: Times New Roman, serif;""><span style=""font-size: medium;"">Beneficial for mental stress &amp; exhaustion</span></span></li>\n 	<li><span style=""font-family: Times New Roman, serif;""><span style=""font-size: medium;"">Supports digestion &amp; nourishment</span></span></li>\n 	<li><span style=""font-family: Times New Roman, serif;""><span style=""font-size: medium;"">Nutritious &amp; sweet Unani tonic</span></span></li>\n 	<li><span style=""font-family: Times New Roman, serif;""><span style=""font-size: medium;"">Helpful in general weakness</span></span></li>\n</ul>\n<h2>How to Use</h2>\n<ul>\n 	<li><span style=""font-family: Times New Roman, serif;""><span style=""font-size: medium;"">Take 1–2 teaspoons daily</span></span></li>\n 	<li><span style=""font-family: Times New Roman, serif;""><span style=""font-size: medium;"">Preferably in the morning with milk or water</span></span></li>\n 	<li><span style=""font-family: Times New Roman, serif;""><span style=""font-size: medium;"">Can be used regularly as a nutritive supplement</span></span></li>\n</ul>\n<h2>Precautions</h2>\n<ul>\n 	<li><span style=""font-family: Times New Roman, serif;""><span style=""font-size: medium;"">Do not exceed recommended quantity</span></span></li>\n 	<li><span style=""font-family: Times New Roman, serif;""><span style=""font-size: medium;"">Diabetic patients should consult before use</span></span></li>\n 	<li><span style=""font-family: Times New Roman, serif;""><span style=""font-size: medium;"">Store in a cool, dry place</span></span></li>\n 	<li><span style=""font-family: Times New Roman, serif;""><span style=""font-size: medium;"">Keep lid tightly closed</span></span></li>\n</ul>",,,taxable,,1,46,,0,0,,,,,1,,,,"Home first slider, Home Second Slider, Murabba",,,"https://tameeresehat.com/wp-content/uploads/2026/01/72dc0d5f-2347-42f4-aef4-5052295325f4-1769544982.png, https://tameeresehat.com/wp-content/uploads/2026/01/Gemini_Generated_Image_1jlvon1jlvon1jlv-1.png, https://tameeresehat.com/wp-content/uploads/2026/01/gajar-murabba.jpg",,,,,,,,,0,Tmeer-e-sehat,weight,"1kg, 250gm, 500gm",1,1,250gm,1,,0,,no,,,
8788,variation,CM-250G-001,,"Carrot Murabba (Gajar ka Murabba | گاجر کا مربہ) - 250gm",1,0,visible,,,,,taxable,parent,1,,,0,0,250,,,,0,,250,340,,,,,,,id:8787,,,,,,1,,weight,250gm,,1,,,,,,,,,
8789,variation,CM-500G-001,,"Carrot Murabba (Gajar ka Murabba | گاجر کا مربہ) - 500gm",1,0,visible,,,,,taxable,parent,1,,,0,0,500,,,,0,,480,550,,,,,,,id:8787,,,,,,2,,weight,500gm,,1,,,,,,,,,
8790,variation,CM-1000G-001,,"Carrot Murabba (Gajar ka Murabba | گاجر کا مربہ) - 1kg",1,0,visible,,,,,taxable,parent,1,,,0,0,1000,,,,0,,900,1100,,,,,,,id:8787,,,,,,3,,weight,1kg,,1,,,,,,,,,
8792,variable,,,"Murabba Harr (مربہ ہڑ)",1,0,visible,"<ul>\n 	<li><span style=""font-family: Times New Roman, serif;""><span style=""font-size: medium;"">Improves </span></span><span style=""font-family: Times New Roman, serif;""><span style=""font-size: medium;""><b>digestion</b></span></span></li>\n 	<li><span style=""font-family: Times New Roman, serif;""><span style=""font-size: medium;"">Relieves </span></span><span style=""font-family: Times New Roman, serif;""><span style=""font-size: medium;""><b>constipation</b></span></span></li>\n 	<li><span style=""font-family: Times New Roman, serif;""><span style=""font-size: medium;"">Strengthens </span></span><span style=""font-family: Times New Roman, serif;""><span style=""font-size: medium;""><b>stomach &amp; intestines</b></span></span></li>\n 	<li><span style=""font-family: Times New Roman, serif;""><span style=""font-size: medium;"">Helps in </span></span><span style=""font-family: Times New Roman, serif;""><span style=""font-size: medium;""><b>body detoxification</b></span></span></li>\n 	<li><span style=""font-family: Times New Roman, serif;""><span style=""font-size: medium;"">Reduces </span></span><span style=""font-family: Times New Roman, serif;""><span style=""font-size: medium;""><b>gas &amp; bloating</b></span></span></li>\n 	<li><span style=""font-family: Times New Roman, serif;""><span style=""font-size: medium;"">Traditional </span></span><span style=""font-family: Times New Roman, serif;""><span style=""font-size: medium;""><b>Unani digestive tonic</b></span></span></li>\n 	<li><span style=""font-family: Times New Roman, serif;""><span style=""font-size: medium;"">Nourishing &amp; effective</span></span></li>\n</ul>","<span style=""font-family: Times New Roman, serif;""><span style=""font-size: medium;""><b>Murabba Harr</b></span></span><span style=""font-family: Times New Roman, serif;""><span style=""font-size: medium;""> is a well-known </span></span><span style=""font-family: Times New Roman, serif;""><span style=""font-size: medium;""><b>classical Unani murabba</b></span></span><span style=""font-family: Times New Roman, serif;""><span style=""font-size: medium;""> prepared from </span></span><span style=""font-family: Times New Roman, serif;""><span style=""font-size: medium;""><b>Harar (Terminalia chebula)</b></span></span><span style=""font-family: Times New Roman, serif;""><span style=""font-size: medium;"">, a highly valued herb in Unani and Ayurvedic medicine.</span></span>\n\n<span style=""font-family: Times New Roman, serif;""><span style=""font-size: medium;"">Harar is famous for its </span></span><span style=""font-family: Times New Roman, serif;""><span style=""font-size: medium;""><b>digestive, laxative, and detoxifying properties</b></span></span><span style=""font-family: Times New Roman, serif;""><span style=""font-size: medium;"">. This murabba helps regulate bowel movements, relieves </span></span><span style=""font-family: Times New Roman, serif;""><span style=""font-size: medium;""><b>constipation</b></span></span><span style=""font-family: Times New Roman, serif;""><span style=""font-size: medium;"">, improves digestion, and removes accumulated waste from the body.</span></span>\n\n<span style=""font-family: Times New Roman, serif;""><span style=""font-size: medium;"">Murabba Harr is also beneficial for </span></span><span style=""font-family: Times New Roman, serif;""><span style=""font-size: medium;""><b>stomach weakness, gas, bloating</b></span></span><span style=""font-family: Times New Roman, serif;""><span style=""font-size: medium;"">, and supports overall digestive health. When taken regularly in moderation, it helps maintain internal balance and promotes general well-being.</span></span>\n\n<span style=""font-family: Times New Roman, serif;""><span style=""font-size: x-large;""><b>Key Benefits</b></span></span>\n<ul>\n 	<li><span style=""font-family: Times New Roman, serif;""><span style=""font-size: medium;"">Improves </span></span><span style=""font-family: Times New Roman, serif;""><span style=""font-size: medium;""><b>digestion</b></span></span></li>\n 	<li><span style=""font-family: Times New Roman, serif;""><span style=""font-size: medium;"">Relieves </span></span><span style=""font-family: Times New Roman, serif;""><span style=""font-size: medium;""><b>constipation</b></span></span></li>\n 	<li><span style=""font-family: Times New Roman, serif;""><span style=""font-size: medium;"">Strengthens </span></span><span style=""font-family: Times New Roman, serif;""><span style=""font-size: medium;""><b>stomach &amp; intestines</b></span></span></li>\n 	<li><span style=""font-family: Times New Roman, serif;""><span style=""font-size: medium;"">Helps in </span></span><span style=""font-family: Times New Roman, serif;""><span style=""font-size: medium;""><b>body detoxification</b></span></span></li>\n 	<li><span style=""font-family: Times New Roman, serif;""><span style=""font-size: medium;"">Reduces </span></span><span style=""font-family: Times New Roman, serif;""><span style=""font-size: medium;""><b>gas &amp; bloating</b></span></span></li>\n 	<li><span style=""font-family: Times New Roman, serif;""><span style=""font-size: medium;"">Traditional </span></span><span style=""font-family: Times New Roman, serif;""><span style=""font-size: medium;""><b>Unani digestive tonic</b></span></span></li>\n 	<li><span style=""font-family: Times New Roman, serif;""><span style=""font-size: medium;"">Nourishing &amp; effective</span></span></li>\n</ul>\n<span style=""font-family: Times New Roman, serif;""><span style=""font-size: x-large;""><b>How to Use</b></span></span>\n<ul>\n 	<li><span style=""font-family: Times New Roman, serif;""><span style=""font-size: medium;"">Take </span></span><span style=""font-family: Times New Roman, serif;""><span style=""font-size: medium;""><b>1–2 teaspoons daily</b></span></span></li>\n 	<li><span style=""font-family: Times New Roman, serif;""><span style=""font-size: medium;"">Preferably at night with lukewarm water</span></span></li>\n 	<li><span style=""font-family: Times New Roman, serif;""><span style=""font-size: medium;"">Can also be taken in the morning if advised</span></span></li>\n</ul>\n<span style=""font-family: Times New Roman, serif;""><span style=""font-size: x-large;""><b>Precautions</b></span></span>\n<ul>\n 	<li><span style=""font-family: Times New Roman, serif;""><span style=""font-size: medium;"">Do not exceed recommended dosage</span></span></li>\n 	<li><span style=""font-family: Times New Roman, serif;""><span style=""font-size: medium;"">Not recommended during pregnancy without consultation</span></span></li>\n 	<li><span style=""font-family: Times New Roman, serif;""><span style=""font-size: medium;"">Diabetic patients should consult before use</span></span></li>\n 	<li><span style=""font-family: Times New Roman, serif;""><span style=""font-size: medium;"">Store in a cool &amp; dry place</span></span></li>\n</ul>",,,taxable,,1,50,,0,0,,,,,1,,,,"Deals, Home first slider, Home Second Slider, Murabba",,,"https://tameeresehat.com/wp-content/uploads/2026/01/44268fa2-979f-4ff2-9182-a54e785340d0-1769545022.png, https://tameeresehat.com/wp-content/uploads/2026/01/Gemini_Generated_Image_5m6gwq5m6gwq5m6g-1.png, https://tameeresehat.com/wp-content/uploads/2026/01/images-2-2.jpg",,,,,,,,,0,Tmeer-e-sehat,weight,"1kg, 250gm, 500gm",1,1,250gm,1,,0,,no,,,1
8793,variation,MH-250G-001,,"Murabba Harr (مربہ ہڑ) - 250gm",1,0,visible,,,,,taxable,parent,1,,,0,0,250,,,,0,,300,390,,,,,,,id:8792,,,,,,1,,weight,250gm,,1,,,,,,,,,
8794,variation,MH-500G-001,,"Murabba Harr (مربہ ہڑ) - 500gm",1,0,visible,,,,,taxable,parent,1,,,0,0,500,,,,0,,580,650,,,,,,,id:8792,,,,,,2,,weight,500gm,,1,,,,,,,,,
8795,variation,MH-1000-001,,"Murabba Harr (مربہ ہڑ) - 1kg",1,0,visible,,,,,taxable,parent,1,,,0,0,1000,,,,0,,1100,1300,,,,,,,id:8792,,,,,,3,,weight,1kg,,1,,,,,,,,,
8796,simple,AC-500ML-001,,"Arq Chahar (عرق چہار)",1,0,visible,"<ul>\n 	<li><span style=""font-family: Times New Roman, serif;""><span style=""font-size: medium;"">Reduces </span></span><span style=""font-family: Times New Roman, serif;""><span style=""font-size: medium;""><b>excess body heat</b></span></span></li>\n 	<li><span style=""font-family: Times New Roman, serif;""><span style=""font-size: medium;"">Helpful in </span></span><span style=""font-family: Times New Roman, serif;""><span style=""font-size: medium;""><b>urinary burning &amp; irritation</b></span></span></li>\n 	<li><span style=""font-family: Times New Roman, serif;""><span style=""font-size: medium;"">Supports </span></span><span style=""font-family: Times New Roman, serif;""><span style=""font-size: medium;""><b>kidney &amp; bladder health</b></span></span></li>\n 	<li><span style=""font-family: Times New Roman, serif;""><span style=""font-size: medium;"">Cleanses </span></span><span style=""font-family: Times New Roman, serif;""><span style=""font-size: medium;""><b>urinary tract</b></span></span></li>\n 	<li><span style=""font-family: Times New Roman, serif;""><span style=""font-size: medium;"">Cooling &amp; soothing effect</span></span></li>\n 	<li><span style=""font-family: Times New Roman, serif;""><span style=""font-size: medium;"">Classical </span></span><span style=""font-family: Times New Roman, serif;""><span style=""font-size: medium;""><b>Unani cooling tonic</b></span></span></li>\n</ul>","<span style=""font-family: Times New Roman, serif;""><span style=""font-size: medium;""><b>Arq Chahar</b></span></span><span style=""font-family: Times New Roman, serif;""><span style=""font-size: medium;""> is a classical </span></span><span style=""font-family: Times New Roman, serif;""><span style=""font-size: medium;""><b>Unani herbal distillate</b></span></span><span style=""font-family: Times New Roman, serif;""><span style=""font-size: medium;""> prepared from a combination of </span></span><span style=""font-family: Times New Roman, serif;""><span style=""font-size: medium;""><b>four cooling herbs</b></span></span><span style=""font-family: Times New Roman, serif;""><span style=""font-size: medium;""> (Chahar meaning “four”). It is widely used in Unani medicine for conditions related to </span></span><span style=""font-family: Times New Roman, serif;""><span style=""font-size: medium;""><b>excess body heat and urinary system disorders</b></span></span><span style=""font-family: Times New Roman, serif;""><span style=""font-size: medium;"">.</span></span>\n\n<span style=""font-family: Times New Roman, serif;""><span style=""font-size: medium;"">This arq is especially beneficial in </span></span><span style=""font-family: Times New Roman, serif;""><span style=""font-size: medium;""><b>urinary burning, heat in urine, difficulty in urination, and irritation of the urinary tract</b></span></span><span style=""font-family: Times New Roman, serif;""><span style=""font-size: medium;"">. Its cooling and soothing properties help calm internal heat, cleanse the urinary system, and support healthy kidney and bladder function.</span></span>\n\n<span style=""font-family: Times New Roman, serif;""><span style=""font-size: medium;"">Regular use of Arq Chahar also helps in </span></span><span style=""font-family: Times New Roman, serif;""><span style=""font-size: medium;""><b>body cooling</b></span></span><span style=""font-family: Times New Roman, serif;""><span style=""font-size: medium;"">, supports detoxification, and provides relief in summer-related heat problems.</span></span>\n\n<span style=""font-family: Times New Roman, serif;""><span style=""font-size: x-large;""><b>Key Benefits</b></span></span>\n<ul>\n 	<li><span style=""font-family: Times New Roman, serif;""><span style=""font-size: medium;"">Reduces </span></span><span style=""font-family: Times New Roman, serif;""><span style=""font-size: medium;""><b>excess body heat</b></span></span></li>\n 	<li><span style=""font-family: Times New Roman, serif;""><span style=""font-size: medium;"">Helpful in </span></span><span style=""font-family: Times New Roman, serif;""><span style=""font-size: medium;""><b>urinary burning &amp; irritation</b></span></span></li>\n 	<li><span style=""font-family: Times New Roman, serif;""><span style=""font-size: medium;"">Supports </span></span><span style=""font-family: Times New Roman, serif;""><span style=""font-size: medium;""><b>kidney &amp; bladder health</b></span></span></li>\n 	<li><span style=""font-family: Times New Roman, serif;""><span style=""font-size: medium;"">Cleanses </span></span><span style=""font-family: Times New Roman, serif;""><span style=""font-size: medium;""><b>urinary tract</b></span></span></li>\n 	<li><span style=""font-family: Times New Roman, serif;""><span style=""font-size: medium;"">Cooling &amp; soothing effect</span></span></li>\n 	<li><span style=""font-family: Times New Roman, serif;""><span style=""font-size: medium;"">Classical </span></span><span style=""font-family: Times New Roman, serif;""><span style=""font-size: medium;""><b>Unani cooling tonic</b></span></span></li>\n</ul>\n<span style=""font-family: Times New Roman, serif;""><span style=""font-size: x-large;""><b>How to Use</b></span></span>\n<ul>\n 	<li><span style=""font-family: Times New Roman, serif;""><span style=""font-size: medium;"">Take </span></span><span style=""font-family: Times New Roman, serif;""><span style=""font-size: medium;""><b>25–50 ml twice daily</b></span></span></li>\n 	<li><span style=""font-family: Times New Roman, serif;""><span style=""font-size: medium;"">Preferably with fresh or cold water</span></span></li>\n 	<li><span style=""font-family: Times New Roman, serif;""><span style=""font-size: medium;"">Use regularly or as advised by a physician</span></span></li>\n</ul>\n<span style=""font-family: Times New Roman, serif;""><span style=""font-size: x-large;""><b>Precautions</b></span></span>\n<ul>\n 	<li><span style=""font-family: Times New Roman, serif;""><span style=""font-size: medium;"">Shake well before use</span></span></li>\n 	<li><span style=""font-family: Times New Roman, serif;""><span style=""font-size: medium;"">Do not exceed recommended dosage</span></span></li>\n 	<li><span style=""font-family: Times New Roman, serif;""><span style=""font-size: medium;"">Pregnant women should consult before use</span></span></li>\n 	<li><span style=""font-family: Times New Roman, serif;""><span style=""font-size: medium;"">Store in a cool &amp; dry place</span></span></li>\n</ul>",,,taxable,,1,57,,0,0,,,,,1,,200,250,"Health Collections, Products",,,"https://tameeresehat.com/wp-content/uploads/2026/01/6482b435-3bf6-43b2-a3ac-c4f1b967af99-1769551327.png, https://tameeresehat.com/wp-content/uploads/2026/01/4808e47e-ee7c-44cf-abcf-2b4da606d6ea-1769551370.png",,,,,,,,,0,Tmeer-e-sehat,volume,800ml,1,0,,1,,0,,no,,,
8800,simple,AK-800ML-001,,"Arq Kasni – Pure Herbal & natural Liver Tonic",1,0,visible,"<ul>\n 	<li><span style=""font-family: Times New Roman, serif;""><span style=""font-size: medium;"">Supports </span></span><span style=""font-family: Times New Roman, serif;""><span style=""font-size: medium;""><b>liver health</b></span></span></li>\n 	<li><span style=""font-family: Times New Roman, serif;""><span style=""font-size: medium;"">Reduces </span></span><span style=""font-family: Times New Roman, serif;""><span style=""font-size: medium;""><b>excess body heat</b></span></span></li>\n 	<li><span style=""font-family: Times New Roman, serif;""><span style=""font-size: medium;"">Helpful in </span></span><span style=""font-family: Times New Roman, serif;""><span style=""font-size: medium;""><b>jaundice &amp; liver weakness</b></span></span></li>\n 	<li><span style=""font-family: Times New Roman, serif;""><span style=""font-size: medium;"">Improves </span></span><span style=""font-family: Times New Roman, serif;""><span style=""font-size: medium;""><b>digestion &amp; appetite</b></span></span></li>\n 	<li><span style=""font-family: Times New Roman, serif;""><span style=""font-size: medium;"">Acts as a </span></span><span style=""font-family: Times New Roman, serif;""><span style=""font-size: medium;""><b>blood purifier</b></span></span></li>\n 	<li><span style=""font-family: Times New Roman, serif;""><span style=""font-size: medium;"">Cooling &amp; refreshing effect</span></span></li>\n 	<li><span style=""font-family: Times New Roman, serif;""><span style=""font-size: medium;"">Classical </span></span><span style=""font-family: Times New Roman, serif;""><span style=""font-size: medium;""><b>Unani liver tonic</b></span></span></li>\n</ul>","<span style=""font-family: Times New Roman, serif;""><span style=""font-size: medium;""><b>Arq Kasni</b></span></span><span style=""font-family: Times New Roman, serif;""><span style=""font-size: medium;""> is a classical </span></span><span style=""font-family: Times New Roman, serif;""><span style=""font-size: medium;""><b>Unani herbal distillate</b></span></span><span style=""font-family: Times New Roman, serif;""><span style=""font-size: medium;""> prepared from </span></span><span style=""font-family: Times New Roman, serif;""><span style=""font-size: medium;""><b>Kasni (Cichorium intybus / Chicory)</b></span></span><span style=""font-family: Times New Roman, serif;""><span style=""font-size: medium;"">, a renowned herb used for centuries in liver and digestive disorders.</span></span>\n\n<span style=""font-family: Times New Roman, serif;""><span style=""font-size: medium;"">This arq is especially beneficial for </span></span><span style=""font-family: Times New Roman, serif;""><span style=""font-size: medium;""><b>liver heat, weakness of liver, jaundice, indigestion, and loss of appetite</b></span></span><span style=""font-family: Times New Roman, serif;""><span style=""font-size: medium;"">. Its natural cooling properties help </span></span><span style=""font-family: Times New Roman, serif;""><span style=""font-size: medium;""><b>balance excess heat in the body</b></span></span><span style=""font-family: Times New Roman, serif;""><span style=""font-size: medium;"">, support bile flow, and assist in detoxifying the blood.</span></span>\n\n<span style=""font-family: Times New Roman, serif;""><span style=""font-size: medium;"">Regular use of Arq Kasni helps improve </span></span><span style=""font-family: Times New Roman, serif;""><span style=""font-size: medium;""><b>appetite</b></span></span><span style=""font-family: Times New Roman, serif;""><span style=""font-size: medium;"">, supports smooth digestion, and provides a refreshing cooling effect to the body. It is commonly recommended in chronic liver complaints and seasonal heat-related problems.</span></span>\n\n<span style=""font-family: Times New Roman, serif;""><span style=""font-size: x-large;""><b>Key Benefits</b></span></span>\n<ul>\n 	<li><span style=""font-family: Times New Roman, serif;""><span style=""font-size: medium;"">Supports </span></span><span style=""font-family: Times New Roman, serif;""><span style=""font-size: medium;""><b>liver health</b></span></span></li>\n 	<li><span style=""font-family: Times New Roman, serif;""><span style=""font-size: medium;"">Reduces </span></span><span style=""font-family: Times New Roman, serif;""><span style=""font-size: medium;""><b>excess body heat</b></span></span></li>\n 	<li><span style=""font-family: Times New Roman, serif;""><span style=""font-size: medium;"">Helpful in </span></span><span style=""font-family: Times New Roman, serif;""><span style=""font-size: medium;""><b>jaundice &amp; liver weakness</b></span></span></li>\n 	<li><span style=""font-family: Times New Roman, serif;""><span style=""font-size: medium;"">Improves </span></span><span style=""font-family: Times New Roman, serif;""><span style=""font-size: medium;""><b>digestion &amp; appetite</b></span></span></li>\n 	<li><span style=""font-family: Times New Roman, serif;""><span style=""font-size: medium;"">Acts as a </span></span><span style=""font-family: Times New Roman, serif;""><span style=""font-size: medium;""><b>blood purifier</b></span></span></li>\n 	<li><span style=""font-family: Times New Roman, serif;""><span style=""font-size: medium;"">Cooling &amp; refreshing effect</span></span></li>\n 	<li><span style=""font-family: Times New Roman, serif;""><span style=""font-size: medium;"">Classical </span></span><span style=""font-family: Times New Roman, serif;""><span style=""font-size: medium;""><b>Unani liver tonic</b></span></span></li>\n</ul>\n<span style=""font-family: Times New Roman, serif;""><span style=""font-size: x-large;""><b>How to Use</b></span></span>\n<ul>\n 	<li><span style=""font-family: Times New Roman, serif;""><span style=""font-size: medium;"">Take </span></span><span style=""font-family: Times New Roman, serif;""><span style=""font-size: medium;""><b>25–50 ml twice daily</b></span></span></li>\n 	<li><span style=""font-family: Times New Roman, serif;""><span style=""font-size: medium;"">Preferably with fresh water</span></span></li>\n 	<li><a name=""_GoBack""></a> <span style=""font-family: Times New Roman, serif;""><span style=""font-size: medium;"">Use regularly or as advised by a Unani physician</span></span></li>\n</ul>\n<span style=""font-family: Times New Roman, serif;""><span style=""font-size: x-large;""><b>Precautions</b></span></span>\n<ul>\n 	<li><span style=""font-family: Times New Roman, serif;""><span style=""font-size: medium;"">Shake well before use</span></span></li>\n 	<li><span style=""font-family: Times New Roman, serif;""><span style=""font-size: medium;"">Do not exceed recommended dosage</span></span></li>\n 	<li><span style=""font-family: Times New Roman, serif;""><span style=""font-size: medium;"">Pregnant women should consult before use</span></span></li>\n 	<li><span style=""font-family: Times New Roman, serif;""><span style=""font-size: medium;"">Store in a cool &amp; dry place</span></span></li>\n</ul>",,,taxable,,1,59,,0,0,,,,,1,,200,250,"Flash Sale slider, Health Collections, Home first slider, Products",,,https://tameeresehat.com/wp-content/uploads/2026/01/e659f7b3-f3d2-46c9-8e26-89b51aafd1f8-1769554004.png,,,,,,,,,0,Tmeer-e-sehat,volume,800ml,1,0,,1,,0,,no,,,
8803,simple,AMK-750ML-001,,"Arq Makoh (عرق مکوہ)",1,0,visible,"<ul>\n 	<li><span style=""font-family: Times New Roman, serif;""><span style=""font-size: medium;"">Supports </span></span><span style=""font-family: Times New Roman, serif;""><span style=""font-size: medium;""><b>liver health</b></span></span></li>\n 	<li><span style=""font-family: Times New Roman, serif;""><span style=""font-size: medium;"">Helpful in </span></span><span style=""font-family: Times New Roman, serif;""><span style=""font-size: medium;""><b>jaundice &amp; hepatitis</b></span></span></li>\n 	<li><span style=""font-family: Times New Roman, serif;""><span style=""font-size: medium;"">Acts as a </span></span><span style=""font-family: Times New Roman, serif;""><span style=""font-size: medium;""><b>blood purifier</b></span></span></li>\n 	<li><span style=""font-family: Times New Roman, serif;""><span style=""font-size: medium;"">Reduces </span></span><span style=""font-family: Times New Roman, serif;""><span style=""font-size: medium;""><b>excess body heat</b></span></span></li>\n 	<li><span style=""font-family: Times New Roman, serif;""><span style=""font-size: medium;"">Improves </span></span><span style=""font-family: Times New Roman, serif;""><span style=""font-size: medium;""><b>appetite &amp; digestion</b></span></span></li>\n 	<li><span style=""font-family: Times New Roman, serif;""><span style=""font-size: medium;"">Cooling &amp; detoxifying effect</span></span></li>\n 	<li><span style=""font-family: Times New Roman, serif;""><span style=""font-size: medium;"">Classical </span></span><span style=""font-family: Times New Roman, serif;""><span style=""font-size: medium;""><b>Unani liver tonic</b></span></span></li>\n</ul>","<span style=""font-family: Times New Roman, serif;""><span style=""font-size: medium;""><b>Arq Makoh</b></span></span><span style=""font-family: Times New Roman, serif;""><span style=""font-size: medium;""> is a classical </span></span><span style=""font-family: Times New Roman, serif;""><span style=""font-size: medium;""><b>Unani herbal distillate</b></span></span><span style=""font-family: Times New Roman, serif;""><span style=""font-size: medium;""> prepared from </span></span><span style=""font-family: Times New Roman, serif;""><span style=""font-size: medium;""><b>Makoh (Solanum nigrum)</b></span></span><span style=""font-family: Times New Roman, serif;""><span style=""font-size: medium;"">, a well-known herb in Unani medicine for </span></span><span style=""font-family: Times New Roman, serif;""><span style=""font-size: medium;""><b>liver and blood-related disorders</b></span></span><span style=""font-family: Times New Roman, serif;""><span style=""font-size: medium;"">.</span></span>\n\n<span style=""font-family: Times New Roman, serif;""><span style=""font-size: medium;"">This arq is widely used in conditions such as </span></span><span style=""font-family: Times New Roman, serif;""><span style=""font-size: medium;""><b>jaundice (yarqan)</b></span></span><span style=""font-family: Times New Roman, serif;""><span style=""font-size: medium;"">, liver weakness, hepatitis, and excess heat in the body. It helps </span></span><span style=""font-family: Times New Roman, serif;""><span style=""font-size: medium;""><b>cool the liver</b></span></span><span style=""font-family: Times New Roman, serif;""><span style=""font-size: medium;"">, supports proper bile secretion, and aids in cleansing harmful toxins from the blood.</span></span>\n\n<span style=""font-family: Times New Roman, serif;""><span style=""font-size: medium;"">Regular use of Arq Makoh helps improve </span></span><span style=""font-family: Times New Roman, serif;""><span style=""font-size: medium;""><b>appetite</b></span></span><span style=""font-family: Times New Roman, serif;""><span style=""font-size: medium;"">, reduces internal heat, and supports overall liver function. Its cooling and purifying nature makes it beneficial in chronic liver complaints when used as directed.</span></span>\n\n<span style=""font-family: Times New Roman, serif;""><span style=""font-size: x-large;""><b>Key Benefits</b></span></span>\n<ul>\n 	<li><span style=""font-family: Times New Roman, serif;""><span style=""font-size: medium;"">Supports </span></span><span style=""font-family: Times New Roman, serif;""><span style=""font-size: medium;""><b>liver health</b></span></span></li>\n 	<li><span style=""font-family: Times New Roman, serif;""><span style=""font-size: medium;"">Helpful in </span></span><span style=""font-family: Times New Roman, serif;""><span style=""font-size: medium;""><b>jaundice &amp; hepatitis</b></span></span></li>\n 	<li><span style=""font-family: Times New Roman, serif;""><span style=""font-size: medium;"">Acts as a </span></span><span style=""font-family: Times New Roman, serif;""><span style=""font-size: medium;""><b>blood purifier</b></span></span></li>\n 	<li><span style=""font-family: Times New Roman, serif;""><span style=""font-size: medium;"">Reduces </span></span><span style=""font-family: Times New Roman, serif;""><span style=""font-size: medium;""><b>excess body heat</b></span></span></li>\n 	<li><span style=""font-family: Times New Roman, serif;""><span style=""font-size: medium;"">Improves </span></span><span style=""font-family: Times New Roman, serif;""><span style=""font-size: medium;""><b>appetite &amp; digestion</b></span></span></li>\n 	<li><span style=""font-family: Times New Roman, serif;""><span style=""font-size: medium;"">Cooling &amp; detoxifying effect</span></span></li>\n 	<li><span style=""font-family: Times New Roman, serif;""><span style=""font-size: medium;"">Classical </span></span><span style=""font-family: Times New Roman, serif;""><span style=""font-size: medium;""><b>Unani liver tonic</b></span></span></li>\n</ul>\n<span style=""font-family: Times New Roman, serif;""><span style=""font-size: x-large;""><b>How to Use</b></span></span>\n<ul>\n 	<li><span style=""font-family: Times New Roman, serif;""><span style=""font-size: medium;"">Take </span></span><span style=""font-family: Times New Roman, serif;""><span style=""font-size: medium;""><b>25–50 ml twice daily</b></span></span></li>\n 	<li><span style=""font-family: Times New Roman, serif;""><span style=""font-size: medium;"">Preferably with fresh water</span></span></li>\n 	<li><span style=""font-family: Times New Roman, serif;""><span style=""font-size: medium;"">Use regularly or as advised by a physician</span></span></li>\n</ul>\n<span style=""font-family: Times New Roman, serif;""><span style=""font-size: x-large;""><b>Precautions</b></span></span>\n<ul>\n 	<li><span style=""font-family: Times New Roman, serif;""><span style=""font-size: medium;"">Shake well before use</span></span></li>\n 	<li><span style=""font-family: Times New Roman, serif;""><span style=""font-size: medium;"">Do not exceed recommended dosage</span></span></li>\n 	<li><span style=""font-family: Times New Roman, serif;""><span style=""font-size: medium;"">Pregnant women should consult before use</span></span></li>\n 	<li><span style=""font-family: Times New Roman, serif;""><span style=""font-size: medium;"">Store in a cool &amp; dry place</span></span></li>\n</ul>",,,taxable,,1,68,,0,0,,,,,1,,200,250,"Deals, Health Collections, Home first slider, Products",,,"https://tameeresehat.com/wp-content/uploads/2026/01/Gemini_Generated_Image_xvtektxvtektxvte.png, https://tameeresehat.com/wp-content/uploads/2026/01/M1.jpg",,,,,,,,,0,Tmeer-e-sehat,volume,750ml,1,0,,1,,0,,no,,,4
8811,simple,JZ-OIL-30ML-001,,"JointZen Herbal Pain Relief Oil",1,0,visible,"<ul>\n 	<li><span style=""font-family: Times New Roman, serif;""><span style=""font-size: medium;"">Fast relief from joint pain</span></span></li>\n 	<li><span style=""font-family: Times New Roman, serif;""><span style=""font-size: medium;"">Helps relax sore muscles</span></span></li>\n 	<li><span style=""font-family: Times New Roman, serif;""><span style=""font-size: medium;"">Effective for back pain</span></span></li>\n 	<li><span style=""font-family: Times New Roman, serif;""><span style=""font-size: medium;"">Improves blood circulation</span></span></li>\n 	<li><span style=""font-family: Times New Roman, serif;""><span style=""font-size: medium;"">Reduces stiffness &amp; fatigue</span></span></li>\n 	<li><span style=""font-family: Times New Roman, serif;""><span style=""font-size: medium;"">Herbal &amp; non-greasy formula</span></span></li>\n 	<li><span style=""font-family: Times New Roman, serif;""><span style=""font-size: medium;"">Suitable for daily massage</span></span></li>\n</ul>","<span style=""font-family: Times New Roman, serif;""><span style=""font-size: medium;"">JointZen Herbal Pain Relief Oil is a specially formulated herbal oil made to provide fast and soothing relief from joint, muscle, and back pain. It is enriched with traditional herbal ingredients known for their pain-relieving and anti-inflammatory properties.</span></span>\n\n<span style=""font-family: Times New Roman, serif;""><span style=""font-size: medium;"">Regular massage with JointZen Oil helps improve blood circulation, reduce stiffness, and relax sore muscles. It is ideal for people suffering from joint discomfort, muscular pain, backache, or fatigue due to physical activity.</span></span>\n\n<span style=""font-family: Times New Roman, serif;""><span style=""font-size: medium;"">The non-greasy formula absorbs quickly into the skin, making it suitable for daily use. JointZen Oil offers a natural and effective solution for maintaining mobility and comfort.</span></span>\n<h2>Key Benefits</h2>\n<ul>\n 	<li><span style=""font-family: Times New Roman, serif;""><span style=""font-size: medium;"">Fast relief from joint pain</span></span></li>\n 	<li><span style=""font-family: Times New Roman, serif;""><span style=""font-size: medium;"">Helps relax sore muscles</span></span></li>\n 	<li><span style=""font-family: Times New Roman, serif;""><span style=""font-size: medium;"">Effective for back pain</span></span></li>\n 	<li><span style=""font-family: Times New Roman, serif;""><span style=""font-size: medium;"">Improves blood circulation</span></span></li>\n 	<li><span style=""font-family: Times New Roman, serif;""><span style=""font-size: medium;"">Reduces stiffness &amp; fatigue</span></span></li>\n 	<li><span style=""font-family: Times New Roman, serif;""><span style=""font-size: medium;"">Herbal &amp; non-greasy formula</span></span></li>\n 	<li><span style=""font-family: Times New Roman, serif;""><span style=""font-size: medium;"">Suitable for daily massage</span></span></li>\n</ul>\n<h2>How to Use</h2>\n<ul>\n 	<li><span style=""font-family: Times New Roman, serif;""><span style=""font-size: medium;"">Apply a small amount to the affected area</span></span></li>\n 	<li><span style=""font-family: Times New Roman, serif;""><span style=""font-size: medium;"">Massage gently until absorbed</span></span></li>\n 	<li><span style=""font-family: Times New Roman, serif;""><span style=""font-size: medium;"">Use 2–3 times daily or as needed</span></span></li>\n</ul>\n<h2>Precaution</h2>\n<ul>\n 	<li><span style=""font-family: Times New Roman, serif;""><span style=""font-size: medium;"">For external use only</span></span></li>\n 	<li><span style=""font-family: Times New Roman, serif;""><span style=""font-size: medium;"">Avoid contact with eyes &amp; open wounds</span></span></li>\n 	<li><span style=""font-family: Times New Roman, serif;""><span style=""font-size: medium;"">Keep out of reach of children</span></span></li>\n 	<li><span style=""font-family: Times New Roman, serif;""><span style=""font-size: medium;"">Store in a cool, dry place</span></span></li>\n 	<li><span style=""font-family: Times New Roman, serif;""><span style=""font-size: medium;"">Discontinue use if irritation occurs</span></span></li>\n</ul>",,,taxable,,1,76,,0,0,,,,,1,,500,580,"Health Collections, Home first slider, Oils, Products",,,https://tameeresehat.com/wp-content/uploads/2026/01/WhatsAppImage2024-11-16at11.18.27AM.webp,,,,,,,,,0,Tmeer-e-sehat,"Net volume",30ml,1,0,,1,,0,,no,,,3
8812,simple,HSS-125ML-001,,"Herbo Silk Shampoo – Pure Herbal Care for Silky Hair",1,0,visible,"<ul>\n 	<li><span style=""font-family: Times New Roman, serif;""><span style=""font-size: medium;"">Made with </span></span><span style=""font-family: Times New Roman, serif;""><span style=""font-size: medium;""><b>100% herbal ingredients</b></span></span></li>\n 	<li><span style=""font-family: Times New Roman, serif;""><span style=""font-size: medium;"">Helps reduce </span></span><span style=""font-family: Times New Roman, serif;""><span style=""font-size: medium;""><b>hair fall</b></span></span></li>\n 	<li><span style=""font-family: Times New Roman, serif;""><span style=""font-size: medium;"">Strengthens </span></span><span style=""font-family: Times New Roman, serif;""><span style=""font-size: medium;""><b>hair roots</b></span></span></li>\n 	<li><span style=""font-family: Times New Roman, serif;""><span style=""font-size: medium;"">Promotes </span></span><span style=""font-family: Times New Roman, serif;""><span style=""font-size: medium;""><b>new hair growth</b></span></span></li>\n 	<li><span style=""font-family: Times New Roman, serif;""><span style=""font-size: medium;"">Makes hair </span></span><span style=""font-family: Times New Roman, serif;""><span style=""font-size: medium;""><b>soft, shiny &amp; silky</b></span></span></li>\n</ul>","<span style=""font-family: Times New Roman, serif;""><span style=""font-size: medium;""><b>Herbo Silk Shampoo</b></span></span><span style=""font-family: Times New Roman, serif;""><span style=""font-size: medium;""> is a specially formulated </span></span><span style=""font-family: Times New Roman, serif;""><span style=""font-size: medium;""><b>herbal hair cleanser</b></span></span><span style=""font-family: Times New Roman, serif;""><span style=""font-size: medium;""> made with natural ingredients that gently clean the scalp without damaging hair roots.</span></span>\n\n<span style=""font-family: Times New Roman, serif;""><span style=""font-size: medium;"">This shampoo helps </span></span><span style=""font-family: Times New Roman, serif;""><span style=""font-size: medium;""><b>strengthen weak hair</b></span></span><span style=""font-family: Times New Roman, serif;""><span style=""font-size: medium;"">, control </span></span><span style=""font-family: Times New Roman, serif;""><span style=""font-size: medium;""><b>hair fall</b></span></span><span style=""font-family: Times New Roman, serif;""><span style=""font-size: medium;"">, and promote </span></span><span style=""font-family: Times New Roman, serif;""><span style=""font-size: medium;""><b>new hair growth</b></span></span><span style=""font-family: Times New Roman, serif;""><span style=""font-size: medium;"">. Its herbal formula keeps the scalp healthy, helps prevent </span></span><span style=""font-family: Times New Roman, serif;""><span style=""font-size: medium;""><b>skin and scalp infections</b></span></span><span style=""font-family: Times New Roman, serif;""><span style=""font-size: medium;"">, and leaves hair soft, shiny, and silky after every wash.</span></span>\n\n<span style=""font-family: Times New Roman, serif;""><span style=""font-size: medium;"">Regular use of Herbo Silk Shampoo improves hair texture, reduces dryness, and gives your hair a naturally </span></span><span style=""font-family: Times New Roman, serif;""><span style=""font-size: medium;""><b>gorgeous and healthy look</b></span></span><span style=""font-family: Times New Roman, serif;""><span style=""font-size: medium;"">.</span></span>\n\n<span style=""font-family: Times New Roman, serif;""><span style=""font-size: x-large;""><b>Key Benefits</b></span></span>\n<ul>\n 	<li><span style=""font-family: Times New Roman, serif;""><span style=""font-size: medium;"">Made with </span></span><span style=""font-family: Times New Roman, serif;""><span style=""font-size: medium;""><b>100% herbal ingredients</b></span></span></li>\n 	<li><span style=""font-family: Times New Roman, serif;""><span style=""font-size: medium;"">Helps reduce </span></span><span style=""font-family: Times New Roman, serif;""><span style=""font-size: medium;""><b>hair fall</b></span></span></li>\n 	<li><span style=""font-family: Times New Roman, serif;""><span style=""font-size: medium;"">Strengthens </span></span><span style=""font-family: Times New Roman, serif;""><span style=""font-size: medium;""><b>hair roots</b></span></span></li>\n 	<li><span style=""font-family: Times New Roman, serif;""><span style=""font-size: medium;"">Promotes </span></span><span style=""font-family: Times New Roman, serif;""><span style=""font-size: medium;""><b>new hair growth</b></span></span></li>\n 	<li><span style=""font-family: Times New Roman, serif;""><span style=""font-size: medium;"">Protects scalp from </span></span><span style=""font-family: Times New Roman, serif;""><span style=""font-size: medium;""><b>skin infections</b></span></span></li>\n 	<li><span style=""font-family: Times New Roman, serif;""><span style=""font-size: medium;"">Makes hair </span></span><span style=""font-family: Times New Roman, serif;""><span style=""font-size: medium;""><b>soft, shiny &amp; silky</b></span></span></li>\n 	<li><span style=""font-family: Times New Roman, serif;""><span style=""font-size: medium;"">Safe for </span></span><span style=""font-family: Times New Roman, serif;""><span style=""font-size: medium;""><b>regular use</b></span></span></li>\n</ul>\n<span style=""font-family: Times New Roman, serif;""><span style=""font-size: x-large;""><b>How to Use</b></span></span>\n<ul>\n 	<li><span style=""font-family: Times New Roman, serif;""><span style=""font-size: medium;"">Wet hair thoroughly</span></span></li>\n 	<li><span style=""font-family: Times New Roman, serif;""><span style=""font-size: medium;"">Apply a small amount of shampoo</span></span></li>\n 	<li><span style=""font-family: Times New Roman, serif;""><span style=""font-size: medium;"">Gently massage into scalp</span></span></li>\n 	<li><span style=""font-family: Times New Roman, serif;""><span style=""font-size: medium;"">Rinse well with water</span></span></li>\n 	<li><span style=""font-family: Times New Roman, serif;""><span style=""font-size: medium;"">Use </span></span><span style=""font-family: Times New Roman, serif;""><span style=""font-size: medium;""><b>2–3 times a week</b></span></span><span style=""font-family: Times New Roman, serif;""><span style=""font-size: medium;""> for best results</span></span></li>\n</ul>\n<span style=""font-family: Times New Roman, serif;""><span style=""font-size: x-large;""><b>Precautions</b></span></span>\n<ul>\n 	<li><span style=""font-family: Times New Roman, serif;""><span style=""font-size: medium;"">For external use only</span></span></li>\n 	<li><span style=""font-family: Times New Roman, serif;""><span style=""font-size: medium;"">Avoid contact with eyes</span></span></li>\n 	<li><span style=""font-family: Times New Roman, serif;""><span style=""font-size: medium;"">Store in a cool &amp; dry place</span></span></li>\n 	<li><span style=""font-family: Times New Roman, serif;""><span style=""font-size: medium;"">Keep away from children</span></span></li>\n</ul>",,,taxable,,1,80,,1,0,,,,,1,,300,400,"Deals, Flash Sale slider, Health Collections, Home first slider, Products","Hair Fall Control Shampoo, Herbal Hair Growth Shampoo, Herbal Hair Shampoo, Herbo Silk Shampoo, Natural Shampoo Pakistan, Unani Shampoo",,"https://tameeresehat.com/wp-content/uploads/2026/01/Gemini_Generated_Image_ujd5uvujd5uvujd5.png, https://tameeresehat.com/wp-content/uploads/2026/01/Gemini_Generated_Image_tjgmp5tjgmp5tjgm.png, https://tameeresehat.com/wp-content/uploads/2026/01/Gemini_Generated_Image_6csn16csn16csn16.png",,,,,,,,,0,Tmeer-e-sehat,"Net Volume","125 ml",1,0,,1,,0,,no,,,2
8814,simple,TM-12G-001,,"Tahiri Marham – Herbal Healing Ointment",1,0,visible,"<ul>\n 	<li><span style=""font-family: Jameel Noori Nastaleeq, serif;""><span style=""font-size: large;"">Relieves </span></span><span style=""font-family: Jameel Noori Nastaleeq, serif;""><span style=""font-size: large;""><b>skin itching &amp; irritation</b></span></span></li>\n 	<li><span style=""font-family: Jameel Noori Nastaleeq, serif;""><span style=""font-size: large;"">Helpful in </span></span><span style=""font-family: Jameel Noori Nastaleeq, serif;""><span style=""font-size: large;""><b>eczema &amp; ringworm</b></span></span></li>\n 	<li><span style=""font-family: Jameel Noori Nastaleeq, serif;""><span style=""font-size: large;"">Effective for </span></span><span style=""font-family: Jameel Noori Nastaleeq, serif;""><span style=""font-size: large;""><b>fungal skin infections</b></span></span></li>\n 	<li><span style=""font-family: Jameel Noori Nastaleeq, serif;""><span style=""font-size: large;"">Soothes </span></span><span style=""font-family: Jameel Noori Nastaleeq, serif;""><span style=""font-size: large;""><b>itchy scalp</b></span></span></li>\n 	<li><span style=""font-family: Jameel Noori Nastaleeq, serif;""><span style=""font-size: large;"">Useful for </span></span><span style=""font-family: Jameel Noori Nastaleeq, serif;""><span style=""font-size: large;""><b>cuts, burns &amp; insect bites</b></span></span></li>\n 	<li><span style=""font-family: Jameel Noori Nastaleeq, serif;""><span style=""font-size: large;"">Acts as a </span></span><span style=""font-family: Jameel Noori Nastaleeq, serif;""><span style=""font-size: large;""><b>natural antiseptic</b></span></span></li>\n</ul>","<span style=""font-family: Jameel Noori Nastaleeq, serif;""><span style=""font-size: x-large;""><b>Product Short Description</b></span></span>\n\n<span style=""font-family: Jameel Noori Nastaleeq, serif;""><span style=""font-size: large;"">Tahiri Marham is a traditional Unani herbal ointment used for skin allergies, itching, eczema, ringworm, and itchy scalp. It provides quick relief from irritation, redness, and minor skin infections.</span></span>\n\n🟦 <span style=""font-family: Jameel Noori Nastaleeq, serif;""><span style=""font-size: x-large;""><b>Product Description</b></span></span>\n\n<span style=""font-family: Jameel Noori Nastaleeq, serif;""><span style=""font-size: large;""><b>Tahiri Marham</b></span></span><span style=""font-family: Jameel Noori Nastaleeq, serif;""><span style=""font-size: large;""> is a well-known traditional </span></span><span style=""font-family: Jameel Noori Nastaleeq, serif;""><span style=""font-size: large;""><b>Unani antiseptic herbal ointment</b></span></span><span style=""font-family: Jameel Noori Nastaleeq, serif;""><span style=""font-size: large;""> specially formulated to relieve a wide range of skin problems. It has been used for generations due to its fast-acting and soothing properties.</span></span>\n\n<span style=""font-family: Jameel Noori Nastaleeq, serif;""><span style=""font-size: large;"">This herbal marham is highly effective for </span></span><span style=""font-family: Jameel Noori Nastaleeq, serif;""><span style=""font-size: large;""><b>skin itching, fungal infections, ringworm, eczema, and allergic rashes</b></span></span><span style=""font-family: Jameel Noori Nastaleeq, serif;""><span style=""font-size: large;"">. It also works excellently for </span></span><span style=""font-family: Jameel Noori Nastaleeq, serif;""><span style=""font-size: large;""><b>itchy scalp</b></span></span><span style=""font-family: Jameel Noori Nastaleeq, serif;""><span style=""font-size: large;"">, minor cuts, burns, insect bites, and hemorrhoids.</span></span>\n\n<span style=""font-family: Jameel Noori Nastaleeq, serif;""><span style=""font-size: large;"">Tahiri Marham helps calm irritated skin, reduces redness, and supports natural skin healing. Its herbal formulation makes it suitable for external use on sensitive skin areas when used as directed.</span></span>\n\n🟦 <span style=""font-family: Jameel Noori Nastaleeq, serif;""><span style=""font-size: x-large;""><b>Key Benefits</b></span></span>\n<ul>\n 	<li><span style=""font-family: Jameel Noori Nastaleeq, serif;""><span style=""font-size: large;"">Relieves </span></span><span style=""font-family: Jameel Noori Nastaleeq, serif;""><span style=""font-size: large;""><b>skin itching &amp; irritation</b></span></span></li>\n 	<li><span style=""font-family: Jameel Noori Nastaleeq, serif;""><span style=""font-size: large;"">Helpful in </span></span><span style=""font-family: Jameel Noori Nastaleeq, serif;""><span style=""font-size: large;""><b>eczema &amp; ringworm</b></span></span></li>\n 	<li><span style=""font-family: Jameel Noori Nastaleeq, serif;""><span style=""font-size: large;"">Effective for </span></span><span style=""font-family: Jameel Noori Nastaleeq, serif;""><span style=""font-size: large;""><b>fungal skin infections</b></span></span></li>\n 	<li><span style=""font-family: Jameel Noori Nastaleeq, serif;""><span style=""font-size: large;"">Soothes </span></span><span style=""font-family: Jameel Noori Nastaleeq, serif;""><span style=""font-size: large;""><b>itchy scalp</b></span></span></li>\n 	<li><span style=""font-family: Jameel Noori Nastaleeq, serif;""><span style=""font-size: large;"">Useful for </span></span><span style=""font-family: Jameel Noori Nastaleeq, serif;""><span style=""font-size: large;""><b>cuts, burns &amp; insect bites</b></span></span></li>\n 	<li><span style=""font-family: Jameel Noori Nastaleeq, serif;""><span style=""font-size: large;"">Acts as a </span></span><span style=""font-family: Jameel Noori Nastaleeq, serif;""><span style=""font-size: large;""><b>natural antiseptic</b></span></span></li>\n</ul>\n🟦 <span style=""font-family: Jameel Noori Nastaleeq, serif;""><span style=""font-size: x-large;""><b>How to Use</b></span></span>\n<ul>\n 	<li><span style=""font-family: Jameel Noori Nastaleeq, serif;""><span style=""font-size: large;"">Clean and dry the affected area</span></span></li>\n 	<li><span style=""font-family: Jameel Noori Nastaleeq, serif;""><span style=""font-size: large;"">Apply a thin layer of Tahiri Marham</span></span></li>\n 	<li><span style=""font-family: Jameel Noori Nastaleeq, serif;""><span style=""font-size: large;"">Use </span></span><span style=""font-family: Jameel Noori Nastaleeq, serif;""><span style=""font-size: large;""><b>2–3 times daily</b></span></span><span style=""font-family: Jameel Noori Nastaleeq, serif;""><span style=""font-size: large;""> or as advised</span></span></li>\n</ul>\n<span style=""font-family: Jameel Noori Nastaleeq, serif;""><span style=""font-size: x-large;""><b>For external use only</b></span></span>\n\n🟦 <span style=""font-family: Jameel Noori Nastaleeq, serif;""><span style=""font-size: x-large;""><b>Precautions</b></span></span>\n<ul>\n 	<li><span style=""font-family: Jameel Noori Nastaleeq, serif;""><span style=""font-size: large;"">Avoid contact with eyes</span></span></li>\n 	<li><span style=""font-family: Jameel Noori Nastaleeq, serif;""><span style=""font-size: large;"">Keep away from children</span></span></li>\n 	<li><span style=""font-family: Jameel Noori Nastaleeq, serif;""><span style=""font-size: large;"">Discontinue use if irritation increases</span></span></li>\n 	<li><span style=""font-family: Jameel Noori Nastaleeq, serif;""><span style=""font-size: large;"">Store in a cool, dry place</span></span></li>\n</ul>\n🟦 <span style=""font-family: Jameel Noori Nastaleeq, serif;""><span style=""font-size: x-large;""><b>Variations</b></span></span>",,,taxable,,1,97,,0,0,,,,,1,,150,200,"Flash Sale slider, Health Collections, Home first slider, Products","Eczema Herbal Cream, Herbal Marham, Ringworm Treatment, Skin Itching Medicine, Tahiri Marham, Unani Skin Ointment",,"https://tameeresehat.com/wp-content/uploads/2026/01/Gemini_Generated_Image_lnfb66lnfb66lnfb.png, https://tameeresehat.com/wp-content/uploads/2026/01/Gemini_Generated_Image_b3jbujb3jbujb3jb.png, https://tameeresehat.com/wp-content/uploads/2026/01/Gemini_Generated_Image_qpsoblqpsoblqpso.png",,,,,,,,,0,Tmeer-e-sehat,weight,"12 gm",1,1,,1,,0,,no,,,7
9676,simple,JZ-OIL-30ML-001-1,,"Sample Product - Dry Fruit pack",1,0,visible,,,,,taxable,,1,78,,0,0,,,,,1,,500,580,"Deals, Dry Fruits, Home first slider, Products",,,https://tameeresehat.com/wp-content/uploads/2026/02/Mixed-Nuts-🥜_-Winter-Fruit-_-Warm-Winter-_-Good-Health-_-All-time-Favourites-_-Movie-Nights.jpg,,,,,,,,,0,Tmeer-e-sehat,"Net volume",30ml,1,0,,1,,0,,no,,,3
9677,simple,JZ-OIL-30ML-001-2,,"Sample Product - Shampoo Jambo Pack",1,0,visible,,,,,taxable,,1,80,,0,0,,,,,1,,500,580,"Deals, Flash Sale slider, Home first slider, Products",,,https://tameeresehat.com/wp-content/uploads/2026/02/Herbalista-Viral-Herbal-Hair-Care-Bundle-–-Shampoo-Conditioner-Set-1000ml-33_8-fl-oz-Each-–-With-Real-Botanicals-–-Strengthens-Nourishes-Smooths-–-100-Natural-Handcrafted.jpg,,,,,,,,,0,Tmeer-e-sehat,"Net volume",30ml,1,0,,1,,0,,no,,,3
9738,simple,,,"Abrak Safaid (White Mica)",1,0,visible,"A high-quality natural mineral found in shiny, thin flakes, traditionally used in purified form to support nervous and physical strength.","<p data-path-to-node=""2,2,1,0,0""><b data-path-to-node=""2,2,1,0,0"" data-index-in-node=""0"">Overview:</b> Abrak Safaid (Mica Alba) is a silvery-white mineral belonging to the mica group. In traditional medicine, it is processed into a calcined form (Kushta) to ensure safety and effectiveness.</p>\n<p data-path-to-node=""2,2,1,1,0""><b data-path-to-node=""2,2,1,1,0"" data-index-in-node=""0"">Health Benefits:</b> It acts as a powerful nervine tonic (Maqwi-e-Asab) and helps in overcoming general body weakness and debility.</p>\n<p data-path-to-node=""2,2,1,2,0""><b data-path-to-node=""2,2,1,2,0"" data-index-in-node=""0"">Therapeutic Actions:</b> Known for its properties as a resolvent of wind (Muhallil-e-Riyah) and a tonic for the heart and brain.</p>\n<p data-path-to-node=""2,2,1,3,0""><b data-path-to-node=""2,2,1,3,0"" data-index-in-node=""0"">Origin:</b> Sourced from mountainous regions in India, China, and Afghanistan.</p>",,,taxable,,1,,,0,0,,,,,1,,200,400,Herbs,,,https://tameeresehat.com/wp-content/uploads/2026/02/images.jpg,,,,,,,,,0,Tmeer-e-sehat,,,,,,1,8,0,,no,97,28,
9742,simple,,,"Abrak Siah (Black Mica)",1,0,visible,"<p data-path-to-node=""4,1,0"">A dark, lustrous mineral used specifically for respiratory health and strengthening vital organs.</p>\n<p data-path-to-node=""4,2,0""></p>","<p data-path-to-node=""4,2,1,0,0""><b data-path-to-node=""4,2,1,0,0"" data-index-in-node=""0"">Overview:</b> Also known as Abrak Siyah or Black Mica, this mineral consists of easily separable layers. It is strictly used in its calcined (Kushta) form to prevent toxicity.</p>\n<p data-path-to-node=""4,2,1,1,0""><b data-path-to-node=""4,2,1,1,0"" data-index-in-node=""0"">Key Uses:</b> Highly effective for treating chronic cough, phlegmatic disorders, and providing strength to the heart and nerves.</p>\n<p data-path-to-node=""4,2,1,2,0""><b data-path-to-node=""4,2,1,2,0"" data-index-in-node=""0"">Temperament:</b> Classified as Cold and Dry (Second degree).</p>\n<p data-path-to-node=""4,2,1,3,0""><b data-path-to-node=""4,2,1,3,0"" data-index-in-node=""0"">Usage Note:</b> Usually administered with honey or butter to enhance absorption and effectiveness.</p>",,,taxable,,1,,,0,0,,,,,1,,200,400,Herbs,,,https://tameeresehat.com/wp-content/uploads/2026/02/images-2.jpg,,,,,,,,,0,Tmeer-e-sehat,,,,,,1,8,0,,no,97,28,
9744,simple,,,"Aloe Vera (Aelwa)",1,0,visible,"A versatile medicinal plant renowned for its cooling gel, used extensively for skin care, digestion, and wound healing.","<p data-path-to-node=""6,2,1,0,0""><b data-path-to-node=""6,2,1,0,0"" data-index-in-node=""0"">Overview:</b> Aloe barbadensis miller (Gwarpatha) is a succulent plant containing a nutrient-rich transparent gel.</p>\n<p data-path-to-node=""6,2,1,1,0""><b data-path-to-node=""6,2,1,1,0"" data-index-in-node=""0"">Benefits:</b> It serves as a natural remedy for constipation, skin burns, and allergies. It also strengthens the immune system and promotes hair health.</p>\n<p data-path-to-node=""6,2,1,2,0""><b data-path-to-node=""6,2,1,2,0"" data-index-in-node=""0"">Application:</b> The gel can be consumed in juices or applied topically as a mask or soothing cream for skin irritations.</p>\n<p data-path-to-node=""6,2,1,3,0""><b data-path-to-node=""6,2,1,3,0"" data-index-in-node=""0"">Origin:</b> Native to the Arabian Peninsula and North Africa.</p>",,,taxable,,1,,,0,0,,,,,1,,300,400,Herbs,,,https://tameeresehat.com/wp-content/uploads/2026/02/images-3.jpg,,,,,,,,,0,Tmeer-e-sehat,,,,,,1,8,0,,no,97,28,
9745,simple,,,"Ajwain Desi (Bishop’s Weed)",1,0,visible,"Small, highly aromatic seeds famous for their instant relief in digestive issues and respiratory discomfort.","<p data-path-to-node=""8,2,1,0,0""><b data-path-to-node=""8,2,1,0,0"" data-index-in-node=""0"">Overview:</b> Trachyspermum ammi is a pungent, slightly bitter seed used both as a culinary spice and a medicinal herb.</p>\n<p data-path-to-node=""8,2,1,1,0""><b data-path-to-node=""8,2,1,1,0"" data-index-in-node=""0"">Medicinal Value:</b> Excellent for improving digestion, relieving gas, and treating common colds, coughs, and acidity.</p>\n<p data-path-to-node=""8,2,1,2,0""><b data-path-to-node=""8,2,1,2,0"" data-index-in-node=""0"">Culinary Use:</b> Enhances flavor in lentils, vegetables, and traditional savory dishes.</p>\n<p data-path-to-node=""8,2,1,3,0""><b data-path-to-node=""8,2,1,3,0"" data-index-in-node=""0"">Temperament:</b> Warm and Dry.</p>",,,taxable,,1,,,0,0,,,,,1,,200,400,Herbs,,,https://tameeresehat.com/wp-content/uploads/2026/02/download-2.jpg,,,,,,,,,0,,,,,,,1,9,0,,no,97,,
9746,simple,,,"Ajwain Karafs (Celery Seeds)",1,0,visible,"Mildly sweet and aromatic seeds of the celery plant, used to treat stomach ailments and enhance food aroma.","<p data-path-to-node=""10,2,1,0,0""><b data-path-to-node=""10,2,1,0,0"" data-index-in-node=""0"">Overview:</b> Apium graveolens seeds, resembling Desi Ajwain but with a more subtle flavor profile.</p>\n<p data-path-to-node=""10,2,1,1,0""><b data-path-to-node=""10,2,1,1,0"" data-index-in-node=""0"">Health Benefits:</b> Specifically used to treat colic, phlegm, and general digestive irregularities.</p>\n<p data-path-to-node=""10,2,1,2,0""><b data-path-to-node=""10,2,1,2,0"" data-index-in-node=""0"">Culinary Use:</b> Frequently used as a fragrant spice in soups, meats, and stews.</p>\n<p data-path-to-node=""10,2,1,3,0""><b data-path-to-node=""10,2,1,3,0"" data-index-in-node=""0"">Origin:</b> Primarily cultivated in Europe, North America, and parts of Pakistan/India.</p>",,,taxable,,1,,,0,0,,,,,1,,300,400,Seeds,,,https://tameeresehat.com/wp-content/uploads/2026/02/images-4.jpg,,,,,,,,,0,,,,,,,1,8,0,,no,15,,
9747,simple,,,"Ajwain Kharasan (Black Caraway)",1,0,visible,"A strong, bitter variety of Ajwain known for its darker color and potent medicinal effects on the digestive system.","<p data-path-to-node=""12,2,1,0,0""><b data-path-to-node=""12,2,1,0,0"" data-index-in-node=""0"">Overview:</b> Bunium persicum (Persian Cumin) features longer, thinner, and darker seeds compared to the common variety.</p>\n<p data-path-to-node=""12,2,1,1,0""><b data-path-to-node=""12,2,1,1,0"" data-index-in-node=""0"">Key Actions:</b> Used to reduce phlegm, treat severe stomach pain, and improve appetite.</p>\n<p data-path-to-node=""12,2,1,2,0""><b data-path-to-node=""12,2,1,2,0"" data-index-in-node=""0"">Temperament:</b> Warm and Dry.</p>\n<p data-path-to-node=""12,2,1,3,0""><b data-path-to-node=""12,2,1,3,0"" data-index-in-node=""0"">Origin:</b> Thrives in the dry, cool climates of Khorasan (Iran), Afghanistan, and Northern Pakistan.</p>",,,taxable,,1,,,0,0,,,,,1,,200,400,Herbs,,,https://tameeresehat.com/wp-content/uploads/2026/02/71WIdvuNzAS._AC_UL495_SR435495_.jpg,,,,,,,,,0,Tmeer-e-sehat,,,,,,1,8,0,,no,97,28,
9748,simple,,,"Akas Bail (Dodder)",1,0,visible,"A unique parasitic vine used in traditional medicine to purify the blood and treat neurological conditions.","<p data-path-to-node=""14,2,1,0,0""><b data-path-to-node=""14,2,1,0,0"" data-index-in-node=""0"">Overview:</b> Cuscuta reflexa (Amarbel) is a rootless vine that draws nutrients from host plants.</p>\n<p data-path-to-node=""14,2,1,1,0""><b data-path-to-node=""14,2,1,1,0"" data-index-in-node=""0"">Medical Benefits:</b> It is highly valued for strengthening the brain and nervous system, helping with anxiety, stress, and chronic skin diseases.</p>\n<p data-path-to-node=""14,2,1,2,0""><b data-path-to-node=""14,2,1,2,0"" data-index-in-node=""0"">Action:</b> Acts as a natural blood purifier and aids in the expulsion of excess black bile and phlegm.</p>\n<p data-path-to-node=""14,2,1,3,0""><b data-path-to-node=""14,2,1,3,0"" data-index-in-node=""0"">Usage:</b> Commonly consumed as a decoction (Joshanda).</p>",,,taxable,,1,,,0,0,,,,,1,,300,400,Herbs,,,https://tameeresehat.com/wp-content/uploads/2026/02/images-5.jpg,,,,,,,,,0,Tmeer-e-sehat,,,,,,1,8,0,,no,97,28,
9749,simple,,,"Amba Haldi (Mango Ginger)",1,0,visible,"A unique variety of turmeric that looks like ginger but carries the fresh, tropical aroma of raw mangoes.","<p data-path-to-node=""16,2,1,0,0""><b data-path-to-node=""16,2,1,0,0"" data-index-in-node=""0"">Overview:</b> Curcuma amada is a potent anti-inflammatory herb used for both internal health and external skin treatments.</p>\n<p data-path-to-node=""16,2,1,1,0""><b data-path-to-node=""16,2,1,1,0"" data-index-in-node=""0"">Health Benefits:</b> It strengthens the stomach and liver, aids digestion, and helps in clearing toxins from the blood.</p>\n<p data-path-to-node=""16,2,1,2,0""><b data-path-to-node=""16,2,1,2,0"" data-index-in-node=""0"">External Use:</b> Often applied as a paste to heal wounds and reduce joint pain and swelling.</p>\n<p data-path-to-node=""16,2,1,3,0""><b data-path-to-node=""16,2,1,3,0"" data-index-in-node=""0"">Origin:</b> Southeast Asia, including India and Sri Lanka.</p>",,,taxable,,1,,,0,0,,,,,1,,200,400,Herbs,,,https://tameeresehat.com/wp-content/uploads/2026/02/download-3.jpg,,,,,,,,,0,Tmeer-e-sehat,,,,,,1,8,0,,no,97,28,
9750,simple,,,"Andarjo Sheerin (Sweet Aloe Resin)",1,0,visible,"A natural dried resin derived from the Aloe plant, used as a mild laxative and liver stimulant.","<p data-path-to-node=""18,2,1,0,0""><b data-path-to-node=""18,2,1,0,0"" data-index-in-node=""0"">Overview:</b> Also known as Sabr, this reddish-brown resin is slightly sweet compared to the ""Talkh"" variety.</p>\n<p data-path-to-node=""18,2,1,1,0""><b data-path-to-node=""18,2,1,1,0"" data-index-in-node=""0"">Medicinal Actions:</b> It stimulates the liver, cleanses the intestines, and acts as a potent treatment for intestinal worms.</p>\n<p data-path-to-node=""18,2,1,2,0""><b data-path-to-node=""18,2,1,2,0"" data-index-in-node=""0"">Usage:</b> Effective for treating chronic constipation and expelling harmful humors from the body.</p>\n<p data-path-to-node=""18,2,1,3,0""><b data-path-to-node=""18,2,1,3,0"" data-index-in-node=""0"">Origin:</b> Arabia, Yemen, and Africa.</p>",,,taxable,,1,,,0,0,,,,,1,,,,Herbs,,,https://tameeresehat.com/wp-content/uploads/2026/02/images-6-e1770142445750.jpg,,,,,,,,,0,Tmeer-e-sehat,,,,,,1,9,0,,no,97,28,
9751,simple,,,"Andarjo Talkh (Bitter Aloes)",1,0,visible,"An extremely bitter, dark resin used as a powerful internal cleanser for severe digestive stagnation.","<ul>\n 	<li>\n<p data-path-to-node=""20,2,1,0,0""><b data-path-to-node=""20,2,1,0,0"" data-index-in-node=""0"">Overview:</b> A highly concentrated form of Aloe resin that leaves a long-lasting bitter taste on the tongue.</p>\n</li>\n 	<li>\n<p data-path-to-node=""20,2,1,1,0""><b data-path-to-node=""20,2,1,1,0"" data-index-in-node=""0"">Key Benefits:</b> Acts as a strong purgative to clear severe constipation, stimulate the spleen and liver, and eliminate stubborn intestinal parasites.</p>\n</li>\n 	<li>\n<p data-path-to-node=""20,2,1,2,0""><b data-path-to-node=""20,2,1,2,0"" data-index-in-node=""0"">Warning:</b> Due to its high potency, it should be used in very small doses and is strictly avoided during pregnancy.</p>\n</li>\n 	<li>\n<p data-path-to-node=""20,2,1,3,0""><b data-path-to-node=""20,2,1,3,0"" data-index-in-node=""0"">Origin:</b> Africa (Somalia) and Yemen.</p>\n</li>\n</ul>",,,taxable,,1,,,0,0,,,,,1,,1599,3200,Herbs,,,https://tameeresehat.com/wp-content/uploads/2026/02/download-4.jpg,,,,,,,,,0,Tmeer-e-sehat,,,,,,1,9,0,,no,97,28,
9758,simple,,,"Aqaqia (Acacia)",1,0,visible,"An aromatic herbal extract derived from the Acacia tree, traditionally used for digestive health and respiratory support.","<p data-path-to-node=""2,2,1,0,0""><b data-path-to-node=""2,2,1,0,0"" data-index-in-node=""0"">Scientific Name:</b> <i data-path-to-node=""2,2,1,0,0"" data-index-in-node=""17"">Acacia nilotica</i>.</p>\n<p data-path-to-node=""2,2,1,1,0""><b data-path-to-node=""2,2,1,1,0"" data-index-in-node=""0"">Health Benefits:</b> Known for its ability to improve digestion, relieve constipation, and protect the liver and stomach lining.</p>\n<p data-path-to-node=""2,2,1,2,0""><b data-path-to-node=""2,2,1,2,0"" data-index-in-node=""0"">Respiratory Support:</b> Highly effective in managing respiratory issues and strengthening the immune system.</p>\n<p data-path-to-node=""2,2,1,3,0""><b data-path-to-node=""2,2,1,3,0"" data-index-in-node=""0"">Usage:</b> The gum or resin can be taken with milk or water, or applied as a paste for skin conditions.</p>",,,taxable,,1,,,0,0,,,,,1,,500,580,Herbs,,,https://tameeresehat.com/wp-content/uploads/2026/02/images-7.jpg,,,,,,,,,0,Tmeer-e-sehat,,,,,,1,8,0,,no,97,28,
9759,simple,,,"Ararot (Arrowroot)",1,0,visible,"A light, easily digestible natural starch obtained from rhizomes, ideal for cooling the body and soothing the stomach.","<p data-path-to-node=""4,2,1,0,0""><b data-path-to-node=""4,2,1,0,0"" data-index-in-node=""0"">Scientific Name:</b> <i data-path-to-node=""4,2,1,0,0"" data-index-in-node=""17"">Maranta arundinacea</i>.</p>\n<p data-path-to-node=""4,2,1,1,0""><b data-path-to-node=""4,2,1,1,0"" data-index-in-node=""0"">Digestive Strength:</b> Traditionally used to treat diarrhea and dysentery while providing essential nourishment during recovery from illness.</p>\n<p data-path-to-node=""4,2,1,2,0""><b data-path-to-node=""4,2,1,2,0"" data-index-in-node=""0"">Cooling Properties:</b> Provides a calming effect on the intestines and helps combat dehydration and heat exhaustion.</p>\n<p data-path-to-node=""4,2,1,3,0""><b data-path-to-node=""4,2,1,3,0"" data-index-in-node=""0"">Usage:</b> Commonly mixed into soups, milk, or water as a thickening agent or nutritional supplement.</p>",,,taxable,,1,,,0,0,,,,,1,,300,580,Herbs,,,https://tameeresehat.com/wp-content/uploads/2026/02/images-8.jpg,,,,,,,,,0,Tmeer-e-sehat,,,,,,1,8,0,,no,97,28,
9760,simple,,,"Asaroon (Wild Ginger)",1,0,visible,"A potent aromatic root used in traditional medicine as a brain and nerve tonic.","<p data-path-to-node=""6,2,1,0,0""><b data-path-to-node=""6,2,1,0,0"" data-index-in-node=""0"">Scientific Name:</b> <i data-path-to-node=""6,2,1,0,0"" data-index-in-node=""17"">Asarum europaeum</i>.</p>\n<p data-path-to-node=""6,2,1,1,0""><b data-path-to-node=""6,2,1,1,0"" data-index-in-node=""0"">Cognitive Benefits:</b> Acts as a powerful brain tonic that enhances memory and helps treat headaches and phlegmatic disorders.</p>\n<p data-path-to-node=""6,2,1,2,0""><b data-path-to-node=""6,2,1,2,0"" data-index-in-node=""0"">Nerve Support:</b> Traditionally used as a supportive therapy for nervous weakness and respiratory congestion.</p>\n<p data-path-to-node=""6,2,1,3,0""><b data-path-to-node=""6,2,1,3,0"" data-index-in-node=""0"">Usage:</b> Administered in powder or decoction form, often as an ingredient in complex herbal formulations</p>",,,taxable,,1,,,0,0,,,,,1,,500,580,Herbs,,,https://tameeresehat.com/wp-content/uploads/2026/02/images-9.jpg,,,,,,,,,0,,,,,,,1,9,0,,no,97,,
9761,simple,,,"Asgand Nagori (Indian Spikenard)",1,0,visible,"A premium aromatic herb valued for its ability to calm the mind, improve sleep quality, and relieve body pain.","<p data-path-to-node=""8,2,1,0,0""><b data-path-to-node=""8,2,1,0,0"" data-index-in-node=""0"">Key Benefits:</b> Specifically targeted toward nervous system disorders, joint pain, and physical fatigue.</p>\n<p data-path-to-node=""8,2,1,1,0""><b data-path-to-node=""8,2,1,1,0"" data-index-in-node=""0"">Digestive Aid:</b> Helps in relieving constipation and improving overall metabolic health.</p>\n<p data-path-to-node=""8,2,1,2,0""><b data-path-to-node=""8,2,1,2,0"" data-index-in-node=""0"">Usage:</b> The dried root is typically powdered and taken with milk or warm water, particularly in the evening for better rest.</p>\n\n<h3 data-path-to-node=""9""></h3>",,,taxable,,1,,,0,0,,,,,1,,500,580,Herbs,,,https://tameeresehat.com/wp-content/uploads/2026/02/images-10.jpg,,,,,,,,,0,Tmeer-e-sehat,,,,,,1,8,0,,no,97,28,
9762,simple,,,"Ashok Bark (Ashoka)",1,0,visible,"A legendary herbal bark used for centuries to support female reproductive health and regulate natural cycles.","<p data-path-to-node=""10,2,1,0,0""><b data-path-to-node=""10,2,1,0,0"" data-index-in-node=""0"">Scientific Name:</b> <i data-path-to-node=""10,2,1,0,0"" data-index-in-node=""17"">Saraca asoca</i>.</p>\n<p data-path-to-node=""10,2,1,1,0""><b data-path-to-node=""10,2,1,1,0"" data-index-in-node=""0"">Women’s Wellness:</b> Famous for regulating menstrual cycles, purifying the blood, and supporting uterine health.</p>\n<p data-path-to-node=""10,2,1,2,0""><b data-path-to-node=""10,2,1,2,0"" data-index-in-node=""0"">Healing Properties:</b> Also used to improve digestion and promote the healing of internal and external wounds.</p>\n<p data-path-to-node=""10,2,1,3,0""><b data-path-to-node=""10,2,1,3,0"" data-index-in-node=""0"">Usage:</b> Consumed as a powder with water or milk, or used topically as a healing paste.</p>",,,taxable,,1,,,0,0,,,,,1,,300,580,Herbs,,,https://tameeresehat.com/wp-content/uploads/2026/02/41WZwdjADhL._AC_UF10001000_QL80_.jpg,,,,,,,,,0,,,,,,,1,8,0,,no,97,,
9763,simple,,,"Babchi (Psoralea Seeds)",1,0,visible,"A powerful medicinal seed widely used for treating skin disorders like vitiligo and enhancing physical vitality.","<p data-path-to-node=""12,2,1,0,0""><b data-path-to-node=""12,2,1,0,0"" data-index-in-node=""0"">Scientific Name:</b> <i data-path-to-node=""12,2,1,0,0"" data-index-in-node=""17"">Psoralea corylifolia</i>.</p>\n<p data-path-to-node=""12,2,1,1,0""><b data-path-to-node=""12,2,1,1,0"" data-index-in-node=""0"">Skin Health:</b> Highly valued for treating white patches (vitiligo) and improving overall skin texture and immunity.</p>\n<p data-path-to-node=""12,2,1,2,0""><b data-path-to-node=""12,2,1,2,0"" data-index-in-node=""0"">Vitality:</b> Traditionally used to boost sexual health, energy levels, and reduce body inflammation.</p>\n<p data-path-to-node=""12,2,1,3,0""><b data-path-to-node=""12,2,1,3,0"" data-index-in-node=""0"">Usage:</b> Can be used as a powder, decoction, or processed into oil for topical application.</p>",,,taxable,,1,,,0,0,,,,,1,,,,Seeds,,,https://tameeresehat.com/wp-content/uploads/2026/02/images-11.jpg,,,,,,,,,0,,,,,,,1,8,0,,no,,,
9764,simple,,,"Balchar (Muskroot)",1,0,visible,"An aromatic root known for generating internal warmth and supporting the liver and respiratory system.","<p data-path-to-node=""14,2,1,0,0""><b data-path-to-node=""14,2,1,0,0"" data-index-in-node=""0"">Scientific Name:</b> <i data-path-to-node=""14,2,1,0,0"" data-index-in-node=""17"">Saussurea lappa</i>.</p>\n<p data-path-to-node=""14,2,1,1,0""><b data-path-to-node=""14,2,1,1,0"" data-index-in-node=""0"">Therapeutic Actions:</b> Strengthens the stomach and liver, improves digestion, and provides relief from joint and muscle pain.</p>\n<p data-path-to-node=""14,2,1,2,0""><b data-path-to-node=""14,2,1,2,0"" data-index-in-node=""0"">Hair Care:</b> Often infused in oils to promote hair growth and scalp health.</p>\n<p data-path-to-node=""14,2,1,3,0""><b data-path-to-node=""14,2,1,3,0"" data-index-in-node=""0"">Usage:</b> Taken as a powder or decoction for internal health or mixed with oils for external massage.</p>",,,taxable,,1,,,0,0,,,,,1,,200,580,Herbs,,,https://tameeresehat.com/wp-content/uploads/2026/02/Indian-Valerian-Mushk-Bala-430x430-1.webp,,,,,,,,,0,Tmeer-e-sehat,,,,,,1,8,0,,no,97,28,
9765,simple,,,"Black Cardamom (Bari Ilaichi)",1,0,visible,"Large, smoky-flavored cardamom pods that serve as both a gourmet spice and a remedy for heart and lung health","<ul>\n 	<li>\n<p data-path-to-node=""16,2,1,0,0""><b data-path-to-node=""16,2,1,0,0"" data-index-in-node=""0"">Key Uses:</b> Excellent for relieving stomach gas, colic, and improving heart strength.</p>\n</li>\n 	<li>\n<p data-path-to-node=""16,2,1,1,0""><b data-path-to-node=""16,2,1,1,0"" data-index-in-node=""0"">Respiratory Relief:</b> Helps clear phlegm and provides relief from coughs and common colds.</p>\n</li>\n 	<li>\n<p data-path-to-node=""16,2,1,2,0""><b data-path-to-node=""16,2,1,2,0"" data-index-in-node=""0"">Culinary Value:</b> Adds deep, smoky aroma to savory dishes like curries, lentils, and meat preparations.</p>\n</li>\n</ul>",,,taxable,,1,,,0,0,,,,,1,,300,400,Herbs,,,https://tameeresehat.com/wp-content/uploads/2026/02/images-12-1.jpg,,,,,,,,,0,,,,,,,1,8,0,,no,97,,
9766,simple,,,"Behi Dana (Quince Seeds)",1,0,visible,"Natural seeds that form a soothing gel when soaked, used to treat dry coughs and stomach acidity.","<p data-path-to-node=""18,2,1,0,0""><b data-path-to-node=""18,2,1,0,0"" data-index-in-node=""0"">Scientific Name:</b> <i data-path-to-node=""18,2,1,0,0"" data-index-in-node=""17"">Cydonia oblonga</i>.</p>\n<p data-path-to-node=""18,2,1,1,0""><b data-path-to-node=""18,2,1,1,0"" data-index-in-node=""0"">Soothing Effect:</b> The mucilage released by the seeds coats the throat and chest, relieving irritation and hoarseness.</p>\n<p data-path-to-node=""18,2,1,2,0""><b data-path-to-node=""18,2,1,2,0"" data-index-in-node=""0"">Cooling Action:</b> Highly effective for reducing heartburn, stomach burning, and urinary irritation.</p>\n<p data-path-to-node=""18,2,1,3,0""><b data-path-to-node=""18,2,1,3,0"" data-index-in-node=""0"">Usage:</b> Seeds should be soaked in water; only the resulting gel (mucilage) should be consumed.</p>\n\n<h3 data-path-to-node=""19""></h3>",,,taxable,,1,,,0,0,,,,,1,,200,580,Herbs,,,https://tameeresehat.com/wp-content/uploads/2026/02/Se9460c6711db42ef8dfca6d7cc35ad1cu.jpg_720x720q80.jpg,,,,,,,,,0,Tmeer-e-sehat,,,,,,1,8,0,,no,97,28,
9767,simple,,,"Isabgol Bhusi (Psyllium Husk - Indian)",1,0,visible,"A premium source of soluble fiber that effectively manages constipation, acidity, and cholesterol levels.","<p data-path-to-node=""20,2,1,0,0""><b data-path-to-node=""20,2,1,0,0"" data-index-in-node=""0"">Scientific Name:</b> <i data-path-to-node=""20,2,1,0,0"" data-index-in-node=""17"">Plantago ovata</i>.</p>\n<p data-path-to-node=""20,2,1,1,0""><b data-path-to-node=""20,2,1,1,0"" data-index-in-node=""0"">Digestive Regularity:</b> Forms a gel-like substance that cleanses the intestines and promotes regular bowel movements.</p>\n<p data-path-to-node=""20,2,1,2,0""><b data-path-to-node=""20,2,1,2,0"" data-index-in-node=""0"">Heart Health:</b> Regularly consumed to help lower cholesterol and maintain overall cardiovascular health.</p>\n<p data-path-to-node=""20,2,1,3,0""><b data-path-to-node=""20,2,1,3,0"" data-index-in-node=""0"">Usage:</b> Mix with a full glass of water or milk. It is essential to drink plenty of fluids when using this product.</p>",,,taxable,,1,,,0,0,,,,,1,,100,250,Seeds,,,https://tameeresehat.com/wp-content/uploads/2026/02/images-13-1.jpg,,,,,,,,,0,,,,,,,1,8,0,,no,,,
9770,simple,,,"Isabgol Bhusi (Psyllium Husk - Pakistan)",1,0,visible,"A locally sourced, high-purity soluble fiber used as a gentle remedy for constipation and intestinal health.","<p data-path-to-node=""2,2,1,0,0""><b data-path-to-node=""2,2,1,0,0"" data-index-in-node=""0"">Scientific Name:</b> <i data-path-to-node=""2,2,1,0,0"" data-index-in-node=""17"">Plantago ovata</i>.</p>\n<p data-path-to-node=""2,2,1,1,0""><b data-path-to-node=""2,2,1,1,0"" data-index-in-node=""0"">Health Benefits:</b> Effectively relieves constipation, reduces stomach acidity, and aids in lowering cholesterol levels.</p>\n<p data-path-to-node=""2,2,1,2,0""><b data-path-to-node=""2,2,1,2,0"" data-index-in-node=""0"">Mechanism:</b> When mixed with water, it forms a gel-like substance that cleanses the intestines and promotes regularity.</p>\n<p data-path-to-node=""2,2,1,3,0""><b data-path-to-node=""2,2,1,3,0"" data-index-in-node=""0"">Usage:</b> Mix 5–10 grams with water or milk. It is essential to drink plenty of water throughout the day for the fiber to work effectively.</p>",,,taxable,,1,,,0,0,,,,,1,,500,580,Herbs,,,https://tameeresehat.com/wp-content/uploads/2026/02/images-14.jpg,,,,,,,,,0,Tmeer-e-sehat,,,,,,1,8,0,,no,97,28,
9771,simple,,,"Barada Sheesham (Indian Rosewood Sawdust)",1,0,visible,"Finely processed wood powder from the Sheesham tree, primarily used for its skin-healing and anti-inflammatory properties.","<p data-path-to-node=""4,2,1,0,0""><b data-path-to-node=""4,2,1,0,0"" data-index-in-node=""0"">Scientific Name:</b> <i data-path-to-node=""4,2,1,0,0"" data-index-in-node=""17"">Dalbergia sissoo</i>.</p>\n<p data-path-to-node=""4,2,1,1,0""><b data-path-to-node=""4,2,1,1,0"" data-index-in-node=""0"">External Benefits:</b> Highly effective for wound healing, reducing skin inflammation, and treating boils or itching.</p>\n<p data-path-to-node=""4,2,1,2,0""><b data-path-to-node=""4,2,1,2,0"" data-index-in-node=""0"">Joint Care:</b> Often mixed with oils for massage to provide relief from joint and muscle pain.</p>\n<p data-path-to-node=""4,2,1,3,0""><b data-path-to-node=""4,2,1,3,0"" data-index-in-node=""0"">Usage:</b> Applied topically as a paste or powder. Internal use is rare and should only be done under expert supervision.</p>",,,taxable,,1,,,0,0,,,,,1,,300,400,Herbs,,,https://tameeresehat.com/wp-content/uploads/2026/02/images-15.jpg,,,,,,,,,0,Tmeer-e-sehat,,,,,,1,8,0,,no,97,28,
9772,simple,,,"Barg-e-Banafsha (Violet Leaves)",1,0,visible,"Nutrient-rich leaves of the violet plant, traditionally used to treat coughs, fever, and blood-related disorders.","<p data-path-to-node=""6,2,1,0,0""><b data-path-to-node=""6,2,1,0,0"" data-index-in-node=""0"">Scientific Name:</b> <i data-path-to-node=""6,2,1,0,0"" data-index-in-node=""17"">Viola odorata</i>.</p>\n<p data-path-to-node=""6,2,1,1,0""><b data-path-to-node=""6,2,1,1,0"" data-index-in-node=""0"">Key Uses:</b> Widely used to treat respiratory congestion, dry coughs, and common colds.</p>\n<p data-path-to-node=""6,2,1,2,0""><b data-path-to-node=""6,2,1,2,0"" data-index-in-node=""0"">Therapeutic Actions:</b> Acts as a blood purifier and supports healthy liver and stomach functions.</p>\n<p data-path-to-node=""6,2,1,3,0""><b data-path-to-node=""6,2,1,3,0"" data-index-in-node=""0"">Usage:</b> Usually consumed as a herbal tea or decoction.</p>",,,taxable,,1,,,0,0,,,,,1,,500,580,Herbs,,,https://tameeresehat.com/wp-content/uploads/2026/02/91716f4a8bca4f79adef00ddeca843b7.jpg_720x720q80.jpg,,,,,,,,,0,Tmeer-e-sehat,,,,,,1,8,0,,no,97,28,
9773,simple,,,"Barg-e-Beri (Mulberry Leaves)",1,0,visible,"High-quality mulberry leaves valued for their ability to regulate blood sugar levels and boost the immune system.","<p data-path-to-node=""8,2,1,0,0""><b data-path-to-node=""8,2,1,0,0"" data-index-in-node=""0"">Scientific Name:</b> <i data-path-to-node=""8,2,1,0,0"" data-index-in-node=""17"">Morus alba</i>.</p>\n<p data-path-to-node=""8,2,1,1,0""><b data-path-to-node=""8,2,1,1,0"" data-index-in-node=""0"">Metabolic Health:</b> Frequently used by diabetic patients to help maintain healthy glucose levels.</p>\n<p data-path-to-node=""8,2,1,2,0""><b data-path-to-node=""8,2,1,2,0"" data-index-in-node=""0"">Digestive Aid:</b> Helps relieve constipation and serves as a natural blood purifier.</p>\n<p data-path-to-node=""8,2,1,3,0""><b data-path-to-node=""8,2,1,3,0"" data-index-in-node=""0"">Usage:</b> Can be taken as a powder or brewed into a health-promoting tea.</p>",,,taxable,,1,,,0,0,,,,,1,,500,580,Herbs,,,https://tameeresehat.com/wp-content/uploads/2026/02/OIP-5.webp,,,,,,,,,0,,,,,,,1,8,0,,no,97,,
9774,simple,,,"Barg-e-Gaozaban (Borage Leaves)",1,0,visible,"A calming herbal leaf known for its ability to strengthen the heart and soothe the nervous system during times of stress.","<ul>\n 	<li>\n<p data-path-to-node=""10,2,1,0,0""><b data-path-to-node=""10,2,1,0,0"" data-index-in-node=""0"">Scientific Name:</b> <i data-path-to-node=""10,2,1,0,0"" data-index-in-node=""17"">Borago officinalis</i>.</p>\n</li>\n 	<li>\n<p data-path-to-node=""10,2,1,1,0""><b data-path-to-node=""10,2,1,1,0"" data-index-in-node=""0"">Emotional Well-being:</b> Traditionally used to alleviate anxiety, restlessness, and low mood (exhilarant).</p>\n</li>\n 	<li>\n<p data-path-to-node=""10,2,1,2,0""><b data-path-to-node=""10,2,1,2,0"" data-index-in-node=""0"">Physical Benefits:</b> Helps reduce fever and acts as a natural blood purifier.</p>\n</li>\n 	<li>\n<p data-path-to-node=""10,2,1,3,0""><b data-path-to-node=""10,2,1,3,0"" data-index-in-node=""0"">Usage:</b> Taken as a decoction or tea; not recommended for use during pregnancy.</p>\n</li>\n</ul>",,,taxable,,1,,,0,0,,,,,1,,500,580,Herbs,,,https://tameeresehat.com/wp-content/uploads/2026/02/download-3.webp,,,,,,,,,0,Tmeer-e-sehat,,,,,,1,8,0,,no,97,28,,,,
9775,simple,,,"Barg-e-Henna (Henna Leaves)",1,0,visible,"Natural aromatic leaves used for their cooling effect, wound-healing properties, and as a traditional hair conditioner.","<p data-path-to-node=""12,2,1,0,0""><b data-path-to-node=""12,2,1,0,0"" data-index-in-node=""0"">Scientific Name:</b> <i data-path-to-node=""12,2,1,0,0"" data-index-in-node=""17"">Lawsonia inermis</i>.</p>\n<p data-path-to-node=""12,2,1,1,0""><b data-path-to-node=""12,2,1,1,0"" data-index-in-node=""0"">Hair Benefits:</b> Strengthens hair roots, adds natural shine, and treats scalp itching.</p>\n<p data-path-to-node=""12,2,1,2,0""><b data-path-to-node=""12,2,1,2,0"" data-index-in-node=""0"">Skin Support:</b> Used topically to soothe minor wounds, skin allergies, and inflammation.</p>\n<p data-path-to-node=""12,2,1,3,0""><b data-path-to-node=""12,2,1,3,0"" data-index-in-node=""0"">Usage:</b> The dried powder is made into a paste for external application on the hair or skin.</p>\n\n<h3 data-path-to-node=""13""></h3>",,,taxable,,1,,,0,0,,,,,1,,300,400,Herbs,,,https://tameeresehat.com/wp-content/uploads/2026/02/OIP-4.webp,,,,,,,,,0,Tmeer-e-sehat,,,,,,1,8,0,,no,97,28,,,,
9776,simple,,,"Barg-e-Ma’safar (Safflower Leaves)",1,0,visible,"Potent herbal leaves used to detoxify the body, purify the blood, and manage joint-related inflammation.","<p data-path-to-node=""14,2,1,0,0""><b data-path-to-node=""14,2,1,0,0"" data-index-in-node=""0"">Scientific Name:</b> <i data-path-to-node=""14,2,1,0,0"" data-index-in-node=""17"">Carthamus tinctorius</i>.</p>\n<p data-path-to-node=""14,2,1,1,0""><b data-path-to-node=""14,2,1,1,0"" data-index-in-node=""0"">Therapeutic Actions:</b> Excellent for improving blood circulation, reducing swelling, and treating chronic skin disorders.</p>\n<p data-path-to-node=""14,2,1,2,0""><b data-path-to-node=""14,2,1,2,0"" data-index-in-node=""0"">Body Cleansing:</b> Helps in the effective expulsion of waste materials from the body.</p>\n<p data-path-to-node=""14,2,1,3,0""><b data-path-to-node=""14,2,1,3,0"" data-index-in-node=""0"">Usage:</b> Administered as a powder or decoction; avoid use during pregnancy.</p>",,,taxable,,1,,,0,0,,,,,1,,500,580,Herbs,,,https://tameeresehat.com/wp-content/uploads/2026/02/download-1-1.webp,,,,,,,,,0,Tmeer-e-sehat,,,,,,1,8,0,,no,97,28,,,,
9777,simple,,,"Barg-e-Qinnab (Cannabis Leaves)",1,0,visible,"Potent medicinal leaves used in highly controlled doses for severe pain relief and as a sedative for nervous tension.","<strong>Scientific Name:</strong> Cannabis sativa.\n\n<strong>Medical Use:</strong> Traditionally applied to treat chronic headaches, insomnia, and joint inflammation.\n\n<strong>Nerve Support:</strong> Acts as a powerful relaxant for the nervous system.\n\n<strong>Safety Note:</strong> This is a potent herb. It must be used in very small, controlled quantities and only under professional guidance.",,,taxable,,1,,,0,0,,,,,1,,200,400,Herbs,,,https://tameeresehat.com/wp-content/uploads/2026/02/OIP-3-e1770142235995.webp,,,,,,,,,0,Tmeer-e-sehat,,,,,,1,8,0,,no,97,28,,,,
9778,simple,,,"Barg-e-Shahtra (Fumitory Leaves)",1,0,visible,"A premier herb for skin health, known for its ability to clear acne and support liver detoxification.","<p data-path-to-node=""18,2,1,0,0""><b data-path-to-node=""18,2,1,0,0"" data-index-in-node=""0"">Scientific Name:</b> <i data-path-to-node=""18,2,1,0,0"" data-index-in-node=""17"">Fumaria officinalis</i>.</p>\n<p data-path-to-node=""18,2,1,1,0""><b data-path-to-node=""18,2,1,1,0"" data-index-in-node=""0"">Skin Health:</b> The primary choice for treating acne, boils, rashes, and persistent itching.</p>\n<p data-path-to-node=""18,2,1,2,0""><b data-path-to-node=""18,2,1,2,0"" data-index-in-node=""0"">Internal Balance:</b> Regulates bile production and reduces internal body heat and inflammation.</p>\n<p data-path-to-node=""18,2,1,3,0""><b data-path-to-node=""18,2,1,3,0"" data-index-in-node=""0"">Usage:</b> Commonly taken as a distillate (Arq), decoction, or powder.</p>",,,taxable,,1,,,0,0,,,,,1,,300,400,Herbs,,,https://tameeresehat.com/wp-content/uploads/2026/02/download-2-e1770142173668.webp,,,,,,,,,0,Tmeer-e-sehat,,,,,,1,8,0,,no,97,28,,,,
9779,simple,,,"Barg-e-Snobr (Pine Needles)",1,0,visible,"Fragrant needles from the pine tree used for respiratory relief and as a natural blood purifier.","<p data-path-to-node=""20,2,1,0,0""><b data-path-to-node=""20,2,1,0,0"" data-index-in-node=""0"">Scientific Name:</b> <i data-path-to-node=""20,2,1,0,0"" data-index-in-node=""17"">Pinus species</i>.</p>\n<p data-path-to-node=""20,2,1,1,0""><b data-path-to-node=""20,2,1,1,0"" data-index-in-node=""0"">Respiratory Relief:</b> Effective in reducing cough, cold, and chest congestion.</p>\n<p data-path-to-node=""20,2,1,2,0""><b data-path-to-node=""20,2,1,2,0"" data-index-in-node=""0"">Healing Actions:</b> Provides relief from fever and helps soothe digestive and skin inflammations.</p>\n<p data-path-to-node=""20,2,1,3,0""><b data-path-to-node=""20,2,1,3,0"" data-index-in-node=""0"">Usage:</b> Typically used in steam inhalations, teas, or concentrated decoctions.</p>",,,taxable,,1,,,0,0,,,,,1,,500,580,Herbs,,,https://tameeresehat.com/wp-content/uploads/2026/02/S95f1c232fac04cb08664c4edd487825al.jpg,,,,,,,,,0,Tmeer-e-sehat,,,,,,1,8,0,,no,97,28,,,,
9784,simple,,,"Green Cardamom (Ilaichi Choti)",1,0,visible,"A small, vibrant green cardamom pod known for its intense aroma and refreshing taste, used widely in both culinary and medicinal applications.","<p data-path-to-node=""2,2,1,0,0""><b data-path-to-node=""2,2,1,0,0"" data-index-in-node=""0"">Overview:</b> Known as the ""Queen of Spices,"" Green Cardamom is a tiny pod packed with flavorful seeds that provide a sweet and pungent profile.</p>\n<p data-path-to-node=""2,2,1,1,0""><b data-path-to-node=""2,2,1,1,0"" data-index-in-node=""0"">Health Benefits:</b> Traditionally used to improve digestion, relieve stomach gas (colic), and freshen breath by reducing oral bacteria.</p>\n<p data-path-to-node=""2,2,1,2,0""><b data-path-to-node=""2,2,1,2,0"" data-index-in-node=""0"">Culinary Use:</b> A staple ingredient in teas, desserts, and savory curries to enhance fragrance and depth.</p>\n<p data-path-to-node=""2,2,1,3,0""><b data-path-to-node=""2,2,1,3,0"" data-index-in-node=""0"">Origin:</b> Primarily grown in India, Sri Lanka, and Indonesia.</p>",,,taxable,,1,,,0,0,,,,,1,,300,400,Herbs,,,https://tameeresehat.com/wp-content/uploads/2026/02/OIP-2-e1770142109309.webp,,,,,,,,,0,Tmeer-e-sehat,,,,,,1,8,0,,no,97,28,,,,
9785,simple,,,"Nervine Tonic / Aromatic Resin",1,0,visible,"A premium aromatic herb and resin used for centuries to soothe the mind, improve sleep, and support respiratory health.","<p data-path-to-node=""4,2,1,0,0""><b data-path-to-node=""4,2,1,0,0"" data-index-in-node=""0"">Overview:</b> Often referred to as ""The Broom of the Brain,"" this herb is highly valued for its ability to ""sweep away"" mental fatigue and congestion.</p>\n<p data-path-to-node=""4,2,1,1,0""><b data-path-to-node=""4,2,1,1,0"" data-index-in-node=""0"">Mental Wellness:</b> Promotes deep relaxation, reduces anxiety, and is an excellent natural remedy for insomnia.</p>\n<p data-path-to-node=""4,2,1,2,0""><b data-path-to-node=""4,2,1,2,0"" data-index-in-node=""0"">Physical Benefits:</b> Useful for managing fevers, healing wounds, and protecting liver and stomach health.</p>\n<p data-path-to-node=""4,2,1,3,0""><b data-path-to-node=""4,2,1,3,0"" data-index-in-node=""0"">Usage:</b> Can be taken as a powder or used as incense for its calming therapeutic fragrance.</p>",,,taxable,,1,,,0,0,,,,,1,,500,580,Herbs,,,https://tameeresehat.com/wp-content/uploads/2026/02/download-1.webp,,,,,,,,,0,Tmeer-e-sehat,,,,,,1,8,0,,no,97,28,,,,
9786,simple,,,"Calendula (Nakhoona)",1,0,visible,"Bright orange and yellow flowers renowned for their natural antiseptic properties and ability to purify the blood and skin.","<p data-path-to-node=""6,2,1,0,0""><b data-path-to-node=""6,2,1,0,0"" data-index-in-node=""0"">Overview:</b> <i data-path-to-node=""6,2,1,0,0"" data-index-in-node=""10"">Calendula officinalis</i> is a powerhouse of nutrients like Vitamin A, C, and E, making it a ""skin specialist"" in traditional medicine.</p>\n<p data-path-to-node=""6,2,1,1,0""><b data-path-to-node=""6,2,1,1,0"" data-index-in-node=""0"">Skin &amp; Liver Health:</b> Effectively treats acne, itching, and rashes while supporting liver detoxification and improving digestion.</p>\n<p data-path-to-node=""6,2,1,2,0""><b data-path-to-node=""6,2,1,2,0"" data-index-in-node=""0"">Healing Actions:</b> Its natural oil softens skin and promotes faster wound healing. It also helps relieve eye inflammation.</p>\n<p data-path-to-node=""6,2,1,3,0""><b data-path-to-node=""6,2,1,3,0"" data-index-in-node=""0"">Usage:</b> Commonly consumed as a herbal tea or applied topically as an oil or paste.</p>",,,taxable,,1,,,0,0,,,,,1,,300,580,Herbs,,,https://tameeresehat.com/wp-content/uploads/2026/02/images-16.jpg,,,,,,,,,0,Tmeer-e-sehat,,,,,,1,8,0,,no,97,28,,,,
9787,simple,,,"Camel Katara (Ont Katara)",1,0,visible,"A resilient desert herb used specifically to treat stubborn digestive issues and respiratory discomforts.","<p data-path-to-node=""8,2,1,0,0""><b data-path-to-node=""8,2,1,0,0"" data-index-in-node=""0"">Overview:</b> Found in arid regions, the roots and leaves of this plant are potent remedies for internal heat and stagnation.</p>\n<p data-path-to-node=""8,2,1,1,0""><b data-path-to-node=""8,2,1,1,0"" data-index-in-node=""0"">Digestive Relief:</b> Excellent for removing stomach gas, treating bloating, and relieving stomach pain.</p>\n<p data-path-to-node=""8,2,1,2,0""><b data-path-to-node=""8,2,1,2,0"" data-index-in-node=""0"">Respiratory Aid:</b> Traditionally used to manage symptoms of common colds and coughs.</p>\n<p data-path-to-node=""8,2,1,3,0""><b data-path-to-node=""8,2,1,3,0"" data-index-in-node=""0"">Origin:</b> Naturally sourced from the dry regions of Balochistan and Sindh.</p>",,,taxable,,1,,,0,0,,,,,1,,500,580,Seeds,,,https://tameeresehat.com/wp-content/uploads/2026/02/OIP-1.webp,,,,,,,,,0,Tmeer-e-sehat,,,,,,1,8,0,,no,,28,,,,
9788,simple,,,"Whole Psyllium (Sabut Ispaghol)",1,0,visible,"Whole seeds of the Psyllium plant that provide a natural, gel-like fiber to support smooth bowel movements and heart health.","<p data-path-to-node=""10,2,1,0,0""><b data-path-to-node=""10,2,1,0,0"" data-index-in-node=""0"">Overview:</b> Unlike the husk, these are the whole seeds which swell significantly in water to soften the intestinal tract.</p>\n<p data-path-to-node=""10,2,1,1,0""><b data-path-to-node=""10,2,1,1,0"" data-index-in-node=""0"">Key Benefits:</b> Acts as a natural laxative to relieve constipation, aids in weight management, and helps control blood sugar levels.</p>\n<p data-path-to-node=""10,2,1,2,0""><b data-path-to-node=""10,2,1,2,0"" data-index-in-node=""0"">Heart Health:</b> Regularly used to lower cholesterol and improve cardiovascular function.</p>\n<p data-path-to-node=""10,2,1,3,0""><b data-path-to-node=""10,2,1,3,0"" data-index-in-node=""0"">Usage:</b> Soak 1–2 tablespoons in water or milk. Ensure high water intake throughout the day for best results.</p>",,,taxable,,1,,,0,0,,,,,1,,500,580,Herbs,,,https://tameeresehat.com/wp-content/uploads/2026/02/OIP.webp,,,,,,,,,0,Tmeer-e-sehat,,,,,,1,8,0,,no,97,28,,,,
9789,simple,,,"Snake Root (Asrol)",1,0,visible,"A potent root valued for its scientifically recognized ability to lower blood pressure and calm the nervous system.","<p data-path-to-node=""12,2,1,0,0""><b data-path-to-node=""12,2,1,0,0"" data-index-in-node=""0"">Overview:</b> Also known as <i data-path-to-node=""12,2,1,0,0"" data-index-in-node=""24"">Sarpagandha</i>, it is one of the most important herbs for managing hypertension and mental stress.</p>\n<p data-path-to-node=""12,2,1,1,0""><b data-path-to-node=""12,2,1,1,0"" data-index-in-node=""0"">Therapeutic Actions:</b> Helps lower high blood pressure (hypotensive), promotes sound sleep, and strengthens the overall nervous system.</p>\n<p data-path-to-node=""12,2,1,2,0""><b data-path-to-node=""12,2,1,2,0"" data-index-in-node=""0"">Mental Calmness:</b> Traditionally used to treat restlessness and promote mental relaxation.</p>\n<p data-path-to-node=""12,2,1,3,0""><b data-path-to-node=""12,2,1,3,0"" data-index-in-node=""0"">Safety Note:</b> Must be used in controlled doses; consult a specialist for blood pressure management.</p>",,,taxable,,1,,,0,0,,,,,1,,500,580,Seeds,,,https://tameeresehat.com/wp-content/uploads/2026/02/6496e37eae6e94dc6ffa38903daf3459.jpg,,,,,,,,,0,,,,,,,1,8,0,,no,,,,,,
9790,simple,,,"Aftimoon (Dodder)",1,0,visible,"A specialized parasitic vine used to clear mental heaviness, purify the blood, and treat chronic skin conditions.","<p data-path-to-node=""14,2,1,0,0""><b data-path-to-node=""14,2,1,0,0"" data-index-in-node=""0"">Overview:</b> Known as <i data-path-to-node=""14,2,1,0,0"" data-index-in-node=""19"">Cuscuta reflexa</i>, this herb is a staple in Unani medicine for addressing ""melancholic"" (black bile) disorders.</p>\n<p data-path-to-node=""14,2,1,1,0""><b data-path-to-node=""14,2,1,1,0"" data-index-in-node=""0"">Neurological Benefits:</b> Improves brain function and is used for mental stress, anxiety, and relieving the feeling of mental burden.</p>\n<p data-path-to-node=""14,2,1,2,0""><b data-path-to-node=""14,2,1,2,0"" data-index-in-node=""0"">Detoxification:</b> Acts as a strong blood purifier and is effective against chronic constipation and persistent skin rashes.</p>\n<p data-path-to-node=""14,2,1,3,0""><b data-path-to-node=""14,2,1,3,0"" data-index-in-node=""0"">Usage:</b> Typically consumed as a decoction (joshanda) for internal body cleansing.</p>",,,taxable,,1,,,0,0,,,,,1,,300,400,Seeds,,,https://tameeresehat.com/wp-content/uploads/2026/02/download.webp,,,,,,,,,0,,,,,,,1,8,0,,no,,,,,,
10235,variable,BK-100,,"Beekh Karafs (Celery Root)",1,0,visible,,,,,taxable,,1,,,0,0,,,,,1,,,,Herbs,,,,,,,,,,,,0,,weight,"10g, 125g, 500g, 50g",1,1,,1,,,,,,,,,,
10236,variable,BE-101,,"Belgari (Belgari Herb)",1,0,visible,,,,,taxable,,1,,,0,0,,,,,1,,,,Herbs,,,,,,,,,,,,0,,weight,"125g, 500g, 50g",1,1,,1,,,,,,,,,,
10237,variable,PA-103,,"Patri Foolad (Iron Scales / Iron Flakes)",1,0,visible,,,,,taxable,,1,,,0,0,,,,,1,,,,Herbs,,,,,,,,,,,,0,,weight,"10g, 125g, 500g, 50g",1,1,,1,,,,,,,,,,
10238,variable,SA-104,,"Saqmoonya (Wilayati) (Scammony Resin)",1,0,visible,,,,,taxable,,1,,,0,0,,,,,1,,,,Herbs,,,,,,,,,,,,0,,weight,"125g, 500g, 50g",1,1,,1,,,,,,,,,,
10239,variable,PA-105,,"Pathar Siyah (Black Stone)",1,0,visible,,,,,taxable,,1,,,0,0,,,,,1,,,,Herbs,,,,,,,,,,,,0,,weight,"10g, 50g",1,1,,1,,,,,,,,,,
10240,variable,PA-106,,"Pars Warshan (Prussian Blue)",1,0,visible,,,,,taxable,,1,,,0,0,,,,,1,,,,Herbs,,,,,,,,,,,,0,,weight,"125g, 500g, 50g",1,1,,1,,,,,,,,,,
10241,variable,PI-107,,"Pinki (Potassium Permanganate / Red Powder)",1,0,visible,,,,,taxable,,1,,,0,0,,,,,1,,,,Herbs,,,,,,,,,,,,0,,weight,"10g, 125g, 500g, 50g",1,1,,1,,,,,,,,,,
10242,variation,,,"Beekh Karafs (Celery Root) - 500g",1,0,visible,,,,,taxable,parent,1,,,0,0,,,,,0,,,2300,,,,,,,BK-100,,,,,,0,,weight,500g,,1,,,,,,,,,,,,
10243,variation,,,"Beekh Karafs (Celery Root) - 125g",1,0,visible,,,,,taxable,parent,1,,,0,0,,,,,0,,,600,,,,,,,BK-100,,,,,,0,,weight,125g,,1,,,,,,,,,,,,
10244,variation,,,"Beekh Karafs (Celery Root) - 50g",1,0,visible,,,,,taxable,parent,1,,,0,0,,,,,0,,,280,,,,,,,BK-100,,,,,,0,,weight,50g,,1,,,,,,,,,,,,
10245,variation,,,"Beekh Karafs (Celery Root) - 10g",1,0,visible,,,,,taxable,parent,1,,,0,0,,,,,0,,,60,,,,,,,BK-100,,,,,,0,,weight,10g,,1,,,,,,,,,,,,
10246,variation,,,"Belgari (Belgari Herb) - 500g",1,0,visible,,,,,taxable,parent,1,,,0,0,,,,,0,,,450,,,,,,,BE-101,,,,,,0,,weight,500g,,1,,,,,,,,,,,,
10247,variation,,,"Belgari (Belgari Herb) - 125g",1,0,visible,,,,,taxable,parent,1,,,0,0,,,,,0,,,130,,,,,,,BE-101,,,,,,0,,weight,125g,,1,,,,,,,,,,,,
10248,variation,,,"Belgari (Belgari Herb) - 50g",1,0,visible,,,,,taxable,parent,1,,,0,0,,,,,0,,,60,,,,,,,BE-101,,,,,,0,,weight,50g,,1,,,,,,,,,,,,
10249,simple,PA-102,,"Para Germany (German Mercury)",1,0,visible,,,,,taxable,,1,,,0,0,,,,,1,,,2500,Herbs,,,,,,,,,,,,0,,weight,10g,1,1,,1,,,,,,,,,,
10250,variation,,,"Patri Foolad (Iron Scales / Iron Flakes) - 500g",1,0,visible,,,,,taxable,parent,1,,,0,0,,,,,0,,,900,,,,,,,PA-103,,,,,,0,,weight,500g,,1,,,,,,,,,,,,
10251,variation,,,"Patri Foolad (Iron Scales / Iron Flakes) - 125g",1,0,visible,,,,,taxable,parent,1,,,0,0,,,,,0,,,280,,,,,,,PA-103,,,,,,0,,weight,125g,,1,,,,,,,,,,,,
10252,variation,,,"Patri Foolad (Iron Scales / Iron Flakes) - 50g",1,0,visible,,,,,taxable,parent,1,,,0,0,,,,,0,,,120,,,,,,,PA-103,,,,,,0,,weight,50g,,1,,,,,,,,,,,,
10253,variation,,,"Patri Foolad (Iron Scales / Iron Flakes) - 10g",1,0,visible,,,,,taxable,parent,1,,,0,0,,,,,0,,,30,,,,,,,PA-103,,,,,,0,,weight,10g,,1,,,,,,,,,,,,
10254,variation,,,"Saqmoonya (Wilayati) (Scammony Resin) - 500g",1,0,visible,,,,,taxable,parent,1,,,0,0,,,,,0,,,700,,,,,,,SA-104,,,,,,0,,weight,500g,,1,,,,,,,,,,,,
10255,variation,,,"Saqmoonya (Wilayati) (Scammony Resin) - 125g",1,0,visible,,,,,taxable,parent,1,,,0,0,,,,,0,,,230,,,,,,,SA-104,,,,,,0,,weight,125g,,1,,,,,,,,,,,,
10256,variation,,,"Saqmoonya (Wilayati) (Scammony Resin) - 50g",1,0,visible,,,,,taxable,parent,1,,,0,0,,,,,0,,,100,,,,,,,SA-104,,,,,,0,,weight,50g,,1,,,,,,,,,,,,
10257,variation,,,"Pathar Siyah (Black Stone) - 50g",1,0,visible,,,,,taxable,parent,1,,,0,0,,,,,0,,,250,,,,,,,PA-105,,,,,,0,,weight,50g,,1,,,,,,,,,,,,
10258,variation,,,"Pathar Siyah (Black Stone) - 10g",1,0,visible,,,,,taxable,parent,1,,,0,0,,,,,0,,,50,,,,,,,PA-105,,,,,,0,,weight,10g,,1,,,,,,,,,,,,
10259,variation,,,"Pars Warshan (Prussian Blue) - 500g",1,0,visible,,,,,taxable,parent,1,,,0,0,,,,,0,,,300,,,,,,,PA-106,,,,,,0,,weight,500g,,1,,,,,,,,,,,,
10260,variation,,,"Pars Warshan (Prussian Blue) - 125g",1,0,visible,,,,,taxable,parent,1,,,0,0,,,,,0,,,100,,,,,,,PA-106,,,,,,0,,weight,125g,,1,,,,,,,,,,,,
10261,variation,,,"Pars Warshan (Prussian Blue) - 50g",1,0,visible,,,,,taxable,parent,1,,,0,0,,,,,0,,,40,,,,,,,PA-106,,,,,,0,,weight,50g,,1,,,,,,,,,,,,
10262,variation,,,"Pinki (Potassium Permanganate / Red Powder) - 500g",1,0,visible,,,,,taxable,parent,1,,,0,0,,,,,0,,,2000,,,,,,,PI-107,,,,,,0,,weight,500g,,1,,,,,,,,,,,,
10263,variation,,,"Pinki (Potassium Permanganate / Red Powder) - 125g",1,0,visible,,,,,taxable,parent,1,,,0,0,,,,,0,,,500,,,,,,,PI-107,,,,,,0,,weight,125g,,1,,,,,,,,,,,,
10264,variation,,,"Pinki (Potassium Permanganate / Red Powder) - 50g",1,0,visible,,,,,taxable,parent,1,,,0,0,,,,,0,,,230,,,,,,,PI-107,,,,,,0,,weight,50g,,1,,,,,,,,,,,,
10265,variable,PA-108,,"Paneer Booti (Indian Rennet / Withania Coagulans)",1,0,visible,,,,,taxable,,1,,,0,0,,,,,1,,,,Herbs,,,,,,,,,,,,0,,weight,"125g, 500g",1,1,,1,,,,,,,,,,
10266,variable,PH-109,,"Phatkari (Alum)",1,0,visible,,,,,taxable,,1,,,0,0,,,,,1,,,,Herbs,,,,,,,,,,,,0,,weight,"125g, 500g",1,1,,1,,,,,,,,,,
10267,variable,PH-110,,"Phali Babool (Acacia Pods / Babul Pods)",1,0,visible,,,,,taxable,,1,,,0,0,,,,,1,,,,Seeds,,,,,,,,,,,,0,,weight,"500g, 125g, 50g",1,0,,1,4,,,no,,,,upload,0,
10268,variable,PH-111,,"Phool Makhana (Fox Nuts / Lotus Seeds)",1,0,visible,,,,,taxable,,1,,,0,0,,,,,1,,,,"Herbs / Dry Fruit",,,,,,,,,,,,0,,weight,"125g, 500g, 50g",1,1,,1,,,,,,,,,,
10269,variable,SA-112,,"Sat Podina Tikki (Menthol Tablets / Mint Cakes)",1,0,visible,,,,,taxable,,1,,,0,0,,,,,1,,,,Herbs,,,,,,,,,,,,0,,weight,"125g, 500g, 50g",1,1,,1,,,,,,,,,,
10270,variable,PO-113,,"Podeena Desi (Wild Mint / Field Mint)",1,0,visible,,,,,taxable,,1,,,0,0,,,,,1,,,,Herbs,,,,,,,,,,,,0,,weight,"125g, 500g, 50g",1,1,,1,,,,,,,,,,
10271,variable,PO-114,,"Podeena Kohi (Mountain Mint)",1,0,visible,,,,,taxable,,1,,,0,0,,,,,1,,,,Herbs,,,,,,,,,,,,0,,weight,"125g, 500g, 50g",1,1,,1,,,,,,,,,,
10272,variable,PO-115,,"Post Taranj (Citron Peel)",1,0,visible,,,,,taxable,,1,,,0,0,,,,,1,,,,Herbs,,,,,,,,,,,,0,,weight,"125g, 500g, 50g",1,1,,1,,,,,,,,,,
10273,variation,,,"Pinki (Potassium Permanganate / Red Powder) - 10g",1,0,visible,,,,,taxable,parent,1,,,0,0,,,,,0,,,50,,,,,,,PI-107,,,,,,0,,weight,10g,,1,,,,,,,,,,,,
10274,variation,,,"Paneer Booti (Indian Rennet / Withania Coagulans) - 500g",1,0,visible,,,,,taxable,parent,1,,,0,0,,,,,0,,,200,,,,,,,PA-108,,,,,,0,,weight,500g,,1,,,,,,,,,,,,
10275,variation,,,"Paneer Booti (Indian Rennet / Withania Coagulans) - 125g",1,0,visible,,,,,taxable,parent,1,,,0,0,,,,,0,,,50,,,,,,,PA-108,,,,,,0,,weight,125g,,1,,,,,,,,,,,,
10276,variation,,,"Phatkari (Alum) - 500g",1,0,visible,,,,,taxable,parent,1,,,0,0,,,,,0,,,150,,,,,,,PH-109,,,,,,0,,weight,500g,,1,,,,,,,,,,,,
10277,variation,,,"Phatkari (Alum) - 125g",1,0,visible,,,,,taxable,parent,1,,,0,0,,,,,0,,,50,,,,,,,PH-109,,,,,,0,,weight,125g,,1,,,,,,,,,,,,
10281,variation,,,"Phool Makhana (Fox Nuts / Lotus Seeds) - 500g",1,0,visible,,,,,taxable,parent,1,,,0,0,,,,,0,,,2300,,,,,,,PH-111,,,,,,0,,weight,500g,,1,,,,,,,,,,,,
10282,variation,,,"Phool Makhana (Fox Nuts / Lotus Seeds) - 125g",1,0,visible,,,,,taxable,parent,1,,,0,0,,,,,0,,,600,,,,,,,PH-111,,,,,,0,,weight,125g,,1,,,,,,,,,,,,
10283,variation,,,"Phool Makhana (Fox Nuts / Lotus Seeds) - 50g",1,0,visible,,,,,taxable,parent,1,,,0,0,,,,,0,,,280,,,,,,,PH-111,,,,,,0,,weight,50g,,1,,,,,,,,,,,,
10284,variation,,,"Sat Podina Tikki (Menthol Tablets / Mint Cakes) - 500g",1,0,visible,,,,,taxable,parent,1,,,0,0,,,,,0,,,300,,,,,,,SA-112,,,,,,0,,weight,500g,,1,,,,,,,,,,,,
10285,variation,,,"Sat Podina Tikki (Menthol Tablets / Mint Cakes) - 125g",1,0,visible,,,,,taxable,parent,1,,,0,0,,,,,0,,,130,,,,,,,SA-112,,,,,,0,,weight,125g,,1,,,,,,,,,,,,
10286,variation,,,"Sat Podina Tikki (Menthol Tablets / Mint Cakes) - 50g",1,0,visible,,,,,taxable,parent,1,,,0,0,,,,,0,,,60,,,,,,,SA-112,,,,,,0,,weight,50g,,1,,,,,,,,,,,,
10287,variation,,,"Podeena Desi (Wild Mint / Field Mint) - 500g",1,0,visible,,,,,taxable,parent,1,,,0,0,,,,,0,,,300,,,,,,,PO-113,,,,,,0,,weight,500g,,1,,,,,,,,,,,,
10288,variation,,,"Podeena Desi (Wild Mint / Field Mint) - 125g",1,0,visible,,,,,taxable,parent,1,,,0,0,,,,,0,,,100,,,,,,,PO-113,,,,,,0,,weight,125g,,1,,,,,,,,,,,,
10289,variation,,,"Podeena Desi (Wild Mint / Field Mint) - 50g",1,0,visible,,,,,taxable,parent,1,,,0,0,,,,,0,,,60,,,,,,,PO-113,,,,,,0,,weight,50g,,1,,,,,,,,,,,,
10290,variation,,,"Podeena Kohi (Mountain Mint) - 500g",1,0,visible,,,,,taxable,parent,1,,,0,0,,,,,0,,,300,,,,,,,PO-114,,,,,,0,,weight,500g,,1,,,,,,,,,,,,
10291,variation,,,"Podeena Kohi (Mountain Mint) - 125g",1,0,visible,,,,,taxable,parent,1,,,0,0,,,,,0,,,100,,,,,,,PO-114,,,,,,0,,weight,125g,,1,,,,,,,,,,,,
10292,variation,,,"Podeena Kohi (Mountain Mint) - 50g",1,0,visible,,,,,taxable,parent,1,,,0,0,,,,,0,,,60,,,,,,,PO-114,,,,,,0,,weight,50g,,1,,,,,,,,,,,,
10293,variation,,,"Post Taranj (Citron Peel) - 500g",1,0,visible,,,,,taxable,parent,1,,,0,0,,,,,0,,,280,,,,,,,PO-115,,,,,,0,,weight,500g,,1,,,,,,,,,,,,
10294,variation,,,"Post Taranj (Citron Peel) - 125g",1,0,visible,,,,,taxable,parent,1,,,0,0,,,,,0,,,80,,,,,,,PO-115,,,,,,0,,weight,125g,,1,,,,,,,,,,,,
10295,variable,PO-116,,"Post Kharbooza (Melon Peel)",1,0,visible,,,,,taxable,,1,,,0,0,,,,,1,,,,Herbs,,,,,,,,,,,,0,,weight,"125g, 500g, 50g",1,1,,1,,,,,,,,,,
10296,variable,PE-117,,"Peepal (Sacred Fig / Ficus Religiosa)",1,0,visible,,,,,taxable,,1,,,0,0,,,,,1,,,,Herbs,,,,,,,,,,,,0,,weight,"10g, 125g, 500g, 50g",1,1,,1,,,,,,,,,,
10297,variable,TU-118,,"Tukhm Arand (Castor Seeds)",1,0,visible,,,,,taxable,,1,,,0,0,,,,,1,,,,Herbs,,,,,,,,,,,,0,,weight,"125g, 500g, 50g",1,1,,1,,,,,,,,,,
10298,variable,TU-119,,"Tukhm Imli Khurd (Small Tamarind Seeds)",1,0,visible,,,,,taxable,,1,,,0,0,,,,,1,,,,Seeds,,,,,,,,,,,,0,,weight,"125g, 500g",1,1,,1,,,,,,,,,,
10299,variable,TU-120,,"Tukhm Bartang (Greater Plantain Seeds)",1,0,visible,,,,,taxable,,1,,,0,0,,,,,1,,,,Seeds,,,,,,,,,,,,0,,weight,"125g, 500g, 50g",1,1,,1,,,,,,,,,,
10300,variable,TU-121,,"Tukhm Balanga (Basil Seeds)",1,0,visible,,,,,taxable,,1,,,0,0,,,,,1,,,,Seeds,,,,,,,,,,,,0,,weight,"125g, 500g, 50g",1,1,,1,,,,,,,,,,
10301,variable,TU-122,,"Tukhm Balsan (Balm of Gilead Seeds)",1,0,visible,,,,,taxable,,1,,,0,0,,,,,1,,,,Seeds,,,,,,,,,,,,0,,weight,"10g, 125g, 500g, 50g",1,1,,1,,,,,,,,,,
10302,variation,,,"Post Taranj (Citron Peel) - 50g",1,0,visible,,,,,taxable,parent,1,,,0,0,,,,,0,,,40,,,,,,,PO-115,,,,,,0,,weight,50g,,1,,,,,,,,,,,,
10303,variation,,,"Post Kharbooza (Melon Peel) - 500g",1,0,visible,,,,,taxable,parent,1,,,0,0,,,,,0,,,350,,,,,,,PO-116,,,,,,0,,weight,500g,,1,,,,,,,,,,,,
10304,variation,,,"Post Kharbooza (Melon Peel) - 125g",1,0,visible,,,,,taxable,parent,1,,,0,0,,,,,0,,,100,,,,,,,PO-116,,,,,,0,,weight,125g,,1,,,,,,,,,,,,
10305,variation,,,"Post Kharbooza (Melon Peel) - 50g",1,0,visible,,,,,taxable,parent,1,,,0,0,,,,,0,,,50,,,,,,,PO-116,,,,,,0,,weight,50g,,1,,,,,,,,,,,,
10306,variation,,,"Peepal (Sacred Fig / Ficus Religiosa) - 500g",1,0,visible,,,,,taxable,parent,1,,,0,0,,,,,0,,,1050,,,,,,,PE-117,,,,,,0,,weight,500g,,1,,,,,,,,,,,,
10307,variation,,,"Peepal (Sacred Fig / Ficus Religiosa) - 125g",1,0,visible,,,,,taxable,parent,1,,,0,0,,,,,0,,,520,,,,,,,PE-117,,,,,,0,,weight,125g,,1,,,,,,,,,,,,
10308,variation,,,"Peepal (Sacred Fig / Ficus Religiosa) - 50g",1,0,visible,,,,,taxable,parent,1,,,0,0,,,,,0,,,220,,,,,,,PE-117,,,,,,0,,weight,50g,,1,,,,,,,,,,,,
10309,variation,,,"Peepal (Sacred Fig / Ficus Religiosa) - 10g",1,0,visible,,,,,taxable,parent,1,,,0,0,,,,,0,,,45,,,,,,,PE-117,,,,,,0,,weight,10g,,1,,,,,,,,,,,,
10310,variation,,,"Tukhm Arand (Castor Seeds) - 500g",1,0,visible,,,,,taxable,parent,1,,,0,0,,,,,0,,,280,,,,,,,TU-118,,,,,,0,,weight,500g,,1,,,,,,,,,,,,
10311,variation,,,"Tukhm Arand (Castor Seeds) - 125g",1,0,visible,,,,,taxable,parent,1,,,0,0,,,,,0,,,80,,,,,,,TU-118,,,,,,0,,weight,125g,,1,,,,,,,,,,,,
10312,variation,,,"Tukhm Arand (Castor Seeds) - 50g",1,0,visible,,,,,taxable,parent,1,,,0,0,,,,,0,,,40,,,,,,,TU-118,,,,,,0,,weight,50g,,1,,,,,,,,,,,,
10313,variation,,,"Tukhm Imli Khurd (Small Tamarind Seeds) - 500g",1,0,visible,,,,,taxable,parent,1,,,0,0,,,,,0,,,120,,,,,,,TU-119,,,,,,0,,weight,500g,,1,,,,,,,,,,,,
10314,variation,,,"Tukhm Imli Khurd (Small Tamarind Seeds) - 125g",1,0,visible,,,,,taxable,parent,1,,,0,0,,,,,0,,,60,,,,,,,TU-119,,,,,,0,,weight,125g,,1,,,,,,,,,,,,
10315,variation,,,"Tukhm Bartang (Greater Plantain Seeds) - 500g",1,0,visible,,,,,taxable,parent,1,,,0,0,,,,,0,,,1100,,,,,,,TU-120,,,,,,0,,weight,500g,,1,,,,,,,,,,,,
10316,variation,,,"Tukhm Bartang (Greater Plantain Seeds) - 125g",1,0,visible,,,,,taxable,parent,1,,,0,0,,,,,0,,,280,,,,,,,TU-120,,,,,,0,,weight,125g,,1,,,,,,,,,,,,
10317,variation,,,"Tukhm Bartang (Greater Plantain Seeds) - 50g",1,0,visible,,,,,taxable,parent,1,,,0,0,,,,,0,,,120,,,,,,,TU-120,,,,,,0,,weight,50g,,1,,,,,,,,,,,,
10318,variation,,,"Tukhm Balanga (Basil Seeds) - 500g",1,0,visible,,,,,taxable,parent,1,,,0,0,,,,,0,,,750,,,,,,,TU-121,,,,,,0,,weight,500g,,1,,,,,,,,,,,,
10319,variation,,,"Tukhm Balanga (Basil Seeds) - 125g",1,0,visible,,,,,taxable,parent,1,,,0,0,,,,,0,,,200,,,,,,,TU-121,,,,,,0,,weight,125g,,1,,,,,,,,,,,,
10320,variation,,,"Tukhm Balanga (Basil Seeds) - 50g",1,0,visible,,,,,taxable,parent,1,,,0,0,,,,,0,,,100,,,,,,,TU-121,,,,,,0,,weight,50g,,1,,,,,,,,,,,,
10321,variation,,,"Tukhm Balsan (Balm of Gilead Seeds) - 500g",1,0,visible,,,,,taxable,parent,1,,,0,0,,,,,0,,,3000,,,,,,,TU-122,,,,,,0,,weight,500g,,1,,,,,,,,,,,,
10322,variation,,,"Tukhm Balsan (Balm of Gilead Seeds) - 125g",1,0,visible,,,,,taxable,parent,1,,,0,0,,,,,0,,,950,,,,,,,TU-122,,,,,,0,,weight,125g,,1,,,,,,,,,,,,
10323,variation,,,"Tukhm Balsan (Balm of Gilead Seeds) - 50g",1,0,visible,,,,,taxable,parent,1,,,0,0,,,,,0,,,400,,,,,,,TU-122,,,,,,0,,weight,50g,,1,,,,,,,,,,,,
10324,variation,,,"Tukhm Balsan (Balm of Gilead Seeds) - 10g",1,0,visible,,,,,taxable,parent,1,,,0,0,,,,,0,,,80,,,,,,,TU-122,,,,,,0,,weight,10g,,1,,,,,,,,,,,,
10325,variable,TU-123,,"Tukhm Bhindi (Okra Seeds / Ladyfinger Seeds)",1,0,visible,,,,,taxable,,1,,,0,0,,,,,1,,,,Seeds,,,,,,,,,,,,0,,weight,"125g, 500g, 50g",1,1,,1,,,,,,,,,,
10326,variable,TU-124,,"Tukhm Piyaz (Onion Seeds)",1,0,visible,,,,,taxable,,1,,,0,0,,,,,1,,,,Herbs,,,,,,,,,,,,0,,weight,"125g, 500g, 50g",1,1,,1,,,,,,,,,,
10327,variation,,,"Tukhm Bhindi (Okra Seeds / Ladyfinger Seeds) - 500g",1,0,visible,,,,,taxable,parent,1,,,0,0,,,,,0,,,250,,,,,,,TU-123,,,,,,0,,weight,500g,,1,,,,,,,,,,,,
10328,variation,,,"Tukhm Bhindi (Okra Seeds / Ladyfinger Seeds) - 125g",1,0,visible,,,,,taxable,parent,1,,,0,0,,,,,0,,,80,,,,,,,TU-123,,,,,,0,,weight,125g,,1,,,,,,,,,,,,
10329,variation,,,"Tukhm Bhindi (Okra Seeds / Ladyfinger Seeds) - 50g",1,0,visible,,,,,taxable,parent,1,,,0,0,,,,,0,,,40,,,,,,,TU-123,,,,,,0,,weight,50g,,1,,,,,,,,,,,,
10330,variation,,,"Tukhm Piyaz (Onion Seeds) - 500g",1,0,visible,,,,,taxable,parent,1,,,0,0,,,,,0,,,700,,,,,,,TU-124,,,,,,0,,weight,500g,,1,,,,,,,,,,,,
10331,variation,,,"Tukhm Piyaz (Onion Seeds) - 125g",1,0,visible,,,,,taxable,parent,1,,,0,0,,,,,0,,,230,,,,,,,TU-124,,,,,,0,,weight,125g,,1,,,,,,,,,,,,
10332,variation,,,"Tukhm Piyaz (Onion Seeds) - 50g",1,0,visible,,,,,taxable,parent,1,,,0,0,,,,,0,,,100,,,,,,,TU-124,,,,,,0,,weight,50g,,1,,,,,,,,,,,,
10333,variation,,,"Phali Babool (Acacia Pods / Babul Pods) - 500g",1,0,visible,,,,,taxable,parent,1,,,0,0,,,,,0,,300,450,,,,,,,PH-110,,,,,,1,,weight,500g,,0,,,,,,,,,,,,
10334,variation,,,"Phali Babool (Acacia Pods / Babul Pods) - 125g",1,0,visible,,,,,taxable,parent,1,,,0,0,,,,,0,,100,180,,,,,,,PH-110,,,,,,2,,weight,125g,,0,,,,,,,,,,,,
10335,variation,,,"Phali Babool (Acacia Pods / Babul Pods) - 50g",1,0,visible,,,,,taxable,parent,1,,,0,0,,,,,0,,40,80,,,,,,,PH-110,,,,,,3,,weight,50g,,0,,,,,,,,,,,,
10339,variable,TT-149,,"Tukhm-e-tara mira (Eruca Sativa Seeds)",1,0,visible,,,,,taxable,,1,,,0,0,,,,,1,,,,Seeds,,,,,,,,,,,,0,,weight,"125g, 500g, 50g",1,1,,1,,,,,,,,,,
10340,variable,TJ-150,,"Tukhm-e-jaman (Jaman Seeds)",1,0,visible,,,,,taxable,,1,,,0,0,,,,,1,,,,Seeds,,,,,,,,,,,,0,,weight,"125g, 500g, 50g",1,1,,1,,,,,,,,,,
10341,variable,TC-151,,"Tukhm-e-charchana (Charchana Seeds)",1,0,visible,,,,,taxable,,1,,,0,0,,,,,1,,,,Seeds,,,,,,,,,,,,0,,weight,"125g, 500g, 50g",1,1,,1,,,,,,,,,,
10342,variable,CS-152,,"Tukhm-e-chia seed (Chia Seeds)",1,0,visible,,,,,taxable,,1,,,0,0,,,,,1,,,,Seeds,,,,,,,,,,,,0,,weight,"125g, 500g, 50g",1,1,,1,,,,,,,,,,
10343,variable,TK-155,,"Tukhm-e-khabazi (Khabazi Seeds)",1,0,visible,,,,,taxable,,1,,,0,0,,,,,1,,,,Seeds,,,,,,,,,,,,0,,weight,"125g, 500g, 50g",1,1,,1,,,,,,,,,,
10344,variable,TM-156,,"Tukhm-e-kharboza (Melon Seeds)",1,0,visible,,,,,taxable,,1,,,0,0,,,,,1,,,,Seeds,,,,,,,,,,,,0,,weight,"125g, 500g, 50g",1,1,,1,,,,,,,,,,
10345,variable,TR-162,,"Tukhm-e-rehan (Basil Seeds)",1,0,visible,,,,,taxable,,1,,,0,0,,,,,1,,,,Seeds,,,,,,,,,,,,0,,weight,"125g, 500g, 50g",1,1,,1,,,,,,,,,,
10346,variable,TS-163,,"Tukhm-e-satyanasi (Prickly Poppy Seeds)",1,0,visible,,,,,taxable,,1,,,0,0,,,,,1,,,,Seeds,,,,,,,,,,,,0,,weight,"125g, 500g, 50g",1,1,,1,,,,,,,,,,
10347,variation,,,"Tukhm-e-tara mira (Eruca Sativa Seeds) - 500g",1,0,visible,,,,,taxable,parent,1,,,0,0,,,,,0,,,280,,,,,,,TT-149,,,,,,0,,weight,500g,,1,,,,,,,,,,,,
10348,variation,,,"Tukhm-e-tara mira (Eruca Sativa Seeds) - 125g",1,0,visible,,,,,taxable,parent,1,,,0,0,,,,,0,,,80,,,,,,,TT-149,,,,,,0,,weight,125g,,1,,,,,,,,,,,,
10349,variation,,,"Tukhm-e-tara mira (Eruca Sativa Seeds) - 50g",1,0,visible,,,,,taxable,parent,1,,,0,0,,,,,0,,,40,,,,,,,TT-149,,,,,,0,,weight,50g,,1,,,,,,,,,,,,
10350,variation,,,"Tukhm-e-jaman (Jaman Seeds) - 500g",1,0,visible,,,,,taxable,parent,1,,,0,0,,,,,0,,,250,,,,,,,TJ-150,,,,,,0,,weight,500g,,1,,,,,,,,,,,,
10351,variation,,,"Tukhm-e-jaman (Jaman Seeds) - 125g",1,0,visible,,,,,taxable,parent,1,,,0,0,,,,,0,,,80,,,,,,,TJ-150,,,,,,0,,weight,125g,,1,,,,,,,,,,,,
10352,variation,,,"Tukhm-e-jaman (Jaman Seeds) - 50g",1,0,visible,,,,,taxable,parent,1,,,0,0,,,,,0,,,40,,,,,,,TJ-150,,,,,,0,,weight,50g,,1,,,,,,,,,,,,
10353,variation,,,"Tukhm-e-charchana (Charchana Seeds) - 500g",1,0,visible,,,,,taxable,parent,1,,,0,0,,,,,0,,,400,,,,,,,TC-151,,,,,,0,,weight,500g,,1,,,,,,,,,,,,
10354,variation,,,"Tukhm-e-charchana (Charchana Seeds) - 125g",1,0,visible,,,,,taxable,parent,1,,,0,0,,,,,0,,,130,,,,,,,TC-151,,,,,,0,,weight,125g,,1,,,,,,,,,,,,
10355,variation,,,"Tukhm-e-charchana (Charchana Seeds) - 50g",1,0,visible,,,,,taxable,parent,1,,,0,0,,,,,0,,,50,,,,,,,TC-151,,,,,,0,,weight,50g,,1,,,,,,,,,,,,
10356,variation,,,"Tukhm-e-chia seed (Chia Seeds) - 500g",1,0,visible,,,,,taxable,parent,1,,,0,0,,,,,0,,,800,,,,,,,CS-152,,,,,,0,,weight,500g,,1,,,,,,,,,,,,
10357,variation,,,"Tukhm-e-chia seed (Chia Seeds) - 125g",1,0,visible,,,,,taxable,parent,1,,,0,0,,,,,0,,,200,,,,,,,CS-152,,,,,,0,,weight,125g,,1,,,,,,,,,,,,
10358,variation,,,"Tukhm-e-chia seed (Chia Seeds) - 50g",1,0,visible,,,,,taxable,parent,1,,,0,0,,,,,0,,,100,,,,,,,CS-152,,,,,,0,,weight,50g,,1,,,,,,,,,,,,
10359,variation,,,"Tukhm-e-khabazi (Khabazi Seeds) - 500g",1,0,visible,,,,,taxable,parent,1,,,0,0,,,,,0,,,250,,,,,,,TK-155,,,,,,0,,weight,500g,,1,,,,,,,,,,,,
10360,variation,,,"Tukhm-e-khabazi (Khabazi Seeds) - 125g",1,0,visible,,,,,taxable,parent,1,,,0,0,,,,,0,,,80,,,,,,,TK-155,,,,,,0,,weight,125g,,1,,,,,,,,,,,,
10361,variation,,,"Tukhm-e-khabazi (Khabazi Seeds) - 50g",1,0,visible,,,,,taxable,parent,1,,,0,0,,,,,0,,,40,,,,,,,TK-155,,,,,,0,,weight,50g,,1,,,,,,,,,,,,
10362,variation,,,"Tukhm-e-kharboza (Melon Seeds) - 500g",1,0,visible,,,,,taxable,parent,1,,,0,0,,,,,0,,,900,,,,,,,TM-156,,,,,,0,,weight,500g,,1,,,,,,,,,,,,
10363,variation,,,"Tukhm-e-kharboza (Melon Seeds) - 125g",1,0,visible,,,,,taxable,parent,1,,,0,0,,,,,0,,,220,,,,,,,TM-156,,,,,,0,,weight,125g,,1,,,,,,,,,,,,
10364,variation,,,"Tukhm-e-kharboza (Melon Seeds) - 50g",1,0,visible,,,,,taxable,parent,1,,,0,0,,,,,0,,,100,,,,,,,TM-156,,,,,,0,,weight,50g,,1,,,,,,,,,,,,
10365,variation,,,"Tukhm-e-rehan (Basil Seeds) - 500g",1,0,visible,,,,,taxable,parent,1,,,0,0,,,,,0,,,1000,,,,,,,TR-162,,,,,,0,,weight,500g,,1,,,,,,,,,,,,
10366,variation,,,"Tukhm-e-rehan (Basil Seeds) - 125g",1,0,visible,,,,,taxable,parent,1,,,0,0,,,,,0,,,280,,,,,,,TR-162,,,,,,0,,weight,125g,,1,,,,,,,,,,,,
10367,variation,,,"Tukhm-e-rehan (Basil Seeds) - 50g",1,0,visible,,,,,taxable,parent,1,,,0,0,,,,,0,,,120,,,,,,,TR-162,,,,,,0,,weight,50g,,1,,,,,,,,,,,,
10368,variation,,,"Tukhm-e-satyanasi (Prickly Poppy Seeds) - 500g",1,0,visible,,,,,taxable,parent,1,,,0,0,,,,,0,,,1050,,,,,,,TS-163,,,,,,0,,weight,500g,,1,,,,,,,,,,,,
10369,variable,SS-164,,"Tukhm-e-surwali (Surwali Seeds)",1,0,visible,,,,,taxable,,1,,,0,0,,,,,1,,,,Seeds,,,,,,,,,,,,0,,weight,"125g, 500g, 50g",1,1,,1,,,,,,,,,,
10370,variable,HS-169,,"Tukhm-e-funduq (Hazelnut Seeds)",1,0,visible,,,,,taxable,,1,,,0,0,,,,,1,,,,Seeds,,,,,,,,,,,,0,,weight,"10g, 125g, 500g, 50g",1,1,,1,,,,,,,,,,
10371,variable,HS-171,,"Tukhm-e-qinnab (Hemp Seeds)",1,0,visible,,,,,taxable,,1,,,0,0,,,,,1,,,,Seeds,,,,,,,,,,,,0,,weight,"125g, 500g, 50g",1,1,,1,,,,,,,,,,
10372,variable,LS-173,,"Tukhm-e-kahoo (Lettuce Seeds)",1,0,visible,,,,,taxable,,1,,,0,0,,,,,1,,,,Seeds,,,,,,,,,,,,0,,weight,"10g, 125g, 500g, 50g",1,1,,1,,,,,,,,,,
10373,variable,CS-176,,"Tukhm-e-kounch (Cowhage Seeds)",1,0,visible,,,,,taxable,,1,,,0,0,,,,,1,,,,Seeds,,,,,,,,,,,,0,,weight,"125g, 500g, 50g",1,1,,1,,,,,,,,,,
10374,variable,CS-177,,"Tukhm-e-gajar (Carrot Seeds)",1,0,visible,,,,,taxable,,1,,,0,0,,,,,1,,,,Seeds,,,,,,,,,,,,0,,weight,"125g, 500g, 50g",1,1,,1,,,,,,,,,,
10375,variable,LS-178,,"Tukhm-e-gandana (Leek Seeds)",1,0,visible,,,,,taxable,,1,,,0,0,,,,,1,,,,Seeds,,,,,,,,,,,,0,,weight,"125g, 500g, 50g",1,1,,1,,,,,,,,,,
10376,variation,,,"Tukhm-e-satyanasi (Prickly Poppy Seeds) - 125g",1,0,visible,,,,,taxable,parent,1,,,0,0,,,,,0,,,280,,,,,,,TS-163,,,,,,0,,weight,125g,,1,,,,,,,,,,,,
10377,variation,,,"Tukhm-e-satyanasi (Prickly Poppy Seeds) - 50g",1,0,visible,,,,,taxable,parent,1,,,0,0,,,,,0,,,120,,,,,,,TS-163,,,,,,0,,weight,50g,,1,,,,,,,,,,,,
10378,variation,,,"Tukhm-e-surwali (Surwali Seeds) - 500g",1,0,visible,,,,,taxable,parent,1,,,0,0,,,,,0,,,480,,,,,,,SS-164,,,,,,0,,weight,500g,,1,,,,,,,,,,,,
10379,variation,,,"Tukhm-e-surwali (Surwali Seeds) - 125g",1,0,visible,,,,,taxable,parent,1,,,0,0,,,,,0,,,230,,,,,,,SS-164,,,,,,0,,weight,125g,,1,,,,,,,,,,,,
10380,variation,,,"Tukhm-e-surwali (Surwali Seeds) - 50g",1,0,visible,,,,,taxable,parent,1,,,0,0,,,,,0,,,100,,,,,,,SS-164,,,,,,0,,weight,50g,,1,,,,,,,,,,,,
10381,variation,,,"Tukhm-e-funduq (Hazelnut Seeds) - 500g",1,0,visible,,,,,taxable,parent,1,,,0,0,,,,,0,,,1500,,,,,,,HS-169,,,,,,0,,weight,500g,,1,,,,,,,,,,,,
10382,variation,,,"Tukhm-e-funduq (Hazelnut Seeds) - 125g",1,0,visible,,,,,taxable,parent,1,,,0,0,,,,,0,,,400,,,,,,,HS-169,,,,,,0,,weight,125g,,1,,,,,,,,,,,,
10383,variation,,,"Tukhm-e-funduq (Hazelnut Seeds) - 50g",1,0,visible,,,,,taxable,parent,1,,,0,0,,,,,0,,,170,,,,,,,HS-169,,,,,,0,,weight,50g,,1,,,,,,,,,,,,
10384,variation,,,"Tukhm-e-funduq (Hazelnut Seeds) - 10g",1,0,visible,,,,,taxable,parent,1,,,0,0,,,,,0,,,40,,,,,,,HS-169,,,,,,0,,weight,10g,,1,,,,,,,,,,,,
10385,variation,,,"Tukhm-e-qinnab (Hemp Seeds) - 500g",1,0,visible,,,,,taxable,parent,1,,,0,0,,,,,0,,,280,,,,,,,HS-171,,,,,,0,,weight,500g,,1,,,,,,,,,,,,
10386,variation,,,"Tukhm-e-qinnab (Hemp Seeds) - 125g",1,0,visible,,,,,taxable,parent,1,,,0,0,,,,,0,,,80,,,,,,,HS-171,,,,,,0,,weight,125g,,1,,,,,,,,,,,,
10387,variation,,,"Tukhm-e-qinnab (Hemp Seeds) - 50g",1,0,visible,,,,,taxable,parent,1,,,0,0,,,,,0,,,40,,,,,,,HS-171,,,,,,0,,weight,50g,,1,,,,,,,,,,,,
10388,variation,,,"Tukhm-e-kahoo (Lettuce Seeds) - 500g",1,0,visible,,,,,taxable,parent,1,,,0,0,,,,,0,,,1400,,,,,,,LS-173,,,,,,0,,weight,500g,,1,,,,,,,,,,,,
10389,variation,,,"Tukhm-e-kahoo (Lettuce Seeds) - 125g",1,0,visible,,,,,taxable,parent,1,,,0,0,,,,,0,,,420,,,,,,,LS-173,,,,,,0,,weight,125g,,1,,,,,,,,,,,,
10390,variation,,,"Tukhm-e-kahoo (Lettuce Seeds) - 50g",1,0,visible,,,,,taxable,parent,1,,,0,0,,,,,0,,,180,,,,,,,LS-173,,,,,,0,,weight,50g,,1,,,,,,,,,,,,
10391,variation,,,"Tukhm-e-kahoo (Lettuce Seeds) - 10g",1,0,visible,,,,,taxable,parent,1,,,0,0,,,,,0,,,40,,,,,,,LS-173,,,,,,0,,weight,10g,,1,,,,,,,,,,,,
10392,variation,,,"Tukhm-e-kounch (Cowhage Seeds) - 500g",1,0,visible,,,,,taxable,parent,1,,,0,0,,,,,0,,,500,,,,,,,CS-176,,,,,,0,,weight,500g,,1,,,,,,,,,,,,
10393,variation,,,"Tukhm-e-kounch (Cowhage Seeds) - 125g",1,0,visible,,,,,taxable,parent,1,,,0,0,,,,,0,,,130,,,,,,,CS-176,,,,,,0,,weight,125g,,1,,,,,,,,,,,,
10394,variation,,,"Tukhm-e-kounch (Cowhage Seeds) - 50g",1,0,visible,,,,,taxable,parent,1,,,0,0,,,,,0,,,60,,,,,,,CS-176,,,,,,0,,weight,50g,,1,,,,,,,,,,,,
10395,variation,,,"Tukhm-e-gajar (Carrot Seeds) - 500g",1,0,visible,,,,,taxable,parent,1,,,0,0,,,,,0,,,800,,,,,,,CS-177,,,,,,0,,weight,500g,,1,,,,,,,,,,,,
10396,variation,,,"Tukhm-e-gajar (Carrot Seeds) - 125g",1,0,visible,,,,,taxable,parent,1,,,0,0,,,,,0,,,180,,,,,,,CS-177,,,,,,0,,weight,125g,,1,,,,,,,,,,,,
10397,variation,,,"Tukhm-e-gajar (Carrot Seeds) - 50g",1,0,visible,,,,,taxable,parent,1,,,0,0,,,,,0,,,80,,,,,,,CS-177,,,,,,0,,weight,50g,,1,,,,,,,,,,,,
10398,variation,,,"Tukhm-e-gandana (Leek Seeds) - 500g",1,0,visible,,,,,taxable,parent,1,,,0,0,,,,,0,,,500,,,,,,,LS-178,,,,,,0,,weight,500g,,1,,,,,,,,,,,,
10399,variable,MS-179,,"Tukhm-e-lajwanti (Mimosa Pudica Seeds)",1,0,visible,,,,,taxable,,1,,,0,0,,,,,1,,,,Seeds,,,,,,,,,,,,0,,weight,"125g, 500g, 50g",1,1,,1,,,,,,,,,,
10400,variable,RS-180,,"Tukhm-e-mooli (Radish Seeds)",1,0,visible,,,,,taxable,,1,,,0,0,,,,,1,,,,Seeds,,,,,,,,,,,,0,,weight,"125g, 500g, 50g",1,1,,1,,,,,,,,,,
10401,variable,NS-182,,"Tukhm-e-neem (Neem Seeds)",1,0,visible,,,,,taxable,,1,,,0,0,,,,,1,,,,Seeds,,,,,,,,,,,,0,,weight,"125g, 500g, 50g",1,1,,1,,,,,,,,,,
10402,variable,TS-187,,"Tukhm Imli Kalan (Large Tamarind Seeds)",1,0,visible,,,,,taxable,,1,,,0,0,,,,,1,,,,Seeds,,,,,,,,,,,,0,,weight,"125g, 500g, 50g",1,1,,1,,,,,,,,,,
10403,variable,WS-188,,"Til Safaid (White Sesame Seeds)",1,0,visible,,,,,taxable,,1,,,0,0,,,,,1,,,,Seeds,,,,,,,,,,,,0,,weight,"125g, 500g, 50g",1,1,,1,,,,,,,,,,
10404,variable,BS-189,,"Til Siyah (Black Sesame Seeds)",1,0,visible,,,,,taxable,,1,,,0,0,,,,,1,,,,Seeds,,,,,,,,,,,,0,,weight,"125g, 500g, 50g",1,1,,1,,,,,,,,,,
10405,variable,BA-111,,"Tumba (Bitter Apple)",1,0,visible,,,,,taxable,,1,,,0,0,,,,,1,,,,Herbs,,,,,,,,,,,,0,,weight,"125g, 500g, 50g",1,1,,1,,,,,,,,,,
10406,variation,,,"Tukhm-e-gandana (Leek Seeds) - 125g",1,0,visible,,,,,taxable,parent,1,,,0,0,,,,,0,,,130,,,,,,,LS-178,,,,,,0,,weight,125g,,1,,,,,,,,,,,,
10407,variation,,,"Tukhm-e-gandana (Leek Seeds) - 50g",1,0,visible,,,,,taxable,parent,1,,,0,0,,,,,0,,,60,,,,,,,LS-178,,,,,,0,,weight,50g,,1,,,,,,,,,,,,
10408,variation,,,"Tukhm-e-lajwanti (Mimosa Pudica Seeds) - 500g",1,0,visible,,,,,taxable,parent,1,,,0,0,,,,,0,,,800,,,,,,,MS-179,,,,,,0,,weight,500g,,1,,,,,,,,,,,,
10409,variation,,,"Tukhm-e-lajwanti (Mimosa Pudica Seeds) - 125g",1,0,visible,,,,,taxable,parent,1,,,0,0,,,,,0,,,180,,,,,,,MS-179,,,,,,0,,weight,125g,,1,,,,,,,,,,,,
10410,variation,,,"Tukhm-e-lajwanti (Mimosa Pudica Seeds) - 50g",1,0,visible,,,,,taxable,parent,1,,,0,0,,,,,0,,,80,,,,,,,MS-179,,,,,,0,,weight,50g,,1,,,,,,,,,,,,
10411,variation,,,"Tukhm-e-mooli (Radish Seeds) - 500g",1,0,visible,,,,,taxable,parent,1,,,0,0,,,,,0,,,500,,,,,,,RS-180,,,,,,0,,weight,500g,,1,,,,,,,,,,,,
10412,variation,,,"Tukhm-e-mooli (Radish Seeds) - 125g",1,0,visible,,,,,taxable,parent,1,,,0,0,,,,,0,,,130,,,,,,,RS-180,,,,,,0,,weight,125g,,1,,,,,,,,,,,,
10413,variation,,,"Tukhm-e-mooli (Radish Seeds) - 50g",1,0,visible,,,,,taxable,parent,1,,,0,0,,,,,0,,,60,,,,,,,RS-180,,,,,,0,,weight,50g,,1,,,,,,,,,,,,
10414,variation,,,"Tukhm-e-neem (Neem Seeds) - 500g",1,0,visible,,,,,taxable,parent,1,,,0,0,,,,,0,,,250,,,,,,,NS-182,,,,,,0,,weight,500g,,1,,,,,,,,,,,,
10415,variation,,,"Tukhm-e-neem (Neem Seeds) - 125g",1,0,visible,,,,,taxable,parent,1,,,0,0,,,,,0,,,80,,,,,,,NS-182,,,,,,0,,weight,125g,,1,,,,,,,,,,,,
10416,variation,,,"Tukhm-e-neem (Neem Seeds) - 50g",1,0,visible,,,,,taxable,parent,1,,,0,0,,,,,0,,,40,,,,,,,NS-182,,,,,,0,,weight,50g,,1,,,,,,,,,,,,
10417,variation,,,"Tukhm Imli Kalan (Large Tamarind Seeds) - 500g",1,0,visible,,,,,taxable,parent,1,,,0,0,,,,,0,,,500,,,,,,,TS-187,,,,,,0,,weight,500g,,1,,,,,,,,,,,,
10418,variation,,,"Tukhm Imli Kalan (Large Tamarind Seeds) - 125g",1,0,visible,,,,,taxable,parent,1,,,0,0,,,,,0,,,130,,,,,,,TS-187,,,,,,0,,weight,125g,,1,,,,,,,,,,,,
10419,variation,,,"Tukhm Imli Kalan (Large Tamarind Seeds) - 50g",1,0,visible,,,,,taxable,parent,1,,,0,0,,,,,0,,,60,,,,,,,TS-187,,,,,,0,,weight,50g,,1,,,,,,,,,,,,
10420,variation,,,"Til Safaid (White Sesame Seeds) - 500g",1,0,visible,,,,,taxable,parent,1,,,0,0,,,,,0,,,350,,,,,,,WS-188,,,,,,0,,weight,500g,,1,,,,,,,,,,,,
10421,variation,,,"Til Safaid (White Sesame Seeds) - 125g",1,0,visible,,,,,taxable,parent,1,,,0,0,,,,,0,,,130,,,,,,,WS-188,,,,,,0,,weight,125g,,1,,,,,,,,,,,,
10422,variation,,,"Til Safaid (White Sesame Seeds) - 50g",1,0,visible,,,,,taxable,parent,1,,,0,0,,,,,0,,,60,,,,,,,WS-188,,,,,,0,,weight,50g,,1,,,,,,,,,,,,
10423,variation,,,"Til Siyah (Black Sesame Seeds) - 500g",1,0,visible,,,,,taxable,parent,1,,,0,0,,,,,0,,,350,,,,,,,BS-189,,,,,,0,,weight,500g,,1,,,,,,,,,,,,
10424,variation,,,"Til Siyah (Black Sesame Seeds) - 125g",1,0,visible,,,,,taxable,parent,1,,,0,0,,,,,0,,,130,,,,,,,BS-189,,,,,,0,,weight,125g,,1,,,,,,,,,,,,
10425,variation,,,"Til Siyah (Black Sesame Seeds) - 50g",1,0,visible,,,,,taxable,parent,1,,,0,0,,,,,0,,,60,,,,,,,BS-189,,,,,,0,,weight,50g,,1,,,,,,,,,,,,
10426,variation,,,"Tumba (Bitter Apple) - 500g",1,0,visible,,,,,taxable,parent,1,,,0,0,,,,,0,,,150,,,,,,,BA-111,,,,,,0,,weight,500g,,1,,,,,,,,,,,,
10427,variation,,,"Tumba (Bitter Apple) - 125g",1,0,visible,,,,,taxable,parent,1,,,0,0,,,,,0,,,80,,,,,,,BA-111,,,,,,0,,weight,125g,,1,,,,,,,,,,,,
10428,variation,,,"Tumba (Bitter Apple) - 50g",1,0,visible,,,,,taxable,parent,1,,,0,0,,,,,0,,,40,,,,,,,BA-111,,,,,,0,,weight,50g,,1,,,,,,,,,,,,
10429,variable,RT-112,,"Toderi Surkh (Red Todri)",1,0,visible,,,,,taxable,,1,,,0,0,,,,,1,,,,Herbs,,,,,,,,,,,,0,,weight,"10g, 125g, 500g, 50g",1,1,,1,,,,,,,,,,
10430,variable,WT-113,,"Toderi Safaid (White Todri)",1,0,visible,,,,,taxable,,1,,,0,0,,,,,1,,,,Herbs,,,,,,,,,,,,0,,weight,"10g, 125g, 500g, 50g",1,1,,1,,,,,,,,,,
10431,variable,CA-114,,"Tatri (Citric Acid)",1,0,visible,,,,,taxable,,1,,,0,0,,,,,1,,,,Herbs,,,,,,,,,,,,0,,weight,"125g, 500g, 50g",1,1,,1,,,,,,,,,,
10432,variation,,,"Toderi Surkh (Red Todri) - 500g",1,0,visible,,,,,taxable,parent,1,,,0,0,,,,,0,,,1800,,,,,,,RT-112,,,,,,0,,weight,500g,,1,,,,,,,,,,,,
10433,variation,,,"Toderi Surkh (Red Todri) - 125g",1,0,visible,,,,,taxable,parent,1,,,0,0,,,,,0,,,420,,,,,,,RT-112,,,,,,0,,weight,125g,,1,,,,,,,,,,,,
10434,variation,,,"Toderi Surkh (Red Todri) - 50g",1,0,visible,,,,,taxable,parent,1,,,0,0,,,,,0,,,180,,,,,,,RT-112,,,,,,0,,weight,50g,,1,,,,,,,,,,,,
10435,variation,,,"Toderi Surkh (Red Todri) - 10g",1,0,visible,,,,,taxable,parent,1,,,0,0,,,,,0,,,40,,,,,,,RT-112,,,,,,0,,weight,10g,,1,,,,,,,,,,,,
10436,variation,,,"Toderi Safaid (White Todri) - 500g",1,0,visible,,,,,taxable,parent,1,,,0,0,,,,,0,,,1500,,,,,,,WT-113,,,,,,0,,weight,500g,,1,,,,,,,,,,,,
10437,variation,,,"Toderi Safaid (White Todri) - 125g",1,0,visible,,,,,taxable,parent,1,,,0,0,,,,,0,,,500,,,,,,,WT-113,,,,,,0,,weight,125g,,1,,,,,,,,,,,,
10438,variation,,,"Toderi Safaid (White Todri) - 50g",1,0,visible,,,,,taxable,parent,1,,,0,0,,,,,0,,,230,,,,,,,WT-113,,,,,,0,,weight,50g,,1,,,,,,,,,,,,
10439,variation,,,"Toderi Safaid (White Todri) - 10g",1,0,visible,,,,,taxable,parent,1,,,0,0,,,,,0,,,50,,,,,,,WT-113,,,,,,0,,weight,10g,,1,,,,,,,,,,,,
10440,variation,,,"Tatri (Citric Acid) - 500g",1,0,visible,,,,,taxable,parent,1,,,0,0,,,,,0,,,300,,,,,,,CA-114,,,,,,0,,weight,500g,,1,,,,,,,,,,,,
10441,variation,,,"Tatri (Citric Acid) - 125g",1,0,visible,,,,,taxable,parent,1,,,0,0,,,,,0,,,80,,,,,,,CA-114,,,,,,0,,weight,125g,,1,,,,,,,,,,,,
10442,variation,,,"Tatri (Citric Acid) - 50g",1,0,visible,,,,,taxable,parent,1,,,0,0,,,,,0,,,40,,,,,,,CA-114,,,,,,0,,weight,50g,,1,,,,,,,,,,,,
10443,simple,CT-115,,"Tikya Kafoor (Camphor Tablets)",1,0,visible,,,,,taxable,,1,,,0,0,,,,,1,,,150,Herbs,,,,,,,,,,,,0,,weight,500g,1,1,,1,,,,,,,,,,
10444,simple,OL-116,,"Salab Panja (Orchis Latifolia)",1,0,visible,,,,,taxable,,1,,,0,0,,,,,1,,,600,Herbs,,,,,,,,,,,,0,,weight,10g,1,1,,1,,,,,,,,,,
10445,simple,OM-117,,"Salab Misri (Orchis Mascula)",1,0,visible,,,,,taxable,,1,,,0,0,,,,,1,,,700,Herbs,,,,,,,,,,,,0,,weight,10g,1,1,,1,,,,,,,,,,
10723,variable,HERB-199,,"Javitri (Mace)",1,0,visible,,,,,taxable,,1,,,0,0,,,,,1,,,,Herbs,,,,,,,,,,,,0,,weight,10g,1,1,,1,,,,,,,,,,
10724,variable,HERB-200,,"Jaifal (Nutmeg)",1,0,visible,,,,,taxable,,1,,,0,0,,,,,1,,,,Herbs,,,,,,,,,,,,0,,weight,"10g, 50g",1,1,,1,,,,,,,,,,
10725,variable,HERB-201,,"Jadwar (Delphinium Denudatum)",1,0,visible,,,,,taxable,,1,,,0,0,,,,,1,,,,Herbs,,,,,,,,,,,,0,,weight,"10g, 125g, 500g, 50g",1,1,,1,,,,,,,,,,
10726,variable,HERB-204,,"Juft Baloot (Oak Acorn)",1,0,visible,,,,,taxable,,1,,,0,0,,,,,1,,,,Herbs,,,,,,,,,,,,0,,weight,"10g, 125g, 500g, 50g",1,1,,1,,,,,,,,,,
10727,variable,HERB-205,,"Jamal (Jamalgota / Physic Nut)",1,0,visible,,,,,taxable,,1,,,0,0,,,,,1,,,,Herbs,,,,,,,,,,,,0,,weight,10g,1,1,,1,,,,,,,,,,
10728,variable,HERB-206,,"Jun Sang",1,0,visible,,,,,taxable,,1,,,0,0,,,,,1,,,,Herbs,,,,,,,,,,,,0,,weight,"10g, 50g",1,1,,1,,,,,,,,,,
10729,variable,HERB-207,,"Jund Bedastar (Castoreum)",1,0,visible,,,,,taxable,,1,,,0,0,,,,,1,,,,Herbs,,,,,,,,,,,,0,,weight,"10g, 50g",1,1,,1,,,,,,,,,,
10730,variable,HERB-208,,"Joakhar (Potassium Carbonate)",1,0,visible,,,,,taxable,,1,,,0,0,,,,,1,,,,Herbs,,,,,,,,,,,,0,,weight,"125g, 500g, 50g",1,1,,1,,,,,,,,,,
10731,variable,HERB-209,,"Jawansa (Alhagi Maurorum)",1,0,visible,,,,,taxable,,1,,,0,0,,,,,1,,,,Herbs,,,,,,,,,,,,0,,weight,"125g, 500g, 50g",1,1,,1,,,,,,,,,,
10732,variation,,,"Javitri (Mace) - 10g",1,0,visible,,,,,taxable,parent,1,,,0,0,,,,,0,,,80,,,,,,,HERB-199,,,,,,0,,weight,10g,,1,,,,,,,,,,,,
10733,variation,,,"Jaifal (Nutmeg) - 50g",1,0,visible,,,,,taxable,parent,1,,,0,0,,,,,0,,,200,,,,,,,HERB-200,,,,,,0,,weight,50g,,1,,,,,,,,,,,,
10734,variation,,,"Jaifal (Nutmeg) - 10g",1,0,visible,,,,,taxable,parent,1,,,0,0,,,,,0,,,40,,,,,,,HERB-200,,,,,,0,,weight,10g,,1,,,,,,,,,,,,
10735,variation,,,"Jadwar (Delphinium Denudatum) - 500g",1,0,visible,,,,,taxable,parent,1,,,0,0,,,,,0,,,1800,,,,,,,HERB-201,,,,,,0,,weight,500g,,1,,,,,,,,,,,,
10736,variation,,,"Jadwar (Delphinium Denudatum) - 125g",1,0,visible,,,,,taxable,parent,1,,,0,0,,,,,0,,,450,,,,,,,HERB-201,,,,,,0,,weight,125g,,1,,,,,,,,,,,,
10737,variation,,,"Jadwar (Delphinium Denudatum) - 50g",1,0,visible,,,,,taxable,parent,1,,,0,0,,,,,0,,,200,,,,,,,HERB-201,,,,,,0,,weight,50g,,1,,,,,,,,,,,,
10738,variation,,,"Jadwar (Delphinium Denudatum) - 10g",1,0,visible,,,,,taxable,parent,1,,,0,0,,,,,0,,,40,,,,,,,HERB-201,,,,,,0,,weight,10g,,1,,,,,,,,,,,,
10739,variation,,,"Juft Baloot (Oak Acorn) - 500g",1,0,visible,,,,,taxable,parent,1,,,0,0,,,,,0,,,600,,,,,,,HERB-204,,,,,,0,,weight,500g,,1,,,,,,,,,,,,
10740,variation,,,"Juft Baloot (Oak Acorn) - 125g",1,0,visible,,,,,taxable,parent,1,,,0,0,,,,,0,,,300,,,,,,,HERB-204,,,,,,0,,weight,125g,,1,,,,,,,,,,,,
10741,variation,,,"Juft Baloot (Oak Acorn) - 50g",1,0,visible,,,,,taxable,parent,1,,,0,0,,,,,0,,,180,,,,,,,HERB-204,,,,,,0,,weight,50g,,1,,,,,,,,,,,,
10742,variation,,,"Juft Baloot (Oak Acorn) - 10g",1,0,visible,,,,,taxable,parent,1,,,0,0,,,,,0,,,40,,,,,,,HERB-204,,,,,,0,,weight,10g,,1,,,,,,,,,,,,
10743,variation,,,"Jamal (Jamalgota / Physic Nut) - 10g",1,0,visible,,,,,taxable,parent,1,,,0,0,,,,,0,,,50,,,,,,,HERB-205,,,,,,0,,weight,10g,,1,,,,,,,,,,,,
10744,variation,,,"Jun Sang - 50g",1,0,visible,,,,,taxable,parent,1,,,0,0,,,,,0,,,800,,,,,,,HERB-206,,,,,,0,,weight,50g,,1,,,,,,,,,,,,
10745,variation,,,"Jun Sang - 10g",1,0,visible,,,,,taxable,parent,1,,,0,0,,,,,0,,,200,,,,,,,HERB-206,,,,,,0,,weight,10g,,1,,,,,,,,,,,,
10746,variation,,,"Jund Bedastar (Castoreum) - 50g",1,0,visible,,,,,taxable,parent,1,,,0,0,,,,,0,,,230,,,,,,,HERB-207,,,,,,0,,weight,50g,,1,,,,,,,,,,,,
10747,variation,,,"Jund Bedastar (Castoreum) - 10g",1,0,visible,,,,,taxable,parent,1,,,0,0,,,,,0,,,50,,,,,,,HERB-207,,,,,,0,,weight,10g,,1,,,,,,,,,,,,
10748,variation,,,"Joakhar (Potassium Carbonate) - 500g",1,0,visible,,,,,taxable,parent,1,,,0,0,,,,,0,,,180,,,,,,,HERB-208,,,,,,0,,weight,500g,,1,,,,,,,,,,,,
10749,variation,,,"Joakhar (Potassium Carbonate) - 125g",1,0,visible,,,,,taxable,parent,1,,,0,0,,,,,0,,,60,,,,,,,HERB-208,,,,,,0,,weight,125g,,1,,,,,,,,,,,,
10750,variation,,,"Joakhar (Potassium Carbonate) - 50g",1,0,visible,,,,,taxable,parent,1,,,0,0,,,,,0,,,20,,,,,,,HERB-208,,,,,,0,,weight,50g,,1,,,,,,,,,,,,
10751,variation,,,"Jawansa (Alhagi Maurorum) - 500g",1,0,visible,,,,,taxable,parent,1,,,0,0,,,,,0,,,180,,,,,,,HERB-209,,,,,,0,,weight,500g,,1,,,,,,,,,,,,
10752,variation,,,"Jawansa (Alhagi Maurorum) - 125g",1,0,visible,,,,,taxable,parent,1,,,0,0,,,,,0,,,80,,,,,,,HERB-209,,,,,,0,,weight,125g,,1,,,,,,,,,,,,
10753,variable,HERB-210,,"Jonkh (Dried Leech / جونکھ)",1,0,visible,,,,,taxable,,1,,,0,0,,,,,1,,,,Herbs,,,,,,,,,,,,0,,weight,"10g, 125g, 500g, 50g",1,1,,1,,,,,,,,,,
10754,variable,HERB-212,,"Chitrak (Plumbago Root / Leadwort)",1,0,visible,,,,,taxable,,1,,,0,0,,,,,1,,,,Herbs,,,,,,,,,,,,0,,weight,"125g, 500g, 50g",1,1,,1,,,,,,,,,,
10755,variable,HERB-213,,"Charaita Talkh India (Bitter Chiretta)",1,0,visible,,,,,taxable,,1,,,0,0,,,,,1,,,,Herbs,,,,,,,,,,,,0,,weight,"125g, 500g, 50g",1,1,,1,,,,,,,,,,
10756,variable,HERB-214,,"Charaita Talkh Nepali",1,0,visible,,,,,taxable,,1,,,0,0,,,,,1,,,,Herbs,,,,,,,,,,,,0,,weight,"10g, 50g",1,1,,1,,,,,,,,,,
10757,variable,HERB-216,,"Chukandar Powder (Beetroot Powder / چقندر پاؤڈر)",1,0,visible,,,,,taxable,,1,,,0,0,,,,,1,,,,Herbs,,,,,,,,,,,,0,,weight,"125g, 500g, 50g",1,1,,1,,,,,,,,,,
10758,variable,HERB-217,,"Chikni Supari (Betel Nut Chikna)",1,0,visible,,,,,taxable,,1,,,0,0,,,,,1,,,,Herbs,,,,,,,,,,,,0,,weight,"10g, 125g, 500g, 50g",1,1,,1,,,,,,,,,,
10759,variable,HERB-218,,"Chaksu (Absus Seeds)",1,0,visible,,,,,taxable,,1,,,0,0,,,,,1,,,,Herbs,,,,,,,,,,,,0,,weight,"10g, 125g, 500g, 50g",1,1,,1,,,,,,,,,,
10760,variation,,,"Jawansa (Alhagi Maurorum) - 50g",1,0,visible,,,,,taxable,parent,1,,,0,0,,,,,0,,,30,,,,,,,HERB-209,,,,,,0,,weight,50g,,1,,,,,,,,,,,,
10761,variation,,,"Jonkh (Dried Leech / جونکھ) - 500g",1,0,visible,,,,,taxable,parent,1,,,0,0,,,,,0,,,900,,,,,,,HERB-210,,,,,,0,,weight,500g,,1,,,,,,,,,,,,
10762,variation,,,"Jonkh (Dried Leech / جونکھ) - 125g",1,0,visible,,,,,taxable,parent,1,,,0,0,,,,,0,,,300,,,,,,,HERB-210,,,,,,0,,weight,125g,,1,,,,,,,,,,,,
10763,variation,,,"Jonkh (Dried Leech / جونکھ) - 50g",1,0,visible,,,,,taxable,parent,1,,,0,0,,,,,0,,,130,,,,,,,HERB-210,,,,,,0,,weight,50g,,1,,,,,,,,,,,,
10764,variation,,,"Jonkh (Dried Leech / جونکھ) - 10g",1,0,visible,,,,,taxable,parent,1,,,0,0,,,,,0,,,30,,,,,,,HERB-210,,,,,,0,,weight,10g,,1,,,,,,,,,,,,
10765,variation,,,"Chitrak (Plumbago Root / Leadwort) - 500g",1,0,visible,,,,,taxable,parent,1,,,0,0,,,,,0,,,350,,,,,,,HERB-212,,,,,,0,,weight,500g,,1,,,,,,,,,,,,
10766,variation,,,"Chitrak (Plumbago Root / Leadwort) - 125g",1,0,visible,,,,,taxable,parent,1,,,0,0,,,,,0,,,100,,,,,,,HERB-212,,,,,,0,,weight,125g,,1,,,,,,,,,,,,
10767,variation,,,"Chitrak (Plumbago Root / Leadwort) - 50g",1,0,visible,,,,,taxable,parent,1,,,0,0,,,,,0,,,40,,,,,,,HERB-212,,,,,,0,,weight,50g,,1,,,,,,,,,,,,
10768,variation,,,"Charaita Talkh India (Bitter Chiretta) - 500g",1,0,visible,,,,,taxable,parent,1,,,0,0,,,,,0,,,350,,,,,,,HERB-213,,,,,,0,,weight,500g,,1,,,,,,,,,,,,
10769,variation,,,"Charaita Talkh India (Bitter Chiretta) - 125g",1,0,visible,,,,,taxable,parent,1,,,0,0,,,,,0,,,100,,,,,,,HERB-213,,,,,,0,,weight,125g,,1,,,,,,,,,,,,
10770,variation,,,"Charaita Talkh India (Bitter Chiretta) - 50g",1,0,visible,,,,,taxable,parent,1,,,0,0,,,,,0,,,40,,,,,,,HERB-213,,,,,,0,,weight,50g,,1,,,,,,,,,,,,
10771,variation,,,"Charaita Talkh Nepali - 50g",1,0,visible,,,,,taxable,parent,1,,,0,0,,,,,0,,,350,,,,,,,HERB-214,,,,,,0,,weight,50g,,1,,,,,,,,,,,,
10772,variation,,,"Charaita Talkh Nepali - 10g",1,0,visible,,,,,taxable,parent,1,,,0,0,,,,,0,,,70,,,,,,,HERB-214,,,,,,0,,weight,10g,,1,,,,,,,,,,,,
10773,variation,,,"Chukandar Powder (Beetroot Powder / چقندر پاؤڈر) - 500g",1,0,visible,,,,,taxable,parent,1,,,0,0,,,,,0,,,1500,,,,,,,HERB-216,,,,,,0,,weight,500g,,1,,,,,,,,,,,,
10774,variation,,,"Chukandar Powder (Beetroot Powder / چقندر پاؤڈر) - 125g",1,0,visible,,,,,taxable,parent,1,,,0,0,,,,,0,,,450,,,,,,,HERB-216,,,,,,0,,weight,125g,,1,,,,,,,,,,,,
10775,variation,,,"Chukandar Powder (Beetroot Powder / چقندر پاؤڈر) - 50g",1,0,visible,,,,,taxable,parent,1,,,0,0,,,,,0,,,200,,,,,,,HERB-216,,,,,,0,,weight,50g,,1,,,,,,,,,,,,
10776,variation,,,"Chikni Supari (Betel Nut Chikna) - 500g",1,0,visible,,,,,taxable,parent,1,,,0,0,,,,,0,,,2300,,,,,,,HERB-217,,,,,,0,,weight,500g,,1,,,,,,,,,,,,
10777,variation,,,"Chikni Supari (Betel Nut Chikna) - 125g",1,0,visible,,,,,taxable,parent,1,,,0,0,,,,,0,,,600,,,,,,,HERB-217,,,,,,0,,weight,125g,,1,,,,,,,,,,,,
10778,variation,,,"Chikni Supari (Betel Nut Chikna) - 50g",1,0,visible,,,,,taxable,parent,1,,,0,0,,,,,0,,,250,,,,,,,HERB-217,,,,,,0,,weight,50g,,1,,,,,,,,,,,,
10779,variation,,,"Chikni Supari (Betel Nut Chikna) - 10g",1,0,visible,,,,,taxable,parent,1,,,0,0,,,,,0,,,50,,,,,,,HERB-217,,,,,,0,,weight,10g,,1,,,,,,,,,,,,
10780,variation,,,"Chaksu (Absus Seeds) - 500g",1,0,visible,,,,,taxable,parent,1,,,0,0,,,,,0,,,2800,,,,,,,HERB-218,,,,,,0,,weight,500g,,1,,,,,,,,,,,,
10781,variation,,,"Chaksu (Absus Seeds) - 125g",1,0,visible,,,,,taxable,parent,1,,,0,0,,,,,0,,,750,,,,,,,HERB-218,,,,,,0,,weight,125g,,1,,,,,,,,,,,,
10782,variation,,,"Chaksu (Absus Seeds) - 50g",1,0,visible,,,,,taxable,parent,1,,,0,0,,,,,0,,,300,,,,,,,HERB-218,,,,,,0,,weight,50g,,1,,,,,,,,,,,,
10783,variable,HERB-219,,"Chaksu Powder (Absus Seeds Powder)",1,0,visible,,,,,taxable,,1,,,0,0,,,,,1,,,,Herbs,,,,,,,,,,,,0,,weight,"10g, 125g, 500g, 50g",1,1,,1,,,,,,,,,,
10784,variable,HERB-220,,"Chaal Arjan (Arjun Bark)",1,0,visible,,,,,taxable,,1,,,0,0,,,,,1,,,,Herbs,,,,,,,,,,,,0,,weight,"125g, 500g, 50g",1,1,,1,,,,,,,,,,
10785,variable,HERB-221,,"Kaneer Chaal (Oleander Bark)",1,0,visible,,,,,taxable,,1,,,0,0,,,,,1,,,,Herbs,,,,,,,,,,,,0,,weight,"125g, 500g, 50g",1,1,,1,,,,,,,,,,
10786,variable,HERB-222,,"Kikar Chaal (Babul Bark / Acacia)",1,0,visible,,,,,taxable,,1,,,0,0,,,,,1,,,,Herbs,,,,,,,,,,,,0,,weight,"125g, 500g, 50g",1,1,,1,,,,,,,,,,
10787,variable,HERB-224,,"Chaal Neem (Neem Bark)",1,0,visible,,,,,taxable,,1,,,0,0,,,,,1,,,,Herbs,,,,,,,,,,,,0,,weight,"125g, 500g, 50g",1,1,,1,,,,,,,,,,
10788,variable,HERB-227,,"Chob Cheeni (China Root / چوب چینی)",1,0,visible,,,,,taxable,,1,,,0,0,,,,,1,,,,Herbs,,,,,,,,,,,,0,,weight,"10g, 125g, 500g, 50g",1,1,,1,,,,,,,,,,
10789,variable,HERB-228,,"Chiyah Seed (Chia Seeds)",1,0,visible,,,,,taxable,,1,,,0,0,,,,,1,,,,Herbs,,,,,,,,,,,,0,,weight,"125g, 500g, 50g",1,1,,1,,,,,,,,,,
10790,variation,,,"Chaksu (Absus Seeds) - 10g",1,0,visible,,,,,taxable,parent,1,,,0,0,,,,,0,,,60,,,,,,,HERB-218,,,,,,0,,weight,10g,,1,,,,,,,,,,,,
10791,variation,,,"Chaksu Powder (Absus Seeds Powder) - 500g",1,0,visible,,,,,taxable,parent,1,,,0,0,,,,,0,,,2800,,,,,,,HERB-219,,,,,,0,,weight,500g,,1,,,,,,,,,,,,
10792,variation,,,"Chaksu Powder (Absus Seeds Powder) - 125g",1,0,visible,,,,,taxable,parent,1,,,0,0,,,,,0,,,750,,,,,,,HERB-219,,,,,,0,,weight,125g,,1,,,,,,,,,,,,
10793,variation,,,"Chaksu Powder (Absus Seeds Powder) - 50g",1,0,visible,,,,,taxable,parent,1,,,0,0,,,,,0,,,300,,,,,,,HERB-219,,,,,,0,,weight,50g,,1,,,,,,,,,,,,
10794,variation,,,"Chaksu Powder (Absus Seeds Powder) - 10g",1,0,visible,,,,,taxable,parent,1,,,0,0,,,,,0,,,60,,,,,,,HERB-219,,,,,,0,,weight,10g,,1,,,,,,,,,,,,
10795,variation,,,"Chaal Arjan (Arjun Bark) - 500g",1,0,visible,,,,,taxable,parent,1,,,0,0,,,,,0,,,200,,,,,,,HERB-220,,,,,,0,,weight,500g,,1,,,,,,,,,,,,
10796,variation,,,"Chaal Arjan (Arjun Bark) - 125g",1,0,visible,,,,,taxable,parent,1,,,0,0,,,,,0,,,100,,,,,,,HERB-220,,,,,,0,,weight,125g,,1,,,,,,,,,,,,
10797,variation,,,"Chaal Arjan (Arjun Bark) - 50g",1,0,visible,,,,,taxable,parent,1,,,0,0,,,,,0,,,40,,,,,,,HERB-220,,,,,,0,,weight,50g,,1,,,,,,,,,,,,
10798,variation,,,"Kaneer Chaal (Oleander Bark) - 500g",1,0,visible,,,,,taxable,parent,1,,,0,0,,,,,0,,,180,,,,,,,HERB-221,,,,,,0,,weight,500g,,1,,,,,,,,,,,,
10799,variation,,,"Kaneer Chaal (Oleander Bark) - 125g",1,0,visible,,,,,taxable,parent,1,,,0,0,,,,,0,,,70,,,,,,,HERB-221,,,,,,0,,weight,125g,,1,,,,,,,,,,,,
10800,variation,,,"Kaneer Chaal (Oleander Bark) - 50g",1,0,visible,,,,,taxable,parent,1,,,0,0,,,,,0,,,30,,,,,,,HERB-221,,,,,,0,,weight,50g,,1,,,,,,,,,,,,
10801,variation,,,"Kikar Chaal (Babul Bark / Acacia) - 500g",1,0,visible,,,,,taxable,parent,1,,,0,0,,,,,0,,,180,,,,,,,HERB-222,,,,,,0,,weight,500g,,1,,,,,,,,,,,,
10802,variation,,,"Kikar Chaal (Babul Bark / Acacia) - 125g",1,0,visible,,,,,taxable,parent,1,,,0,0,,,,,0,,,70,,,,,,,HERB-222,,,,,,0,,weight,125g,,1,,,,,,,,,,,,
10803,variation,,,"Kikar Chaal (Babul Bark / Acacia) - 50g",1,0,visible,,,,,taxable,parent,1,,,0,0,,,,,0,,,30,,,,,,,HERB-222,,,,,,0,,weight,50g,,1,,,,,,,,,,,,
10804,variation,,,"Chaal Neem (Neem Bark) - 500g",1,0,visible,,,,,taxable,parent,1,,,0,0,,,,,0,,,180,,,,,,,HERB-224,,,,,,0,,weight,500g,,1,,,,,,,,,,,,
10805,variation,,,"Chaal Neem (Neem Bark) - 125g",1,0,visible,,,,,taxable,parent,1,,,0,0,,,,,0,,,70,,,,,,,HERB-224,,,,,,0,,weight,125g,,1,,,,,,,,,,,,
10806,variation,,,"Chaal Neem (Neem Bark) - 50g",1,0,visible,,,,,taxable,parent,1,,,0,0,,,,,0,,,30,,,,,,,HERB-224,,,,,,0,,weight,50g,,1,,,,,,,,,,,,
10807,variation,,,"Chob Cheeni (China Root / چوب چینی) - 500g",1,0,visible,,,,,taxable,parent,1,,,0,0,,,,,0,,,1200,,,,,,,HERB-227,,,,,,0,,weight,500g,,1,,,,,,,,,,,,
10808,variation,,,"Chob Cheeni (China Root / چوب چینی) - 125g",1,0,visible,,,,,taxable,parent,1,,,0,0,,,,,0,,,400,,,,,,,HERB-227,,,,,,0,,weight,125g,,1,,,,,,,,,,,,
10809,variation,,,"Chob Cheeni (China Root / چوب چینی) - 50g",1,0,visible,,,,,taxable,parent,1,,,0,0,,,,,0,,,200,,,,,,,HERB-227,,,,,,0,,weight,50g,,1,,,,,,,,,,,,
10810,variation,,,"Chob Cheeni (China Root / چوب چینی) - 10g",1,0,visible,,,,,taxable,parent,1,,,0,0,,,,,0,,,40,,,,,,,HERB-227,,,,,,0,,weight,10g,,1,,,,,,,,,,,,
10811,variation,,,"Chiyah Seed (Chia Seeds) - 500g",1,0,visible,,,,,taxable,parent,1,,,0,0,,,,,0,,,1050,,,,,,,HERB-228,,,,,,0,,weight,500g,,1,,,,,,,,,,,,
10812,variation,,,"Chiyah Seed (Chia Seeds) - 125g",1,0,visible,,,,,taxable,parent,1,,,0,0,,,,,0,,,280,,,,,,,HERB-228,,,,,,0,,weight,125g,,1,,,,,,,,,,,,
10813,variable,HERB-229,,"Halon (Garden Cress Seeds)",1,0,visible,,,,,taxable,,1,,,0,0,,,,,1,,,,Herbs,,,,,,,,,,,,0,,weight,"125g, 500g, 50g",1,1,,1,,,,,,,,,,
10814,variable,HERB-230,,"Tukhm Hab Al Aas (Myrtle Seeds / تخم حب الاس)",1,0,visible,,,,,taxable,,1,,,0,0,,,,,1,,,,Herbs,,,,,,,,,,,,0,,weight,"125g, 500g, 50g",1,1,,1,,,,,,,,,,
10815,variable,HERB-231,,"Hajrul Yahood - Fossil Encrinite / Jew's Stone - حجر الیہود",1,0,visible,,,,,taxable,,1,,,0,0,,,,,1,,,,Herbs,,,,,,,,,,,,0,,weight,"125g, 500g, 50g",1,1,,1,,,,,,,,,,
10816,variable,HERB-232,,"Husn e Yousuf Powder - Natural Skin Whitening Herb - حسن یوسف",1,0,visible,,,,,taxable,,1,,,0,0,,,,,1,,,,Herbs,,,,,,,,,,,,0,,weight,"10g, 125g, 500g, 50g",1,1,,1,,,,,,,,,,
10817,variable,HERB-234,,"Khaksi (Sisymbrium Irio)",1,0,visible,,,,,taxable,,1,,,0,0,,,,,1,,,,Herbs,,,,,,,,,,,,0,,weight,"125g, 500g, 50g",1,1,,1,,,,,,,,,,
10818,variable,HERB-235,,"Kharateen (Earthworms)",1,0,visible,,,,,taxable,,1,,,0,0,,,,,1,,,,Herbs,,,,,,,,,,,,0,,weight,"10g, 50g",1,1,,1,,,,,,,,,,
10819,variable,HERB-237,,"Khashkhash Safaid (White Poppy Seeds)",1,0,visible,,,,,taxable,,1,,,0,0,,,,,1,,,,Herbs,,,,,,,,,,,,0,,weight,"125g, 500g, 50g",1,1,,1,,,,,,,,,,
10820,variation,,,"Chiyah Seed (Chia Seeds) - 50g",1,0,visible,,,,,taxable,parent,1,,,0,0,,,,,0,,,120,,,,,,,HERB-228,,,,,,0,,weight,50g,,1,,,,,,,,,,,,
10821,variation,,,"Halon (Garden Cress Seeds) - 500g",1,0,visible,,,,,taxable,parent,1,,,0,0,,,,,0,,,500,,,,,,,HERB-229,,,,,,0,,weight,500g,,1,,,,,,,,,,,,
10822,variation,,,"Halon (Garden Cress Seeds) - 125g",1,0,visible,,,,,taxable,parent,1,,,0,0,,,,,0,,,180,,,,,,,HERB-229,,,,,,0,,weight,125g,,1,,,,,,,,,,,,
10823,variation,,,"Halon (Garden Cress Seeds) - 50g",1,0,visible,,,,,taxable,parent,1,,,0,0,,,,,0,,,80,,,,,,,HERB-229,,,,,,0,,weight,50g,,1,,,,,,,,,,,,
10824,variation,,,"Tukhm Hab Al Aas (Myrtle Seeds / تخم حب الاس) - 500g",1,0,visible,,,,,taxable,parent,1,,,0,0,,,,,0,,,900,,,,,,,HERB-230,,,,,,0,,weight,500g,,1,,,,,,,,,,,,
10825,variation,,,"Tukhm Hab Al Aas (Myrtle Seeds / تخم حب الاس) - 125g",1,0,visible,,,,,taxable,parent,1,,,0,0,,,,,0,,,230,,,,,,,HERB-230,,,,,,0,,weight,125g,,1,,,,,,,,,,,,
10826,variation,,,"Tukhm Hab Al Aas (Myrtle Seeds / تخم حب الاس) - 50g",1,0,visible,,,,,taxable,parent,1,,,0,0,,,,,0,,,100,,,,,,,HERB-230,,,,,,0,,weight,50g,,1,,,,,,,,,,,,
10827,variation,,,"Hajrul Yahood - Fossil Encrinite / Jew's Stone - حجر الیہود - 500g",1,0,visible,,,,,taxable,parent,1,,,0,0,,,,,0,,,1050,,,,,,,HERB-231,,,,,,0,,weight,500g,,1,,,,,,,,,,,,
10828,variation,,,"Hajrul Yahood - Fossil Encrinite / Jew's Stone - حجر الیہود - 125g",1,0,visible,,,,,taxable,parent,1,,,0,0,,,,,0,,,280,,,,,,,HERB-231,,,,,,0,,weight,125g,,1,,,,,,,,,,,,
10829,variation,,,"Hajrul Yahood - Fossil Encrinite / Jew's Stone - حجر الیہود - 50g",1,0,visible,,,,,taxable,parent,1,,,0,0,,,,,0,,,120,,,,,,,HERB-231,,,,,,0,,weight,50g,,1,,,,,,,,,,,,
10830,variation,,,"Husn e Yousuf Powder - Natural Skin Whitening Herb - حسن یوسف - 500g",1,0,visible,,,,,taxable,parent,1,,,0,0,,,,,0,,,1100,,,,,,,HERB-232,,,,,,0,,weight,500g,,1,,,,,,,,,,,,
10831,variation,,,"Husn e Yousuf Powder - Natural Skin Whitening Herb - حسن یوسف - 125g",1,0,visible,,,,,taxable,parent,1,,,0,0,,,,,0,,,280,,,,,,,HERB-232,,,,,,0,,weight,125g,,1,,,,,,,,,,,,
10832,variation,,,"Husn e Yousuf Powder - Natural Skin Whitening Herb - حسن یوسف - 50g",1,0,visible,,,,,taxable,parent,1,,,0,0,,,,,0,,,120,,,,,,,HERB-232,,,,,,0,,weight,50g,,1,,,,,,,,,,,,
10833,variation,,,"Husn e Yousuf Powder - Natural Skin Whitening Herb - حسن یوسف - 10g",1,0,visible,,,,,taxable,parent,1,,,0,0,,,,,0,,,50,,,,,,,HERB-232,,,,,,0,,weight,10g,,1,,,,,,,,,,,,
10834,variation,,,"Khaksi (Sisymbrium Irio) - 500g",1,0,visible,,,,,taxable,parent,1,,,0,0,,,,,0,,,900,,,,,,,HERB-234,,,,,,0,,weight,500g,,1,,,,,,,,,,,,
10835,variation,,,"Khaksi (Sisymbrium Irio) - 125g",1,0,visible,,,,,taxable,parent,1,,,0,0,,,,,0,,,230,,,,,,,HERB-234,,,,,,0,,weight,125g,,1,,,,,,,,,,,,
10836,variation,,,"Khaksi (Sisymbrium Irio) - 50g",1,0,visible,,,,,taxable,parent,1,,,0,0,,,,,0,,,100,,,,,,,HERB-234,,,,,,0,,weight,50g,,1,,,,,,,,,,,,
10837,variation,,,"Kharateen (Earthworms) - 50g",1,0,visible,,,,,taxable,parent,1,,,0,0,,,,,0,,,950,,,,,,,HERB-235,,,,,,0,,weight,50g,,1,,,,,,,,,,,,
10838,variation,,,"Kharateen (Earthworms) - 10g",1,0,visible,,,,,taxable,parent,1,,,0,0,,,,,0,,,200,,,,,,,HERB-235,,,,,,0,,weight,10g,,1,,,,,,,,,,,,
10839,variation,,,"Khashkhash Safaid (White Poppy Seeds) - 500g",1,0,visible,,,,,taxable,parent,1,,,0,0,,,,,0,,,600,,,,,,,HERB-237,,,,,,0,,weight,500g,,1,,,,,,,,,,,,
10840,variation,,,"Khashkhash Safaid (White Poppy Seeds) - 125g",1,0,visible,,,,,taxable,parent,1,,,0,0,,,,,0,,,220,,,,,,,HERB-237,,,,,,0,,weight,125g,,1,,,,,,,,,,,,
10841,variation,,,"Khashkhash Safaid (White Poppy Seeds) - 50g",1,0,visible,,,,,taxable,parent,1,,,0,0,,,,,0,,,100,,,,,,,HERB-237,,,,,,0,,weight,50g,,1,,,,,,,,,,,,
10842,variable,HERB-238,,"Khulanjan (Galangal Root)",1,0,visible,,,,,taxable,,1,,,0,0,,,,,1,,,,Herbs,,,,,,,,,,,,0,,weight,"125g, 500g, 50g",1,1,,1,,,,,,,,,,
10843,variable,HERB-239,,"Khulanjan Powder",1,0,visible,,,,,taxable,,1,,,0,0,,,,,1,,,,Herbs,,,,,,,,,,,,0,,weight,"125g, 500g, 50g",1,1,,1,,,,,,,,,,
10844,variable,HERB-241,,"Dar Chini - Cinnamon Stick - دارچینی",1,0,visible,,,,,taxable,,1,,,0,0,,,,,1,,,,Herbs,,,,,,,,,,,,0,,weight,"10g, 125g, 500g, 50g",1,1,,1,,,,,,,,,,
10845,variable,HERB-242,,"Sri Lankan Dar Chini - Ceylon Cinnamon Stick - دارچینی سری لنکن",1,0,visible,,,,,taxable,,1,,,0,0,,,,,1,,,,Herbs,,,,,,,,,,,,0,,weight,"10g, 125g, 500g, 50g",1,1,,1,,,,,,,,,,
10846,variable,HERB-243,,"Daal Kulthi - Horse Gram - دال کلتھی",1,0,visible,,,,,taxable,,1,,,0,0,,,,,1,,,,Herbs,,,,,,,,,,,,0,,weight,"125g, 500g, 50g",1,1,,1,,,,,,,,,,
10847,variable,HERB-244,,"Daroonaj Aqrabi (Leopard's Bane)",1,0,visible,,,,,taxable,,1,,,0,0,,,,,1,,,,Herbs,,,,,,,,,,,,0,,weight,"125g, 500g, 50g",1,1,,1,,,,,,,,,,
10848,variable,HERB-245,,"Darya-e-Narjeel (Sea Coconut)",1,0,visible,,,,,taxable,,1,,,0,0,,,,,1,,,,Herbs,,,,,,,,,,,,0,,weight,"125g, 500g, 50g",1,1,,1,,,,,,,,,,
10849,variation,,,"Khulanjan (Galangal Root) - 500g",1,0,visible,,,,,taxable,parent,1,,,0,0,,,,,0,,,800,,,,,,,HERB-238,,,,,,0,,weight,500g,,1,,,,,,,,,,,,
10850,variation,,,"Khulanjan (Galangal Root) - 125g",1,0,visible,,,,,taxable,parent,1,,,0,0,,,,,0,,,220,,,,,,,HERB-238,,,,,,0,,weight,125g,,1,,,,,,,,,,,,
10851,variation,,,"Khulanjan (Galangal Root) - 50g",1,0,visible,,,,,taxable,parent,1,,,0,0,,,,,0,,,100,,,,,,,HERB-238,,,,,,0,,weight,50g,,1,,,,,,,,,,,,
10852,variation,,,"Khulanjan Powder - 500g",1,0,visible,,,,,taxable,parent,1,,,0,0,,,,,0,,,800,,,,,,,HERB-239,,,,,,0,,weight,500g,,1,,,,,,,,,,,,
10853,variation,,,"Khulanjan Powder - 125g",1,0,visible,,,,,taxable,parent,1,,,0,0,,,,,0,,,220,,,,,,,HERB-239,,,,,,0,,weight,125g,,1,,,,,,,,,,,,
10854,variation,,,"Khulanjan Powder - 50g",1,0,visible,,,,,taxable,parent,1,,,0,0,,,,,0,,,100,,,,,,,HERB-239,,,,,,0,,weight,50g,,1,,,,,,,,,,,,
10855,variation,,,"Dar Chini - Cinnamon Stick - دارچینی - 500g",1,0,visible,,,,,taxable,parent,1,,,0,0,,,,,0,,,680,,,,,,,HERB-241,,,,,,0,,weight,500g,,1,,,,,,,,,,,,
10856,variation,,,"Dar Chini - Cinnamon Stick - دارچینی - 125g",1,0,visible,,,,,taxable,parent,1,,,0,0,,,,,0,,,180,,,,,,,HERB-241,,,,,,0,,weight,125g,,1,,,,,,,,,,,,
10857,variation,,,"Dar Chini - Cinnamon Stick - دارچینی - 50g",1,0,visible,,,,,taxable,parent,1,,,0,0,,,,,0,,,80,,,,,,,HERB-241,,,,,,0,,weight,50g,,1,,,,,,,,,,,,
10858,variation,,,"Dar Chini - Cinnamon Stick - دارچینی - 10g",1,0,visible,,,,,taxable,parent,1,,,0,0,,,,,0,,,20,,,,,,,HERB-241,,,,,,0,,weight,10g,,1,,,,,,,,,,,,
10859,variation,,,"Sri Lankan Dar Chini - Ceylon Cinnamon Stick - دارچینی سری لنکن - 500g",1,0,visible,,,,,taxable,parent,1,,,0,0,,,,,0,,,1600,,,,,,,HERB-242,,,,,,0,,weight,500g,,1,,,,,,,,,,,,
10860,variation,,,"Sri Lankan Dar Chini - Ceylon Cinnamon Stick - دارچینی سری لنکن - 125g",1,0,visible,,,,,taxable,parent,1,,,0,0,,,,,0,,,450,,,,,,,HERB-242,,,,,,0,,weight,125g,,1,,,,,,,,,,,,
10861,variation,,,"Sri Lankan Dar Chini - Ceylon Cinnamon Stick - دارچینی سری لنکن - 50g",1,0,visible,,,,,taxable,parent,1,,,0,0,,,,,0,,,200,,,,,,,HERB-242,,,,,,0,,weight,50g,,1,,,,,,,,,,,,
10862,variation,,,"Sri Lankan Dar Chini - Ceylon Cinnamon Stick - دارچینی سری لنکن - 10g",1,0,visible,,,,,taxable,parent,1,,,0,0,,,,,0,,,50,,,,,,,HERB-242,,,,,,0,,weight,10g,,1,,,,,,,,,,,,
10863,variation,,,"Daal Kulthi - Horse Gram - دال کلتھی - 500g",1,0,visible,,,,,taxable,parent,1,,,0,0,,,,,0,,,700,,,,,,,HERB-243,,,,,,0,,weight,500g,,1,,,,,,,,,,,,
10864,variation,,,"Daal Kulthi - Horse Gram - دال کلتھی - 125g",1,0,visible,,,,,taxable,parent,1,,,0,0,,,,,0,,,200,,,,,,,HERB-243,,,,,,0,,weight,125g,,1,,,,,,,,,,,,
10865,variation,,,"Daal Kulthi - Horse Gram - دال کلتھی - 50g",1,0,visible,,,,,taxable,parent,1,,,0,0,,,,,0,,,80,,,,,,,HERB-243,,,,,,0,,weight,50g,,1,,,,,,,,,,,,
10866,variation,,,"Daroonaj Aqrabi (Leopard's Bane) - 500g",1,0,visible,,,,,taxable,parent,1,,,0,0,,,,,0,,,700,,,,,,,HERB-244,,,,,,0,,weight,500g,,1,,,,,,,,,,,,
10867,variation,,,"Daroonaj Aqrabi (Leopard's Bane) - 125g",1,0,visible,,,,,taxable,parent,1,,,0,0,,,,,0,,,200,,,,,,,HERB-244,,,,,,0,,weight,125g,,1,,,,,,,,,,,,
10868,variation,,,"Daroonaj Aqrabi (Leopard's Bane) - 50g",1,0,visible,,,,,taxable,parent,1,,,0,0,,,,,0,,,80,,,,,,,HERB-244,,,,,,0,,weight,50g,,1,,,,,,,,,,,,
10869,variation,,,"Darya-e-Narjeel (Sea Coconut) - 500g",1,0,visible,,,,,taxable,parent,1,,,0,0,,,,,0,,,5000,,,,,,,HERB-245,,,,,,0,,weight,500g,,1,,,,,,,,,,,,
10870,variation,,,"Darya-e-Narjeel (Sea Coconut) - 125g",1,0,visible,,,,,taxable,parent,1,,,0,0,,,,,0,,,1500,,,,,,,HERB-245,,,,,,0,,weight,125g,,1,,,,,,,,,,,,
10871,variation,,,"Darya-e-Narjeel (Sea Coconut) - 50g",1,0,visible,,,,,taxable,parent,1,,,0,0,,,,,0,,,600,,,,,,,HERB-245,,,,,,0,,weight,50g,,1,,,,,,,,,,,,
10872,variable,HERB-246,,"Dakhni Mirch (White Pepper)",1,0,visible,,,,,taxable,,1,,,0,0,,,,,1,,,,Herbs,,,,,,,,,,,,0,,weight,"10g, 125g, 500g, 50g",1,1,,1,,,,,,,,,,
10873,variation,,,"Dakhni Mirch (White Pepper) - 500g",1,0,visible,,,,,taxable,parent,1,,,0,0,,,,,0,,,2200,,,,,,,HERB-246,,,,,,0,,weight,500g,,1,,,,,,,,,,,,
10874,variation,,,"Dakhni Mirch (White Pepper) - 125g",1,0,visible,,,,,taxable,parent,1,,,0,0,,,,,0,,,600,,,,,,,HERB-246,,,,,,0,,weight,125g,,1,,,,,,,,,,,,
10875,variation,,,"Dakhni Mirch (White Pepper) - 50g",1,0,visible,,,,,taxable,parent,1,,,0,0,,,,,0,,,250,,,,,,,HERB-246,,,,,,0,,weight,50g,,1,,,,,,,,,,,,
10876,variation,,,"Dakhni Mirch (White Pepper) - 10g",1,0,visible,,,,,taxable,parent,1,,,0,0,,,,,0,,,50,,,,,,,HERB-246,,,,,,0,,weight,10g,,1,,,,,,,,,,,,
10878,variable,HERB-248,,"Dama Booti - Asthma Weed",1,0,visible,,,,,taxable,,1,,,0,0,,,,,1,,,,Herbs,,,,,,,,,,,,0,,weight,"125g, 500g, 50g",1,1,,1,,,,,,,,,,
10879,variable,HERB-249,,"Dandasa - Walnut Tree Bark (Premium Tooth Whitener)",1,0,visible,,,,,taxable,,1,,,0,0,,,,,1,,,,Herbs,,,,,,,,,,,,0,,weight,"10g, 125g, 500g, 50g",1,1,,1,,,,,,,,,,
10880,variable,HERB-250,,"Dhatura Siyah - Black Datura Seeds / Stramonium",1,0,visible,,,,,taxable,,1,,,0,0,,,,,1,,,,Herbs,,,,,,,,,,,,0,,weight,"125g, 500g, 50g",1,1,,1,,,,,,,,,,
10881,variable,HERB-251,,"Dhaniya Giri - Coriander Seeds Kernel",1,0,visible,,,,,taxable,,1,,,0,0,,,,,1,,,,Herbs,,,,,,,,,,,,0,,weight,"125g, 500g, 50g",1,1,,1,,,,,,,,,,
10882,variable,HERB-254,,"Raal Safaid - White Dammar / Shorea Robusta Resin - رال سفید",1,0,visible,,,,,taxable,,1,,,0,0,,,,,1,,,,Herbs,,,,,,,,,,,,0,,weight,"125g, 500g, 50g",1,1,,1,,,,,,,,,,
10883,variable,HERB-255,,"Rai Bareek - Small Mustard Seeds",1,0,visible,,,,,taxable,,1,,,0,0,,,,,1,,,,Herbs,,,,,,,,,,,,0,,weight,"125g, 500g, 50g",1,1,,1,,,,,,,,,,
10884,variable,HERB-256,,"Ratan Jot - Alkanet Root Standard",1,0,visible,,,,,taxable,,1,,,0,0,,,,,1,,,,Herbs,,,,,,,,,,,,0,,weight,"125g, 500g, 50g",1,1,,1,,,,,,,,,,
10885,variation,,,"Dama Booti - Asthma Weed - 500g",1,0,visible,,,,,taxable,parent,1,,,0,0,,,,,0,,,350,,,,,,,HERB-248,,,,,,0,,weight,500g,,1,,,,,,,,,,,,
10886,variation,,,"Dama Booti - Asthma Weed - 125g",1,0,visible,,,,,taxable,parent,1,,,0,0,,,,,0,,,100,,,,,,,HERB-248,,,,,,0,,weight,125g,,1,,,,,,,,,,,,
10887,variation,,,"Dama Booti - Asthma Weed - 50g",1,0,visible,,,,,taxable,parent,1,,,0,0,,,,,0,,,40,,,,,,,HERB-248,,,,,,0,,weight,50g,,1,,,,,,,,,,,,
10888,variation,,,"Dandasa - Walnut Tree Bark (Premium Tooth Whitener) - 500g",1,0,visible,,,,,taxable,parent,1,,,0,0,,,,,0,,,1100,,,,,,,HERB-249,,,,,,0,,weight,500g,,1,,,,,,,,,,,,
10889,variation,,,"Dandasa - Walnut Tree Bark (Premium Tooth Whitener) - 125g",1,0,visible,,,,,taxable,parent,1,,,0,0,,,,,0,,,400,,,,,,,HERB-249,,,,,,0,,weight,125g,,1,,,,,,,,,,,,
10890,variation,,,"Dandasa - Walnut Tree Bark (Premium Tooth Whitener) - 50g",1,0,visible,,,,,taxable,parent,1,,,0,0,,,,,0,,,200,,,,,,,HERB-249,,,,,,0,,weight,50g,,1,,,,,,,,,,,,
10891,variation,,,"Dandasa - Walnut Tree Bark (Premium Tooth Whitener) - 10g",1,0,visible,,,,,taxable,parent,1,,,0,0,,,,,0,,,50,,,,,,,HERB-249,,,,,,0,,weight,10g,,1,,,,,,,,,,,,
10892,variation,,,"Dhatura Siyah - Black Datura Seeds / Stramonium - 500g",1,0,visible,,,,,taxable,parent,1,,,0,0,,,,,0,,,750,,,,,,,HERB-250,,,,,,0,,weight,500g,,1,,,,,,,,,,,,
10893,variation,,,"Dhatura Siyah - Black Datura Seeds / Stramonium - 125g",1,0,visible,,,,,taxable,parent,1,,,0,0,,,,,0,,,200,,,,,,,HERB-250,,,,,,0,,weight,125g,,1,,,,,,,,,,,,
10894,variation,,,"Dhatura Siyah - Black Datura Seeds / Stramonium - 50g",1,0,visible,,,,,taxable,parent,1,,,0,0,,,,,0,,,80,,,,,,,HERB-250,,,,,,0,,weight,50g,,1,,,,,,,,,,,,
10895,variation,,,"Dhaniya Giri - Coriander Seeds Kernel - 500g",1,0,visible,,,,,taxable,parent,1,,,0,0,,,,,0,,,820,,,,,,,HERB-251,,,,,,0,,weight,500g,,1,,,,,,,,,,,,
10896,variation,,,"Dhaniya Giri - Coriander Seeds Kernel - 125g",1,0,visible,,,,,taxable,parent,1,,,0,0,,,,,0,,,210,,,,,,,HERB-251,,,,,,0,,weight,125g,,1,,,,,,,,,,,,
10897,variation,,,"Dhaniya Giri - Coriander Seeds Kernel - 50g",1,0,visible,,,,,taxable,parent,1,,,0,0,,,,,0,,,90,,,,,,,HERB-251,,,,,,0,,weight,50g,,1,,,,,,,,,,,,
10898,variation,,,"Raal Safaid - White Dammar / Shorea Robusta Resin - رال سفید - 500g",1,0,visible,,,,,taxable,parent,1,,,0,0,,,,,0,,,500,,,,,,,HERB-254,,,,,,0,,weight,500g,,1,,,,,,,,,,,,
10899,variation,,,"Raal Safaid - White Dammar / Shorea Robusta Resin - رال سفید - 125g",1,0,visible,,,,,taxable,parent,1,,,0,0,,,,,0,,,150,,,,,,,HERB-254,,,,,,0,,weight,125g,,1,,,,,,,,,,,,
10900,variation,,,"Raal Safaid - White Dammar / Shorea Robusta Resin - رال سفید - 50g",1,0,visible,,,,,taxable,parent,1,,,0,0,,,,,0,,,60,,,,,,,HERB-254,,,,,,0,,weight,50g,,1,,,,,,,,,,,,
10901,variation,,,"Rai Bareek - Small Mustard Seeds - 500g",1,0,visible,,,,,taxable,parent,1,,,0,0,,,,,0,,,300,,,,,,,HERB-255,,,,,,0,,weight,500g,,1,,,,,,,,,,,,
10902,variation,,,"Rai Bareek - Small Mustard Seeds - 125g",1,0,visible,,,,,taxable,parent,1,,,0,0,,,,,0,,,100,,,,,,,HERB-255,,,,,,0,,weight,125g,,1,,,,,,,,,,,,
10903,variation,,,"Rai Bareek - Small Mustard Seeds - 50g",1,0,visible,,,,,taxable,parent,1,,,0,0,,,,,0,,,40,,,,,,,HERB-255,,,,,,0,,weight,50g,,1,,,,,,,,,,,,
10904,variation,,,"Ratan Jot - Alkanet Root Standard - 500g",1,0,visible,,,,,taxable,parent,1,,,0,0,,,,,0,,,940,,,,,,,HERB-256,,,,,,0,,weight,500g,,1,,,,,,,,,,,,
10905,variation,,,"Ratan Jot - Alkanet Root Standard - 125g",1,0,visible,,,,,taxable,parent,1,,,0,0,,,,,0,,,240,,,,,,,HERB-256,,,,,,0,,weight,125g,,1,,,,,,,,,,,,
10906,variation,,,"Ratan Jot - Alkanet Root Standard - 50g",1,0,visible,,,,,taxable,parent,1,,,0,0,,,,,0,,,100,,,,,,,HERB-256,,,,,,0,,weight,50g,,1,,,,,,,,,,,,
10907,variable,HERB-257,,"Ratan Jot TOP - Alkanet Root Premium TOP",1,0,visible,,,,,taxable,,1,,,0,0,,,,,1,,,,Herbs,,,,,,,,,,,,0,,weight,"10g, 125g, 500g, 50g",1,1,,1,,,,,,,,,,
10908,variable,HERB-261,,"Rasaut - Purified Barberry Extract / Berberis Aristata",1,0,visible,,,,,taxable,,1,,,0,0,,,,,1,,,,Herbs,,,,,,,,,,,,0,,weight,"10g, 125g, 500g, 50g",1,1,,1,,,,,,,,,,
10909,variable,HERB-262,,"Rosemary - Rosemary Leaves",1,0,visible,,,,,taxable,,1,,,0,0,,,,,1,,,,Herbs,,,,,,,,,,,,0,,weight,"10g, 125g, 500g, 50g",1,1,,1,,,,,,,,,,
10910,variable,HERB-263,,"Reetha - Soapnut / Sapindus Mukorossi",1,0,visible,,,,,taxable,,1,,,0,0,,,,,1,,,,Herbs,,,,,,,,,,,,0,,weight,500g,1,1,,1,,,,,,,,,,
10911,variable,HERB-265,,"Reg Mahi - Sand Fish / Scincus Scincus",1,0,visible,,,,,taxable,,1,,,0,0,,,,,1,,,,Herbs,,,,,,,,,,,,0,,weight,"10g, 50g",1,1,,1,,,,,,,,,,
10912,variable,HERB-266,,"Reawand Chini - Indian Rhubarb Root",1,0,visible,,,,,taxable,,1,,,0,0,,,,,1,,,,Herbs,,,,,,,,,,,,0,,weight,"125g, 500g, 50g",1,1,,1,,,,,,,,,,
10913,variable,HERB-267,,"Reawand Khatai - Chinese Rhubarb / Rheum Emodi",1,0,visible,,,,,taxable,,1,,,0,0,,,,,1,,,,Herbs,,,,,,,,,,,,0,,weight,"10g, 125g, 500g, 50g",1,1,,1,,,,,,,,,,
10914,variable,HERB-268,,"Zarawand - Birthwort / Aristolochia Rotunda",1,0,visible,,,,,taxable,,1,,,0,0,,,,,1,,,,Herbs,,,,,,,,,,,,0,,weight,"10g, 125g, 500g, 50g",1,1,,1,,,,,,,,,,
10915,variation,,,"Ratan Jot TOP - Alkanet Root Premium TOP - 500g",1,0,visible,,,,,taxable,parent,1,,,0,0,,,,,0,,,3000,,,,,,,HERB-257,,,,,,0,,weight,500g,,1,,,,,,,,,,,,
10916,variation,,,"Ratan Jot TOP - Alkanet Root Premium TOP - 125g",1,0,visible,,,,,taxable,parent,1,,,0,0,,,,,0,,,800,,,,,,,HERB-257,,,,,,0,,weight,125g,,1,,,,,,,,,,,,
10917,variation,,,"Ratan Jot TOP - Alkanet Root Premium TOP - 50g",1,0,visible,,,,,taxable,parent,1,,,0,0,,,,,0,,,350,,,,,,,HERB-257,,,,,,0,,weight,50g,,1,,,,,,,,,,,,
10918,variation,,,"Ratan Jot TOP - Alkanet Root Premium TOP - 10g",1,0,visible,,,,,taxable,parent,1,,,0,0,,,,,0,,,70,,,,,,,HERB-257,,,,,,0,,weight,10g,,1,,,,,,,,,,,,
10919,variation,,,"Rasaut - Purified Barberry Extract / Berberis Aristata - 500g",1,0,visible,,,,,taxable,parent,1,,,0,0,,,,,0,,,1900,,,,,,,HERB-261,,,,,,0,,weight,500g,,1,,,,,,,,,,,,
10920,variation,,,"Rasaut - Purified Barberry Extract / Berberis Aristata - 125g",1,0,visible,,,,,taxable,parent,1,,,0,0,,,,,0,,,480,,,,,,,HERB-261,,,,,,0,,weight,125g,,1,,,,,,,,,,,,
10921,variation,,,"Rasaut - Purified Barberry Extract / Berberis Aristata - 50g",1,0,visible,,,,,taxable,parent,1,,,0,0,,,,,0,,,200,,,,,,,HERB-261,,,,,,0,,weight,50g,,1,,,,,,,,,,,,
10922,variation,,,"Rasaut - Purified Barberry Extract / Berberis Aristata - 10g",1,0,visible,,,,,taxable,parent,1,,,0,0,,,,,0,,,40,,,,,,,HERB-261,,,,,,0,,weight,10g,,1,,,,,,,,,,,,
10923,variation,,,"Rosemary - Rosemary Leaves - 500g",1,0,visible,,,,,taxable,parent,1,,,0,0,,,,,0,,,700,,,,,,,HERB-262,,,,,,0,,weight,500g,,1,,,,,,,,,,,,
10924,variation,,,"Rosemary - Rosemary Leaves - 125g",1,0,visible,,,,,taxable,parent,1,,,0,0,,,,,0,,,250,,,,,,,HERB-262,,,,,,0,,weight,125g,,1,,,,,,,,,,,,
10925,variation,,,"Rosemary - Rosemary Leaves - 50g",1,0,visible,,,,,taxable,parent,1,,,0,0,,,,,0,,,150,,,,,,,HERB-262,,,,,,0,,weight,50g,,1,,,,,,,,,,,,
10926,variation,,,"Rosemary - Rosemary Leaves - 10g",1,0,visible,,,,,taxable,parent,1,,,0,0,,,,,0,,,30,,,,,,,HERB-262,,,,,,0,,weight,10g,,1,,,,,,,,,,,,
10927,variation,,,"Reetha - Soapnut / Sapindus Mukorossi - 500g",1,0,visible,,,,,taxable,parent,1,,,0,0,,,,,0,,,150,,,,,,,HERB-263,,,,,,0,,weight,500g,,1,,,,,,,,,,,,
10928,variation,,,"Reg Mahi - Sand Fish / Scincus Scincus - 50g",1,0,visible,,,,,taxable,parent,1,,,0,0,,,,,0,,,1200,,,,,,,HERB-265,,,,,,0,,weight,50g,,1,,,,,,,,,,,,
10929,variation,,,"Reg Mahi - Sand Fish / Scincus Scincus - 10g",1,0,visible,,,,,taxable,parent,1,,,0,0,,,,,0,,,250,,,,,,,HERB-265,,,,,,0,,weight,10g,,1,,,,,,,,,,,,
10930,variation,,,"Reawand Chini - Indian Rhubarb Root - 500g",1,0,visible,,,,,taxable,parent,1,,,0,0,,,,,0,,,350,,,,,,,HERB-266,,,,,,0,,weight,500g,,1,,,,,,,,,,,,
10931,variation,,,"Reawand Chini - Indian Rhubarb Root - 125g",1,0,visible,,,,,taxable,parent,1,,,0,0,,,,,0,,,100,,,,,,,HERB-266,,,,,,0,,weight,125g,,1,,,,,,,,,,,,
10932,variation,,,"Reawand Chini - Indian Rhubarb Root - 50g",1,0,visible,,,,,taxable,parent,1,,,0,0,,,,,0,,,40,,,,,,,HERB-266,,,,,,0,,weight,50g,,1,,,,,,,,,,,,
10933,variation,,,"Reawand Khatai - Chinese Rhubarb / Rheum Emodi - 500g",1,0,visible,,,,,taxable,parent,1,,,0,0,,,,,0,,,700,,,,,,,HERB-267,,,,,,0,,weight,500g,,1,,,,,,,,,,,,
10934,variation,,,"Reawand Khatai - Chinese Rhubarb / Rheum Emodi - 125g",1,0,visible,,,,,taxable,parent,1,,,0,0,,,,,0,,,250,,,,,,,HERB-267,,,,,,0,,weight,125g,,1,,,,,,,,,,,,
10935,variation,,,"Reawand Khatai - Chinese Rhubarb / Rheum Emodi - 50g",1,0,visible,,,,,taxable,parent,1,,,0,0,,,,,0,,,150,,,,,,,HERB-267,,,,,,0,,weight,50g,,1,,,,,,,,,,,,
10936,variation,,,"Reawand Khatai - Chinese Rhubarb / Rheum Emodi - 10g",1,0,visible,,,,,taxable,parent,1,,,0,0,,,,,0,,,30,,,,,,,HERB-267,,,,,,0,,weight,10g,,1,,,,,,,,,,,,
10937,variation,,,"Zarawand - Birthwort / Aristolochia Rotunda - 500g",1,0,visible,,,,,taxable,parent,1,,,0,0,,,,,0,,,800,,,,,,,HERB-268,,,,,,0,,weight,500g,,1,,,,,,,,,,,,
10938,variable,HERB-269,,"Zarshak - Barberry Berries",1,0,visible,,,,,taxable,,1,,,0,0,,,,,1,,,,Herbs,,,,,,,,,,,,0,,weight,"10g, 125g, 500g, 50g",1,1,,1,,,,,,,,,,
10939,variable,HERB-270,,"Zarnab Whole - Talispatra / Flacourtia Cataphracta",1,0,visible,,,,,taxable,,1,,,0,0,,,,,1,,,,Herbs,,,,,,,,,,,,0,,weight,"125g, 500g, 50g",1,1,,1,,,,,,,,,,
10940,variable,HERB-276,,"Zeera Safaid - White Cumin Seeds",1,0,visible,,,,,taxable,,1,,,0,0,,,,,1,,,,Herbs,,,,,,,,,,,,0,,weight,"125g, 500g, 50g",1,1,,1,,,,,,,,,,
10941,variable,HERB-277,,"Zeera Siyah - Black Cumin Seeds",1,0,visible,,,,,taxable,,1,,,0,0,,,,,1,,,,Herbs,,,,,,,,,,,,0,,weight,"10g, 125g, 500g, 50g",1,1,,1,,,,,,,,,,
10942,variable,HERB-278,,"Sabz Kai - Green Algae / Mucilage",1,0,visible,,,,,taxable,,1,,,0,0,,,,,1,,,,Herbs,,,,,,,,,,,,0,,weight,"125g, 500g, 50g",1,1,,1,,,,,,,,,,
10943,variable,HERB-279,,"Sapistan - Lasora / Assyrian Plum Berries",1,0,visible,,,,,taxable,,1,,,0,0,,,,,1,,,,Herbs,,,,,,,,,,,,0,,weight,"125g, 500g, 50g",1,1,,1,,,,,,,,,,
10944,variation,,,"Zarawand - Birthwort / Aristolochia Rotunda - 125g",1,0,visible,,,,,taxable,parent,1,,,0,0,,,,,0,,,300,,,,,,,HERB-268,,,,,,0,,weight,125g,,1,,,,,,,,,,,,
10945,variation,,,"Zarawand - Birthwort / Aristolochia Rotunda - 50g",1,0,visible,,,,,taxable,parent,1,,,0,0,,,,,0,,,180,,,,,,,HERB-268,,,,,,0,,weight,50g,,1,,,,,,,,,,,,
10946,variation,,,"Zarawand - Birthwort / Aristolochia Rotunda - 10g",1,0,visible,,,,,taxable,parent,1,,,0,0,,,,,0,,,40,,,,,,,HERB-268,,,,,,0,,weight,10g,,1,,,,,,,,,,,,
10947,variation,,,"Zarshak - Barberry Berries - 500g",1,0,visible,,,,,taxable,parent,1,,,0,0,,,,,0,,,1500,,,,,,,HERB-269,,,,,,0,,weight,500g,,1,,,,,,,,,,,,
10948,variation,,,"Zarshak - Barberry Berries - 125g",1,0,visible,,,,,taxable,parent,1,,,0,0,,,,,0,,,500,,,,,,,HERB-269,,,,,,0,,weight,125g,,1,,,,,,,,,,,,
10949,variation,,,"Zarshak - Barberry Berries - 50g",1,0,visible,,,,,taxable,parent,1,,,0,0,,,,,0,,,220,,,,,,,HERB-269,,,,,,0,,weight,50g,,1,,,,,,,,,,,,
10950,variation,,,"Zarshak - Barberry Berries - 10g",1,0,visible,,,,,taxable,parent,1,,,0,0,,,,,0,,,50,,,,,,,HERB-269,,,,,,0,,weight,10g,,1,,,,,,,,,,,,
10951,variation,,,"Zarnab Whole - Talispatra / Flacourtia Cataphracta - 500g",1,0,visible,,,,,taxable,parent,1,,,0,0,,,,,0,,,180,,,,,,,HERB-270,,,,,,0,,weight,500g,,1,,,,,,,,,,,,
10952,variation,,,"Zarnab Whole - Talispatra / Flacourtia Cataphracta - 125g",1,0,visible,,,,,taxable,parent,1,,,0,0,,,,,0,,,70,,,,,,,HERB-270,,,,,,0,,weight,125g,,1,,,,,,,,,,,,
10953,variation,,,"Zarnab Whole - Talispatra / Flacourtia Cataphracta - 50g",1,0,visible,,,,,taxable,parent,1,,,0,0,,,,,0,,,30,,,,,,,HERB-270,,,,,,0,,weight,50g,,1,,,,,,,,,,,,
10954,simple,HERB-271,,"Zafran Top (1gm) - Premium Saffron Top Quality",1,0,visible,,,,,taxable,,1,,,0,0,,,,,1,,,700,Herbs,,,,,,,,,,,,0,,weight,1g,1,1,,1,,,,,,,,,,
10955,simple,HERB-272,,"Zafran Regular (1gm) - Standard Regular Saffron",1,0,visible,,,,,taxable,,1,,,0,0,,,,,1,,,500,Herbs,,,,,,,,,,,,0,,weight,1g,1,1,,1,,,,,,,,,,
10956,variation,,,"Zeera Safaid - White Cumin Seeds - 500g",1,0,visible,,,,,taxable,parent,1,,,0,0,,,,,0,,,800,,,,,,,HERB-276,,,,,,0,,weight,500g,,1,,,,,,,,,,,,
10957,variation,,,"Zeera Safaid - White Cumin Seeds - 125g",1,0,visible,,,,,taxable,parent,1,,,0,0,,,,,0,,,200,,,,,,,HERB-276,,,,,,0,,weight,125g,,1,,,,,,,,,,,,
10958,variation,,,"Zeera Safaid - White Cumin Seeds - 50g",1,0,visible,,,,,taxable,parent,1,,,0,0,,,,,0,,,80,,,,,,,HERB-276,,,,,,0,,weight,50g,,1,,,,,,,,,,,,
10959,variation,,,"Zeera Siyah - Black Cumin Seeds - 500g",1,0,visible,,,,,taxable,parent,1,,,0,0,,,,,0,,,2800,,,,,,,HERB-277,,,,,,0,,weight,500g,,1,,,,,,,,,,,,
10960,variation,,,"Zeera Siyah - Black Cumin Seeds - 125g",1,0,visible,,,,,taxable,parent,1,,,0,0,,,,,0,,,800,,,,,,,HERB-277,,,,,,0,,weight,125g,,1,,,,,,,,,,,,
10961,variation,,,"Zeera Siyah - Black Cumin Seeds - 50g",1,0,visible,,,,,taxable,parent,1,,,0,0,,,,,0,,,230,,,,,,,HERB-277,,,,,,0,,weight,50g,,1,,,,,,,,,,,,
10962,variation,,,"Zeera Siyah - Black Cumin Seeds - 10g",1,0,visible,,,,,taxable,parent,1,,,0,0,,,,,0,,,50,,,,,,,HERB-277,,,,,,0,,weight,10g,,1,,,,,,,,,,,,
10963,variation,,,"Sabz Kai - Green Algae / Mucilage - 500g",1,0,visible,,,,,taxable,parent,1,,,0,0,,,,,0,,,500,,,,,,,HERB-278,,,,,,0,,weight,500g,,1,,,,,,,,,,,,
10964,variation,,,"Sabz Kai - Green Algae / Mucilage - 125g",1,0,visible,,,,,taxable,parent,1,,,0,0,,,,,0,,,200,,,,,,,HERB-278,,,,,,0,,weight,125g,,1,,,,,,,,,,,,
10965,variation,,,"Sabz Kai - Green Algae / Mucilage - 50g",1,0,visible,,,,,taxable,parent,1,,,0,0,,,,,0,,,100,,,,,,,HERB-278,,,,,,0,,weight,50g,,1,,,,,,,,,,,,
10966,variation,,,"Sapistan - Lasora / Assyrian Plum Berries - 500g",1,0,visible,,,,,taxable,parent,1,,,0,0,,,,,0,,,250,,,,,,,HERB-279,,,,,,0,,weight,500g,,1,,,,,,,,,,,,
10967,variation,,,"Sapistan - Lasora / Assyrian Plum Berries - 125g",1,0,visible,,,,,taxable,parent,1,,,0,0,,,,,0,,,100,,,,,,,HERB-279,,,,,,0,,weight,125g,,1,,,,,,,,,,,,
10968,variable,HERB-281,,"Sat Podina - Menthol Crystals / Peppermint Extract",1,0,visible,,,,,taxable,,1,,,0,0,,,,,1,,,,Herbs,,,,,,,,,,,,0,,weight,"10g, 50g",1,1,,1,,,,,,,,,,
10969,variable,HERB-282,,"Sat Gulu - Tinospora Cordifolia Extract / Giloy Sat",1,0,visible,,,,,taxable,,1,,,0,0,,,,,1,,,,Herbs,,,,,,,,,,,,0,,weight,"125g, 500g, 50g",1,1,,1,,,,,,,,,,
10970,variable,HERB-285,,"Saji Safaid - Soda Ash / Barilla White",1,0,visible,,,,,taxable,,1,,,0,0,,,,,1,,,,Herbs,,,,,,,,,,,,0,,weight,"125g, 500g, 50g",1,1,,1,,,,,,,,,,
10971,variable,HERB-286,,"Saji Siyah - Crude Soda Black / Barilla Siyah",1,0,visible,,,,,taxable,,1,,,0,0,,,,,1,,,,Herbs,,,,,,,,,,,,0,,weight,"125g, 500g, 50g",1,1,,1,,,,,,,,,,
10972,variable,HERB-287,,"Sarphoka - Tephrosia Purpurea Whole",1,0,visible,,,,,taxable,,1,,,0,0,,,,,1,,,,Herbs,,,,,,,,,,,,0,,weight,"125g, 500g, 50g",1,1,,1,,,,,,,,,,
10973,variable,HERB-288,,"Sarsay Safaid - Albizia Lebbeck White Seeds",1,0,visible,,,,,taxable,,1,,,0,0,,,,,1,,,,Herbs,,,,,,,,,,,,0,,weight,"125g, 500g, 50g",1,1,,1,,,,,,,,,,
10974,variable,HERB-289,,"Sarsay Siyah - Albizia Lebbeck Black Seeds",1,0,visible,,,,,taxable,,1,,,0,0,,,,,1,,,,Herbs,,,,,,,,,,,,0,,weight,"125g, 500g, 50g",1,1,,1,,,,,,,,,,
10975,variable,HERB-290,,"Sarson Zard / Peeli - Yellow Mustard Seeds",1,0,visible,,,,,taxable,,1,,,0,0,,,,,1,,,,Herbs,,,,,,,,,,,,0,,weight,"125g, 500g, 50g",1,1,,1,,,,,,,,,,
10976,variation,,,"Sapistan - Lasora / Assyrian Plum Berries - 50g",1,0,visible,,,,,taxable,parent,1,,,0,0,,,,,0,,,40,,,,,,,HERB-279,,,,,,0,,weight,50g,,1,,,,,,,,,,,,
10977,variation,,,"Sat Podina - Menthol Crystals / Peppermint Extract - 50g",1,0,visible,,,,,taxable,parent,1,,,0,0,,,,,0,,,500,,,,,,,HERB-281,,,,,,0,,weight,50g,,1,,,,,,,,,,,,
10978,variation,,,"Sat Podina - Menthol Crystals / Peppermint Extract - 10g",1,0,visible,,,,,taxable,parent,1,,,0,0,,,,,0,,,120,,,,,,,HERB-281,,,,,,0,,weight,10g,,1,,,,,,,,,,,,
10979,variation,,,"Sat Gulu - Tinospora Cordifolia Extract / Giloy Sat - 500g",1,0,visible,,,,,taxable,parent,1,,,0,0,,,,,0,,,180,,,,,,,HERB-282,,,,,,0,,weight,500g,,1,,,,,,,,,,,,
10980,variation,,,"Sat Gulu - Tinospora Cordifolia Extract / Giloy Sat - 125g",1,0,visible,,,,,taxable,parent,1,,,0,0,,,,,0,,,70,,,,,,,HERB-282,,,,,,0,,weight,125g,,1,,,,,,,,,,,,
10981,variation,,,"Sat Gulu - Tinospora Cordifolia Extract / Giloy Sat - 50g",1,0,visible,,,,,taxable,parent,1,,,0,0,,,,,0,,,30,,,,,,,HERB-282,,,,,,0,,weight,50g,,1,,,,,,,,,,,,
10982,variation,,,"Saji Safaid - Soda Ash / Barilla White - 500g",1,0,visible,,,,,taxable,parent,1,,,0,0,,,,,0,,,180,,,,,,,HERB-285,,,,,,0,,weight,500g,,1,,,,,,,,,,,,
10983,variation,,,"Saji Safaid - Soda Ash / Barilla White - 125g",1,0,visible,,,,,taxable,parent,1,,,0,0,,,,,0,,,70,,,,,,,HERB-285,,,,,,0,,weight,125g,,1,,,,,,,,,,,,
10984,variation,,,"Saji Safaid - Soda Ash / Barilla White - 50g",1,0,visible,,,,,taxable,parent,1,,,0,0,,,,,0,,,30,,,,,,,HERB-285,,,,,,0,,weight,50g,,1,,,,,,,,,,,,
10985,variation,,,"Saji Siyah - Crude Soda Black / Barilla Siyah - 500g",1,0,visible,,,,,taxable,parent,1,,,0,0,,,,,0,,,180,,,,,,,HERB-286,,,,,,0,,weight,500g,,1,,,,,,,,,,,,
10986,variation,,,"Saji Siyah - Crude Soda Black / Barilla Siyah - 125g",1,0,visible,,,,,taxable,parent,1,,,0,0,,,,,0,,,70,,,,,,,HERB-286,,,,,,0,,weight,125g,,1,,,,,,,,,,,,
10987,variation,,,"Saji Siyah - Crude Soda Black / Barilla Siyah - 50g",1,0,visible,,,,,taxable,parent,1,,,0,0,,,,,0,,,30,,,,,,,HERB-286,,,,,,0,,weight,50g,,1,,,,,,,,,,,,
10988,variation,,,"Sarphoka - Tephrosia Purpurea Whole - 500g",1,0,visible,,,,,taxable,parent,1,,,0,0,,,,,0,,,180,,,,,,,HERB-287,,,,,,0,,weight,500g,,1,,,,,,,,,,,,
10989,variation,,,"Sarphoka - Tephrosia Purpurea Whole - 125g",1,0,visible,,,,,taxable,parent,1,,,0,0,,,,,0,,,70,,,,,,,HERB-287,,,,,,0,,weight,125g,,1,,,,,,,,,,,,
10990,variation,,,"Sarphoka - Tephrosia Purpurea Whole - 50g",1,0,visible,,,,,taxable,parent,1,,,0,0,,,,,0,,,30,,,,,,,HERB-287,,,,,,0,,weight,50g,,1,,,,,,,,,,,,
10991,variation,,,"Sarsay Safaid - Albizia Lebbeck White Seeds - 500g",1,0,visible,,,,,taxable,parent,1,,,0,0,,,,,0,,,200,,,,,,,HERB-288,,,,,,0,,weight,500g,,1,,,,,,,,,,,,
10992,variation,,,"Sarsay Safaid - Albizia Lebbeck White Seeds - 125g",1,0,visible,,,,,taxable,parent,1,,,0,0,,,,,0,,,70,,,,,,,HERB-288,,,,,,0,,weight,125g,,1,,,,,,,,,,,,
10993,variation,,,"Sarsay Safaid - Albizia Lebbeck White Seeds - 50g",1,0,visible,,,,,taxable,parent,1,,,0,0,,,,,0,,,30,,,,,,,HERB-288,,,,,,0,,weight,50g,,1,,,,,,,,,,,,
10994,variation,,,"Sarsay Siyah - Albizia Lebbeck Black Seeds - 500g",1,0,visible,,,,,taxable,parent,1,,,0,0,,,,,0,,,600,,,,,,,HERB-289,,,,,,0,,weight,500g,,1,,,,,,,,,,,,
10995,variation,,,"Sarsay Siyah - Albizia Lebbeck Black Seeds - 125g",1,0,visible,,,,,taxable,parent,1,,,0,0,,,,,0,,,200,,,,,,,HERB-289,,,,,,0,,weight,125g,,1,,,,,,,,,,,,
10996,variation,,,"Sarsay Siyah - Albizia Lebbeck Black Seeds - 50g",1,0,visible,,,,,taxable,parent,1,,,0,0,,,,,0,,,100,,,,,,,HERB-289,,,,,,0,,weight,50g,,1,,,,,,,,,,,,
10997,variation,,,"Sarson Zard / Peeli - Yellow Mustard Seeds - 500g",1,0,visible,,,,,taxable,parent,1,,,0,0,,,,,0,,,280,,,,,,,HERB-290,,,,,,0,,weight,500g,,1,,,,,,,,,,,,
10998,variable,HERB-291,,"Sarson Siyah / Kali - Black Mustard Seeds",1,0,visible,,,,,taxable,,1,,,0,0,,,,,1,,,,Herbs,,,,,,,,,,,,0,,weight,"125g, 500g, 50g",1,1,,1,,,,,,,,,,
10999,variable,HERB-294,,"Surma Siyah - Kohl Black Mineral Powder",1,0,visible,,,,,taxable,,1,,,0,0,,,,,1,,,,Herbs,,,,,,,,,,,,0,,weight,"10g, 125g, 500g, 50g",1,1,,1,,,,,,,,,,
11000,variable,HERB-295,,"Safeda Kashghari - Natural White Mineral Powder",1,0,visible,,,,,taxable,,1,,,0,0,,,,,1,,,,Herbs,,,,,,,,,,,,0,,weight,"125g, 500g, 50g",1,1,,1,,,,,,,,,,
11001,variation,,,"Sarson Zard / Peeli - Yellow Mustard Seeds - 125g",1,0,visible,,,,,taxable,parent,1,,,0,0,,,,,0,,,70,,,,,,,HERB-290,,,,,,0,,weight,125g,,1,,,,,,,,,,,,
11002,variation,,,"Sarson Zard / Peeli - Yellow Mustard Seeds - 50g",1,0,visible,,,,,taxable,parent,1,,,0,0,,,,,0,,,30,,,,,,,HERB-290,,,,,,0,,weight,50g,,1,,,,,,,,,,,,
11003,variation,,,"Sarson Siyah / Kali - Black Mustard Seeds - 500g",1,0,visible,,,,,taxable,parent,1,,,0,0,,,,,0,,,280,,,,,,,HERB-291,,,,,,0,,weight,500g,,1,,,,,,,,,,,,
11004,variation,,,"Sarson Siyah / Kali - Black Mustard Seeds - 125g",1,0,visible,,,,,taxable,parent,1,,,0,0,,,,,0,,,70,,,,,,,HERB-291,,,,,,0,,weight,125g,,1,,,,,,,,,,,,
11005,variation,,,"Sarson Siyah / Kali - Black Mustard Seeds - 50g",1,0,visible,,,,,taxable,parent,1,,,0,0,,,,,0,,,30,,,,,,,HERB-291,,,,,,0,,weight,50g,,1,,,,,,,,,,,,
11006,variation,,,"Surma Siyah - Kohl Black Mineral Powder - 500g",1,0,visible,,,,,taxable,parent,1,,,0,0,,,,,0,,,1000,,,,,,,HERB-294,,,,,,0,,weight,500g,,1,,,,,,,,,,,,
11007,variation,,,"Surma Siyah - Kohl Black Mineral Powder - 125g",1,0,visible,,,,,taxable,parent,1,,,0,0,,,,,0,,,360,,,,,,,HERB-294,,,,,,0,,weight,125g,,1,,,,,,,,,,,,
11008,variation,,,"Surma Siyah - Kohl Black Mineral Powder - 50g",1,0,visible,,,,,taxable,parent,1,,,0,0,,,,,0,,,180,,,,,,,HERB-294,,,,,,0,,weight,50g,,1,,,,,,,,,,,,
11009,variation,,,"Surma Siyah - Kohl Black Mineral Powder - 10g",1,0,visible,,,,,taxable,parent,1,,,0,0,,,,,0,,,50,,,,,,,HERB-294,,,,,,0,,weight,10g,,1,,,,,,,,,,,,
11010,variation,,,"Safeda Kashghari - Natural White Mineral Powder - 500g",1,0,visible,,,,,taxable,parent,1,,,0,0,,,,,0,,,280,,,,,,,HERB-295,,,,,,0,,weight,500g,,1,,,,,,,,,,,,
11011,variation,,,"Safeda Kashghari - Natural White Mineral Powder - 125g",1,0,visible,,,,,taxable,parent,1,,,0,0,,,,,0,,,70,,,,,,,HERB-295,,,,,,0,,weight,125g,,1,,,,,,,,,,,,
11012,variation,,,"Safeda Kashghari - Natural White Mineral Powder - 50g",1,0,visible,,,,,taxable,parent,1,,,0,0,,,,,0,,,30,,,,,,,HERB-295,,,,,,0,,weight,50g,,1,,,,,,,,,,,,
11014,variable,QAST-346,,"Qast-e-Shirin Whole - Premium Sweet Costus Root / Qust al Hindi - قسط شیریں",1,0,visible,,,,,taxable,,1,,,0,0,,,,,1,,,,Herbs,,,,,,,,,,,,0,,weight,"125g, 500g, 50g",1,1,,1,,,,,,,,,,
11015,variable,QALM-348,,"Qalmi Shura Whole - Premium Potassium Nitrate Crystals - قلمی شورہ",1,0,visible,,,,,taxable,,1,,,0,0,,,,,1,,,,Herbs,,,,,,,,,,,,0,,weight,"125g, 500g, 50g",1,1,,1,,,,,,,,,,
11016,variable,PURE-349,,"Pure Sat Kafur Crystals - Premium Camphor Powder / Crystals - ست کافور / کافور پاؤڈر",1,0,visible,,,,,taxable,,1,,,0,0,,,,,1,,,,Herbs,,,,,,,,,,,,0,,weight,"10g, 125g, 500g, 50g",1,1,,1,,,,,,,,,,
11017,variable,KAKR-351,,"Kakra Singhi - Pistacia Integerrima Galls - کاکڑاسنگھی",1,0,visible,,,,,taxable,,1,,,0,0,,,,,1,,,,Herbs,,,,,,,,,,,,0,,weight,"10g, 125g, 500g, 50g",1,1,,1,,,,,,,,,,
11018,variable,KALI-352,,"Kali Zeeri - Centratherum Anthelminticum / Black Cumin Seeds - کالی زیری",1,0,visible,,,,,taxable,,1,,,0,0,,,,,1,,,,Herbs,,,,,,,,,,,,0,,weight,"125g, 500g, 50g",1,1,,1,,,,,,,,,,
11019,variable,KAYP-353,,"Kayphal Whole - Premium Box Myrtle Bark - کائے پھل",1,0,visible,,,,,taxable,,1,,,0,0,,,,,1,,,,Herbs,,,,,,,,,,,,0,,weight,"125g, 500g, 50g",1,1,,1,,,,,,,,,,
11020,variable,KABA-354,,"Kabab Chini Dum Wali - Tailed Pepper Whole / Cubeb Berries - کباب چینی دم والی",1,0,visible,,,,,taxable,,1,,,0,0,,,,,1,,,,Herbs,,,,,,,,,,,,0,,weight,"10g, 125g, 500g, 50g",1,1,,1,,,,,,,,,,
11021,variation,,,"Qast-e-Shirin Whole - Premium Sweet Costus Root / Qust al Hindi - قسط شیریں - 500g",1,0,visible,,,,,taxable,parent,1,,,0,0,,,,,0,,,350,,,,,,,QAST-346,,,,,,0,,weight,500g,,1,,,,,,,,,,,,
11022,variation,,,"Qast-e-Shirin Whole - Premium Sweet Costus Root / Qust al Hindi - قسط شیریں - 125g",1,0,visible,,,,,taxable,parent,1,,,0,0,,,,,0,,,100,,,,,,,QAST-346,,,,,,0,,weight,125g,,1,,,,,,,,,,,,
11023,variation,,,"Qast-e-Shirin Whole - Premium Sweet Costus Root / Qust al Hindi - قسط شیریں - 50g",1,0,visible,,,,,taxable,parent,1,,,0,0,,,,,0,,,40,,,,,,,QAST-346,,,,,,0,,weight,50g,,1,,,,,,,,,,,,
11024,variation,,,"Qalmi Shura Whole - Premium Potassium Nitrate Crystals - قلمی شورہ - 500g",1,0,visible,,,,,taxable,parent,1,,,0,0,,,,,0,,,800,,,,,,,QALM-348,,,,,,0,,weight,500g,,1,,,,,,,,,,,,
11025,variation,,,"Qalmi Shura Whole - Premium Potassium Nitrate Crystals - قلمی شورہ - 125g",1,0,visible,,,,,taxable,parent,1,,,0,0,,,,,0,,,230,,,,,,,QALM-348,,,,,,0,,weight,125g,,1,,,,,,,,,,,,
11026,variation,,,"Qalmi Shura Whole - Premium Potassium Nitrate Crystals - قلمی شورہ - 50g",1,0,visible,,,,,taxable,parent,1,,,0,0,,,,,0,,,100,,,,,,,QALM-348,,,,,,0,,weight,50g,,1,,,,,,,,,,,,
11027,variation,,,"Pure Sat Kafur Crystals - Premium Camphor Powder / Crystals - ست کافور / کافور پاؤڈر - 500g",1,0,visible,,,,,taxable,parent,1,,,0,0,,,,,0,,,2000,,,,,,,PURE-349,,,,,,0,,weight,500g,,1,,,,,,,,,,,,
11028,variation,,,"Pure Sat Kafur Crystals - Premium Camphor Powder / Crystals - ست کافور / کافور پاؤڈر - 125g",1,0,visible,,,,,taxable,parent,1,,,0,0,,,,,0,,,550,,,,,,,PURE-349,,,,,,0,,weight,125g,,1,,,,,,,,,,,,
11029,variation,,,"Pure Sat Kafur Crystals - Premium Camphor Powder / Crystals - ست کافور / کافور پاؤڈر - 50g",1,0,visible,,,,,taxable,parent,1,,,0,0,,,,,0,,,230,,,,,,,PURE-349,,,,,,0,,weight,50g,,1,,,,,,,,,,,,
11030,variation,,,"Pure Sat Kafur Crystals - Premium Camphor Powder / Crystals - ست کافور / کافور پاؤڈر - 10g",1,0,visible,,,,,taxable,parent,1,,,0,0,,,,,0,,,50,,,,,,,PURE-349,,,,,,0,,weight,10g,,1,,,,,,,,,,,,
11031,variation,,,"Kakra Singhi - Pistacia Integerrima Galls - کاکڑاسنگھی - 500g",1,0,visible,,,,,taxable,parent,1,,,0,0,,,,,0,,,1800,,,,,,,KAKR-351,,,,,,0,,weight,500g,,1,,,,,,,,,,,,
11032,variation,,,"Kakra Singhi - Pistacia Integerrima Galls - کاکڑاسنگھی - 125g",1,0,visible,,,,,taxable,parent,1,,,0,0,,,,,0,,,500,,,,,,,KAKR-351,,,,,,0,,weight,125g,,1,,,,,,,,,,,,
11033,variation,,,"Kakra Singhi - Pistacia Integerrima Galls - کاکڑاسنگھی - 50g",1,0,visible,,,,,taxable,parent,1,,,0,0,,,,,0,,,220,,,,,,,KAKR-351,,,,,,0,,weight,50g,,1,,,,,,,,,,,,
11034,variation,,,"Kakra Singhi - Pistacia Integerrima Galls - کاکڑاسنگھی - 10g",1,0,visible,,,,,taxable,parent,1,,,0,0,,,,,0,,,50,,,,,,,KAKR-351,,,,,,0,,weight,10g,,1,,,,,,,,,,,,
11035,variation,,,"Kali Zeeri - Centratherum Anthelminticum / Black Cumin Seeds - کالی زیری - 500g",1,0,visible,,,,,taxable,parent,1,,,0,0,,,,,0,,,930,,,,,,,KALI-352,,,,,,0,,weight,500g,,1,,,,,,,,,,,,
11036,variation,,,"Kali Zeeri - Centratherum Anthelminticum / Black Cumin Seeds - کالی زیری - 125g",1,0,visible,,,,,taxable,parent,1,,,0,0,,,,,0,,,240,,,,,,,KALI-352,,,,,,0,,weight,125g,,1,,,,,,,,,,,,
11037,variation,,,"Kali Zeeri - Centratherum Anthelminticum / Black Cumin Seeds - کالی زیری - 50g",1,0,visible,,,,,taxable,parent,1,,,0,0,,,,,0,,,120,,,,,,,KALI-352,,,,,,0,,weight,50g,,1,,,,,,,,,,,,
11038,variation,,,"Kayphal Whole - Premium Box Myrtle Bark - کائے پھل - 500g",1,0,visible,,,,,taxable,parent,1,,,0,0,,,,,0,,,930,,,,,,,KAYP-353,,,,,,0,,weight,500g,,1,,,,,,,,,,,,
11039,variation,,,"Kayphal Whole - Premium Box Myrtle Bark - کائے پھل - 125g",1,0,visible,,,,,taxable,parent,1,,,0,0,,,,,0,,,240,,,,,,,KAYP-353,,,,,,0,,weight,125g,,1,,,,,,,,,,,,
11040,variation,,,"Kayphal Whole - Premium Box Myrtle Bark - کائے پھل - 50g",1,0,visible,,,,,taxable,parent,1,,,0,0,,,,,0,,,120,,,,,,,KAYP-353,,,,,,0,,weight,50g,,1,,,,,,,,,,,,
11041,variation,,,"Kabab Chini Dum Wali - Tailed Pepper Whole / Cubeb Berries - کباب چینی دم والی - 500g",1,0,visible,,,,,taxable,parent,1,,,0,0,,,,,0,,,3400,,,,,,,KABA-354,,,,,,0,,weight,500g,,1,,,,,,,,,,,,
11042,variation,,,"Kabab Chini Dum Wali - Tailed Pepper Whole / Cubeb Berries - کباب چینی دم والی - 125g",1,0,visible,,,,,taxable,parent,1,,,0,0,,,,,0,,,900,,,,,,,KABA-354,,,,,,0,,weight,125g,,1,,,,,,,,,,,,
11043,variation,,,"Kabab Chini Dum Wali - Tailed Pepper Whole / Cubeb Berries - کباب چینی دم والی - 50g",1,0,visible,,,,,taxable,parent,1,,,0,0,,,,,0,,,400,,,,,,,KABA-354,,,,,,0,,weight,50g,,1,,,,,,,,,,,,
11044,variable,KABA-355,,"Kabab Chini Gol - Round Cubeb Pepper Whole / Premium Cubebs - کباب چینی گول",1,0,visible,,,,,taxable,,1,,,0,0,,,,,1,,,,Herbs,,,,,,,,,,,,0,,weight,"125g, 500g, 50g",1,1,,1,,,,,,,,,,
11045,variable,KATT-357,,"Kattha Safaid - White Cutch Tree Extract / Acacia Catechu Powder - کتھ سفید",1,0,visible,,,,,taxable,,1,,,0,0,,,,,1,,,,Herbs,,,,,,,,,,,,0,,weight,"125g, 500g, 50g",1,1,,1,,,,,,,,,,
11046,variable,KATK-358,,"Katki - Picrorhiza Kurroa Root / Bitter Herb - کٹکی",1,0,visible,,,,,taxable,,1,,,0,0,,,,,1,,,,Herbs,,,,,,,,,,,,0,,weight,"10g, 50g",1,1,,1,,,,,,,,,,
11047,variable,KUTE-359,,"Kuteel - Organic Indian Costus Root Extract / Kutki Standard - کٹیل",1,0,visible,,,,,taxable,,1,,,0,0,,,,,1,,,,Herbs,,,,,,,,,,,,0,,weight,"125g, 500g, 50g",1,1,,1,,,,,,,,,,
11048,variable,KACH-360,,"Kachnal Chaal Whole - Premium Bauhinia Variegata Bark - کچنال چھال",1,0,visible,,,,,taxable,,1,,,0,0,,,,,1,,,,Herbs,,,,,,,,,,,,0,,weight,"125g, 500g, 50g",1,1,,1,,,,,,,,,,
11049,variable,KADU-361,,"Kadu Green - Premium Pumpkin Seeds Dried / Cucurbita Pepo - کدو گرین",1,0,visible,,,,,taxable,,1,,,0,0,,,,,1,,,,Herbs,,,,,,,,,,,,0,,weight,"125g, 500g, 50g",1,1,,1,,,,,,,,,,
11050,variable,KARA-362,,"Karanjwa Whole - Premium Fever Nut / Caesalpinia Bonduc Seeds - کرنجوہ",1,0,visible,,,,,taxable,,1,,,0,0,,,,,1,,,,Herbs,,,,,,,,,,,,0,,weight,"125g, 500g, 50g",1,1,,1,,,,,,,,,,
11051,variable,KARE-363,,"Karela - Dried Bitter Gourd Pods / Momordica Charantia - کریلا",1,0,visible,,,,,taxable,,1,,,0,0,,,,,1,,,,Herbs,,,,,,,,,,,,0,,weight,"125g, 500g, 50g",1,1,,1,,,,,,,,,,
11052,variation,,,"Kabab Chini Dum Wali - Tailed Pepper Whole / Cubeb Berries - کباب چینی دم والی - 10g",1,0,visible,,,,,taxable,parent,1,,,0,0,,,,,0,,,80,,,,,,,KABA-354,,,,,,0,,weight,10g,,1,,,,,,,,,,,,
11053,variation,,,"Kabab Chini Gol - Round Cubeb Pepper Whole / Premium Cubebs - کباب چینی گول - 500g",1,0,visible,,,,,taxable,parent,1,,,0,0,,,,,0,,,600,,,,,,,KABA-355,,,,,,0,,weight,500g,,1,,,,,,,,,,,,
11054,variation,,,"Kabab Chini Gol - Round Cubeb Pepper Whole / Premium Cubebs - کباب چینی گول - 125g",1,0,visible,,,,,taxable,parent,1,,,0,0,,,,,0,,,200,,,,,,,KABA-355,,,,,,0,,weight,125g,,1,,,,,,,,,,,,
11055,variation,,,"Kabab Chini Gol - Round Cubeb Pepper Whole / Premium Cubebs - کباب چینی گول - 50g",1,0,visible,,,,,taxable,parent,1,,,0,0,,,,,0,,,100,,,,,,,KABA-355,,,,,,0,,weight,50g,,1,,,,,,,,,,,,
11056,variation,,,"Kattha Safaid - White Cutch Tree Extract / Acacia Catechu Powder - کتھ سفید - 500g",1,0,visible,,,,,taxable,parent,1,,,0,0,,,,,0,,,400,,,,,,,KATT-357,,,,,,0,,weight,500g,,1,,,,,,,,,,,,
11057,variation,,,"Kattha Safaid - White Cutch Tree Extract / Acacia Catechu Powder - کتھ سفید - 125g",1,0,visible,,,,,taxable,parent,1,,,0,0,,,,,0,,,120,,,,,,,KATT-357,,,,,,0,,weight,125g,,1,,,,,,,,,,,,
11058,variation,,,"Kattha Safaid - White Cutch Tree Extract / Acacia Catechu Powder - کتھ سفید - 50g",1,0,visible,,,,,taxable,parent,1,,,0,0,,,,,0,,,50,,,,,,,KATT-357,,,,,,0,,weight,50g,,1,,,,,,,,,,,,
11059,variation,,,"Katki - Picrorhiza Kurroa Root / Bitter Herb - کٹکی - 50g",1,0,visible,,,,,taxable,parent,1,,,0,0,,,,,0,,,450,,,,,,,KATK-358,,,,,,0,,weight,50g,,1,,,,,,,,,,,,
11060,variation,,,"Katki - Picrorhiza Kurroa Root / Bitter Herb - کٹکی - 10g",1,0,visible,,,,,taxable,parent,1,,,0,0,,,,,0,,,100,,,,,,,KATK-358,,,,,,0,,weight,10g,,1,,,,,,,,,,,,
11061,variation,,,"Kuteel - Organic Indian Costus Root Extract / Kutki Standard - کٹیل - 500g",1,0,visible,,,,,taxable,parent,1,,,0,0,,,,,0,,,300,,,,,,,KUTE-359,,,,,,0,,weight,500g,,1,,,,,,,,,,,,
11062,variation,,,"Kuteel - Organic Indian Costus Root Extract / Kutki Standard - کٹیل - 125g",1,0,visible,,,,,taxable,parent,1,,,0,0,,,,,0,,,120,,,,,,,KUTE-359,,,,,,0,,weight,125g,,1,,,,,,,,,,,,
11063,variation,,,"Kuteel - Organic Indian Costus Root Extract / Kutki Standard - کٹیل - 50g",1,0,visible,,,,,taxable,parent,1,,,0,0,,,,,0,,,50,,,,,,,KUTE-359,,,,,,0,,weight,50g,,1,,,,,,,,,,,,
11064,variation,,,"Kachnal Chaal Whole - Premium Bauhinia Variegata Bark - کچنال چھال - 500g",1,0,visible,,,,,taxable,parent,1,,,0,0,,,,,0,,,580,,,,,,,KACH-360,,,,,,0,,weight,500g,,1,,,,,,,,,,,,
11065,variation,,,"Kachnal Chaal Whole - Premium Bauhinia Variegata Bark - کچنال چھال - 125g",1,0,visible,,,,,taxable,parent,1,,,0,0,,,,,0,,,160,,,,,,,KACH-360,,,,,,0,,weight,125g,,1,,,,,,,,,,,,
11066,variation,,,"Kachnal Chaal Whole - Premium Bauhinia Variegata Bark - کچنال چھال - 50g",1,0,visible,,,,,taxable,parent,1,,,0,0,,,,,0,,,80,,,,,,,KACH-360,,,,,,0,,weight,50g,,1,,,,,,,,,,,,
11067,variation,,,"Kadu Green - Premium Pumpkin Seeds Dried / Cucurbita Pepo - کدو گرین - 500g",1,0,visible,,,,,taxable,parent,1,,,0,0,,,,,0,,,800,,,,,,,KADU-361,,,,,,0,,weight,500g,,1,,,,,,,,,,,,
11068,variation,,,"Kadu Green - Premium Pumpkin Seeds Dried / Cucurbita Pepo - کدو گرین - 125g",1,0,visible,,,,,taxable,parent,1,,,0,0,,,,,0,,,200,,,,,,,KADU-361,,,,,,0,,weight,125g,,1,,,,,,,,,,,,
11069,variation,,,"Kadu Green - Premium Pumpkin Seeds Dried / Cucurbita Pepo - کدو گرین - 50g",1,0,visible,,,,,taxable,parent,1,,,0,0,,,,,0,,,60,,,,,,,KADU-361,,,,,,0,,weight,50g,,1,,,,,,,,,,,,
11070,variation,,,"Karanjwa Whole - Premium Fever Nut / Caesalpinia Bonduc Seeds - کرنجوہ - 500g",1,0,visible,,,,,taxable,parent,1,,,0,0,,,,,0,,,900,,,,,,,KARA-362,,,,,,0,,weight,500g,,1,,,,,,,,,,,,
11071,variation,,,"Karanjwa Whole - Premium Fever Nut / Caesalpinia Bonduc Seeds - کرنجوہ - 125g",1,0,visible,,,,,taxable,parent,1,,,0,0,,,,,0,,,250,,,,,,,KARA-362,,,,,,0,,weight,125g,,1,,,,,,,,,,,,
11072,variation,,,"Karanjwa Whole - Premium Fever Nut / Caesalpinia Bonduc Seeds - کرنجوہ - 50g",1,0,visible,,,,,taxable,parent,1,,,0,0,,,,,0,,,80,,,,,,,KARA-362,,,,,,0,,weight,50g,,1,,,,,,,,,,,,
11073,variation,,,"Karela - Dried Bitter Gourd Pods / Momordica Charantia - کریلا - 500g",1,0,visible,,,,,taxable,parent,1,,,0,0,,,,,0,,,200,,,,,,,KARE-363,,,,,,0,,weight,500g,,1,,,,,,,,,,,,
11074,variable,KURA-364,,"Kura Chaal Whole - Premium Kurchi Bark / Holarrhena Antidysenterica - کڑا چھال",1,0,visible,,,,,taxable,,1,,,0,0,,,,,1,,,,Herbs,,,,,,,,,,,,0,,weight,"125g, 500g, 50g",1,1,,1,,,,,,,,,,
11075,variable,KISH-365,,"Kishmish - Choice Green Raisins Dried / Vitis Vinifera - کشمش",1,0,visible,,,,,taxable,,1,,,0,0,,,,,1,,,,Herbs,,,,,,,,,,,,0,,weight,"125g, 500g",1,1,,1,,,,,,,,,,
11076,variable,KALO-366,,"Kalonji - Pure Black Seed Whole / Nigella Sativa Premium - کلونجی",1,0,visible,,,,,taxable,,1,,,0,0,,,,,1,,,,Herbs,,,,,,,,,,,,0,,weight,"125g, 500g, 50g",1,1,,1,,,,,,,,,,
11077,variable,KAMA-368,,"Kamarkas Whole - Premium Flame of the Forest Gum (Butea Frondosa) - کمرکس",1,0,visible,,,,,taxable,,1,,,0,0,,,,,1,,,,Herbs,,,,,,,,,,,,0,,weight,"10g, 125g, 500g, 50g",1,1,,1,,,,,,,,,,
11078,variable,KAMI-369,,"Kamila - Kamala Tree Pod Powder / Mallotus Philippensis - کمیلہ",1,0,visible,,,,,taxable,,1,,,0,0,,,,,1,,,,Herbs,,,,,,,,,,,,0,,weight,"125g, 500g, 50g",1,1,,1,,,,,,,,,,
11079,variable,KANW-370,,"Kanwal Doda - Whole Lotus Seed Pod / Sacred Lotus Fruit - کنول ڈوڈہ",1,0,visible,,,,,taxable,,1,,,0,0,,,,,1,,,,Herbs,,,,,,,,,,,,0,,weight,"125g, 500g, 50g",1,1,,1,,,,,,,,,,
11080,variable,KAHR-371,,"Kahruba Shami - Genuine Baltic Amber Resin / Succinite Mineral - کہربا شمی",1,0,visible,,,,,taxable,,1,,,0,0,,,,,1,,,,Herbs,,,,,,,,,,,,0,,weight,"10g, 50g",1,1,,1,,,,,,,,,,
11081,variation,,,"Karela - Dried Bitter Gourd Pods / Momordica Charantia - کریلا - 125g",1,0,visible,,,,,taxable,parent,1,,,0,0,,,,,0,,,100,,,,,,,KARE-363,,,,,,0,,weight,125g,,1,,,,,,,,,,,,
11082,variation,,,"Karela - Dried Bitter Gourd Pods / Momordica Charantia - کریلا - 50g",1,0,visible,,,,,taxable,parent,1,,,0,0,,,,,0,,,40,,,,,,,KARE-363,,,,,,0,,weight,50g,,1,,,,,,,,,,,,
11083,variation,,,"Kura Chaal Whole - Premium Kurchi Bark / Holarrhena Antidysenterica - کڑا چھال - 500g",1,0,visible,,,,,taxable,parent,1,,,0,0,,,,,0,,,600,,,,,,,KURA-364,,,,,,0,,weight,500g,,1,,,,,,,,,,,,
11084,variation,,,"Kura Chaal Whole - Premium Kurchi Bark / Holarrhena Antidysenterica - کڑا چھال - 125g",1,0,visible,,,,,taxable,parent,1,,,0,0,,,,,0,,,160,,,,,,,KURA-364,,,,,,0,,weight,125g,,1,,,,,,,,,,,,
11085,variation,,,"Kura Chaal Whole - Premium Kurchi Bark / Holarrhena Antidysenterica - کڑا چھال - 50g",1,0,visible,,,,,taxable,parent,1,,,0,0,,,,,0,,,80,,,,,,,KURA-364,,,,,,0,,weight,50g,,1,,,,,,,,,,,,
11086,variation,,,"Kishmish - Choice Green Raisins Dried / Vitis Vinifera - کشمش - 500g",1,0,visible,,,,,taxable,parent,1,,,0,0,,,,,0,,,650,,,,,,,KISH-365,,,,,,0,,weight,500g,,1,,,,,,,,,,,,
11087,variation,,,"Kishmish - Choice Green Raisins Dried / Vitis Vinifera - کشمش - 125g",1,0,visible,,,,,taxable,parent,1,,,0,0,,,,,0,,,140,,,,,,,KISH-365,,,,,,0,,weight,125g,,1,,,,,,,,,,,,
11088,variation,,,"Kalonji - Pure Black Seed Whole / Nigella Sativa Premium - کلونجی - 500g",1,0,visible,,,,,taxable,parent,1,,,0,0,,,,,0,,,650,,,,,,,KALO-366,,,,,,0,,weight,500g,,1,,,,,,,,,,,,
11089,variation,,,"Kalonji - Pure Black Seed Whole / Nigella Sativa Premium - کلونجی - 125g",1,0,visible,,,,,taxable,parent,1,,,0,0,,,,,0,,,140,,,,,,,KALO-366,,,,,,0,,weight,125g,,1,,,,,,,,,,,,
11090,variation,,,"Kalonji - Pure Black Seed Whole / Nigella Sativa Premium - کلونجی - 50g",1,0,visible,,,,,taxable,parent,1,,,0,0,,,,,0,,,80,,,,,,,KALO-366,,,,,,0,,weight,50g,,1,,,,,,,,,,,,
11091,variation,,,"Kamarkas Whole - Premium Flame of the Forest Gum (Butea Frondosa) - کمرکس - 500g",1,0,visible,,,,,taxable,parent,1,,,0,0,,,,,0,,,620,,,,,,,KAMA-368,,,,,,0,,weight,500g,,1,,,,,,,,,,,,
11092,variation,,,"Kamarkas Whole - Premium Flame of the Forest Gum (Butea Frondosa) - کمرکس - 125g",1,0,visible,,,,,taxable,parent,1,,,0,0,,,,,0,,,320,,,,,,,KAMA-368,,,,,,0,,weight,125g,,1,,,,,,,,,,,,
11093,variation,,,"Kamarkas Whole - Premium Flame of the Forest Gum (Butea Frondosa) - کمرکس - 50g",1,0,visible,,,,,taxable,parent,1,,,0,0,,,,,0,,,130,,,,,,,KAMA-368,,,,,,0,,weight,50g,,1,,,,,,,,,,,,
11094,variation,,,"Kamarkas Whole - Premium Flame of the Forest Gum (Butea Frondosa) - کمرکس - 10g",1,0,visible,,,,,taxable,parent,1,,,0,0,,,,,0,,,30,,,,,,,KAMA-368,,,,,,0,,weight,10g,,1,,,,,,,,,,,,
11095,variation,,,"Kamila - Kamala Tree Pod Powder / Mallotus Philippensis - کمیلہ - 500g",1,0,visible,,,,,taxable,parent,1,,,0,0,,,,,0,,,900,,,,,,,KAMI-369,,,,,,0,,weight,500g,,1,,,,,,,,,,,,
11096,variation,,,"Kamila - Kamala Tree Pod Powder / Mallotus Philippensis - کمیلہ - 125g",1,0,visible,,,,,taxable,parent,1,,,0,0,,,,,0,,,250,,,,,,,KAMI-369,,,,,,0,,weight,125g,,1,,,,,,,,,,,,
11097,variation,,,"Kamila - Kamala Tree Pod Powder / Mallotus Philippensis - کمیلہ - 50g",1,0,visible,,,,,taxable,parent,1,,,0,0,,,,,0,,,130,,,,,,,KAMI-369,,,,,,0,,weight,50g,,1,,,,,,,,,,,,
11098,variation,,,"Kanwal Doda - Whole Lotus Seed Pod / Sacred Lotus Fruit - کنول ڈوڈہ - 500g",1,0,visible,,,,,taxable,parent,1,,,0,0,,,,,0,,,700,,,,,,,KANW-370,,,,,,0,,weight,500g,,1,,,,,,,,,,,,
11099,variation,,,"Kanwal Doda - Whole Lotus Seed Pod / Sacred Lotus Fruit - کنول ڈوڈہ - 125g",1,0,visible,,,,,taxable,parent,1,,,0,0,,,,,0,,,220,,,,,,,KANW-370,,,,,,0,,weight,125g,,1,,,,,,,,,,,,
11100,variation,,,"Kanwal Doda - Whole Lotus Seed Pod / Sacred Lotus Fruit - کنول ڈوڈہ - 50g",1,0,visible,,,,,taxable,parent,1,,,0,0,,,,,0,,,100,,,,,,,KANW-370,,,,,,0,,weight,50g,,1,,,,,,,,,,,,
11101,variation,,,"Kahruba Shami - Genuine Baltic Amber Resin / Succinite Mineral - کہربا شمی - 50g",1,0,visible,,,,,taxable,parent,1,,,0,0,,,,,0,,,750,,,,,,,KAHR-371,,,,,,0,,weight,50g,,1,,,,,,,,,,,,
11102,variation,,,"Kahruba Shami - Genuine Baltic Amber Resin / Succinite Mineral - کہربا شمی - 10g",1,0,visible,,,,,taxable,parent,1,,,0,0,,,,,0,,,160,,,,,,,KAHR-371,,,,,,0,,weight,10g,,1,,,,,,,,,,,,
11103,variable,KHAL-373,,"Khali Badam - Shelled Almond Meal Coarse / Prunus Dulcis - کھلی badam",1,0,visible,,,,,taxable,,1,,,0,0,,,,,1,,,,Herbs,,,,,,,,,,,,0,,weight,"125g, 500g, 50g",1,1,,1,,,,,,,,,,
11104,variable,KUTH-374,,"Kuth Whole (Kust / Korrh) - Premium Bitter Costus Root - کوٹھ / قسط",1,0,visible,,,,,taxable,,1,,,0,0,,,,,1,,,,Herbs,,,,,,,,,,,,0,,weight,"125g, 500g",1,1,,1,,,,,,,,,,
11105,variable,GREE-377,,"Green Tea - Premium Green Tea Leaves / Camellia Sinensis - گرین ٹی",1,0,visible,,,,,taxable,,1,,,0,0,,,,,1,,,,Herbs,,,,,,,,,,,,0,,weight,"125g, 500g, 50g",1,1,,1,,,,,,,,,,
11106,variable,GURB-378,,"Gurbach Whole - Premium Sweet Flag / Calamus Root - گڑبچ / گھوڑبچ",1,0,visible,,,,,taxable,,1,,,0,0,,,,,1,,,,Herbs,,,,,,,,,,,,0,,weight,"125g, 500g, 50g",1,1,,1,,,,,,,,,,
11107,variable,GURM-379,,"Gurmar Boti (Dried Leaves) - Premium Gymnema Sylvestre / Sugar Killer - گڑمار بوٹی",1,0,visible,,,,,taxable,,1,,,0,0,,,,,1,,,,Herbs,,,,,,,,,,,,0,,weight,"125g, 500g, 50g",1,1,,1,,,,,,,,,,
11108,variable,GULE-381,,"Gul-e-Anar - Pomegranate Blossoms Dried / Punica Granatum Flowers - گل انار",1,0,visible,,,,,taxable,,1,,,0,0,,,,,1,,,,Herbs,,,,,,,,,,,,0,,weight,"125g, 500g, 50g",1,1,,1,,,,,,,,,,
11109,variable,GULE-382,,"Gul-e-Babuna - Premium German Chamomile Flowers / Matricaria Chamomilla - گل بابونہ",1,0,visible,,,,,taxable,,1,,,0,0,,,,,1,,,,Herbs,,,,,,,,,,,,0,,weight,"125g, 500g, 50g",1,1,,1,,,,,,,,,,
11110,variable,GULE-384,,"Gul-e-Banafsha - Sweet Violet Flowers / Viola Odorata - گل بنفشہ",1,0,visible,,,,,taxable,,1,,,0,0,,,,,1,,,,Herbs,,,,,,,,,,,,0,,weight,"10g, 50g",1,1,,1,,,,,,,,,,
11111,variation,,,"Khali Badam - Shelled Almond Meal Coarse / Prunus Dulcis - کھلی badam - 500g",1,0,visible,,,,,taxable,parent,1,,,0,0,,,,,0,,,400,,,,,,,KHAL-373,,,,,,0,,weight,500g,,1,,,,,,,,,,,,
11112,variation,,,"Khali Badam - Shelled Almond Meal Coarse / Prunus Dulcis - کھلی badam - 125g",1,0,visible,,,,,taxable,parent,1,,,0,0,,,,,0,,,150,,,,,,,KHAL-373,,,,,,0,,weight,125g,,1,,,,,,,,,,,,
11113,variation,,,"Khali Badam - Shelled Almond Meal Coarse / Prunus Dulcis - کھلی badam - 50g",1,0,visible,,,,,taxable,parent,1,,,0,0,,,,,0,,,40,,,,,,,KHAL-373,,,,,,0,,weight,50g,,1,,,,,,,,,,,,
11114,variation,,,"Kuth Whole (Kust / Korrh) - Premium Bitter Costus Root - کوٹھ / قسط - 500g",1,0,visible,,,,,taxable,parent,1,,,0,0,,,,,0,,,200,,,,,,,KUTH-374,,,,,,0,,weight,500g,,1,,,,,,,,,,,,
11115,variation,,,"Kuth Whole (Kust / Korrh) - Premium Bitter Costus Root - کوٹھ / قسط - 125g",1,0,visible,,,,,taxable,parent,1,,,0,0,,,,,0,,,80,,,,,,,KUTH-374,,,,,,0,,weight,125g,,1,,,,,,,,,,,,
11116,variation,,,"Green Tea - Premium Green Tea Leaves / Camellia Sinensis - گرین ٹی - 500g",1,0,visible,,,,,taxable,parent,1,,,0,0,,,,,0,,,700,,,,,,,GREE-377,,,,,,0,,weight,500g,,1,,,,,,,,,,,,
11117,variation,,,"Green Tea - Premium Green Tea Leaves / Camellia Sinensis - گرین ٹی - 125g",1,0,visible,,,,,taxable,parent,1,,,0,0,,,,,0,,,150,,,,,,,GREE-377,,,,,,0,,weight,125g,,1,,,,,,,,,,,,
11118,variation,,,"Green Tea - Premium Green Tea Leaves / Camellia Sinensis - گرین ٹی - 50g",1,0,visible,,,,,taxable,parent,1,,,0,0,,,,,0,,,80,,,,,,,GREE-377,,,,,,0,,weight,50g,,1,,,,,,,,,,,,
11119,variation,,,"Gurbach Whole - Premium Sweet Flag / Calamus Root - گڑبچ / گھوڑبچ - 500g",1,0,visible,,,,,taxable,parent,1,,,0,0,,,,,0,,,750,,,,,,,GURB-378,,,,,,0,,weight,500g,,1,,,,,,,,,,,,
11120,variation,,,"Gurbach Whole - Premium Sweet Flag / Calamus Root - گڑبچ / گھوڑبچ - 125g",1,0,visible,,,,,taxable,parent,1,,,0,0,,,,,0,,,160,,,,,,,GURB-378,,,,,,0,,weight,125g,,1,,,,,,,,,,,,
11121,variation,,,"Gurbach Whole - Premium Sweet Flag / Calamus Root - گڑبچ / گھوڑبچ - 50g",1,0,visible,,,,,taxable,parent,1,,,0,0,,,,,0,,,80,,,,,,,GURB-378,,,,,,0,,weight,50g,,1,,,,,,,,,,,,
11122,variation,,,"Gurmar Boti (Dried Leaves) - Premium Gymnema Sylvestre / Sugar Killer - گڑمار بوٹی - 500g",1,0,visible,,,,,taxable,parent,1,,,0,0,,,,,0,,,1100,,,,,,,GURM-379,,,,,,0,,weight,500g,,1,,,,,,,,,,,,
11123,variation,,,"Gurmar Boti (Dried Leaves) - Premium Gymnema Sylvestre / Sugar Killer - گڑمار بوٹی - 125g",1,0,visible,,,,,taxable,parent,1,,,0,0,,,,,0,,,350,,,,,,,GURM-379,,,,,,0,,weight,125g,,1,,,,,,,,,,,,
11124,variation,,,"Gurmar Boti (Dried Leaves) - Premium Gymnema Sylvestre / Sugar Killer - گڑمار بوٹی - 50g",1,0,visible,,,,,taxable,parent,1,,,0,0,,,,,0,,,150,,,,,,,GURM-379,,,,,,0,,weight,50g,,1,,,,,,,,,,,,
11125,variation,,,"Gul-e-Anar - Pomegranate Blossoms Dried / Punica Granatum Flowers - گل انار - 500g",1,0,visible,,,,,taxable,parent,1,,,0,0,,,,,0,,,800,,,,,,,GULE-381,,,,,,0,,weight,500g,,1,,,,,,,,,,,,
11126,variation,,,"Gul-e-Anar - Pomegranate Blossoms Dried / Punica Granatum Flowers - گل انار - 125g",1,0,visible,,,,,taxable,parent,1,,,0,0,,,,,0,,,250,,,,,,,GULE-381,,,,,,0,,weight,125g,,1,,,,,,,,,,,,
11127,variation,,,"Gul-e-Anar - Pomegranate Blossoms Dried / Punica Granatum Flowers - گل انار - 50g",1,0,visible,,,,,taxable,parent,1,,,0,0,,,,,0,,,120,,,,,,,GULE-381,,,,,,0,,weight,50g,,1,,,,,,,,,,,,
11128,variation,,,"Gul-e-Babuna - Premium German Chamomile Flowers / Matricaria Chamomilla - گل بابونہ - 500g",1,0,visible,,,,,taxable,parent,1,,,0,0,,,,,0,,,1100,,,,,,,GULE-382,,,,,,0,,weight,500g,,1,,,,,,,,,,,,
11129,variation,,,"Gul-e-Babuna - Premium German Chamomile Flowers / Matricaria Chamomilla - گل بابونہ - 125g",1,0,visible,,,,,taxable,parent,1,,,0,0,,,,,0,,,300,,,,,,,GULE-382,,,,,,0,,weight,125g,,1,,,,,,,,,,,,
11130,variation,,,"Gul-e-Babuna - Premium German Chamomile Flowers / Matricaria Chamomilla - گل بابونہ - 50g",1,0,visible,,,,,taxable,parent,1,,,0,0,,,,,0,,,150,,,,,,,GULE-382,,,,,,0,,weight,50g,,1,,,,,,,,,,,,
11131,variation,,,"Gul-e-Banafsha - Sweet Violet Flowers / Viola Odorata - گل بنفشہ - 50g",1,0,visible,,,,,taxable,parent,1,,,0,0,,,,,0,,,450,,,,,,,GULE-384,,,,,,0,,weight,50g,,1,,,,,,,,,,,,
11132,variation,,,"Gul-e-Banafsha - Sweet Violet Flowers / Viola Odorata - گل بنفشہ - 10g",1,0,visible,,,,,taxable,parent,1,,,0,0,,,,,0,,,100,,,,,,,GULE-384,,,,,,0,,weight,10g,,1,,,,,,,,,,,,
11133,variable,GULE-385,,"Gul-e-Pista - Pistachio Tree Flowers Dried / Pistacia Vera - گل پستہ",1,0,visible,,,,,taxable,,1,,,0,0,,,,,1,,,,Herbs,,,,,,,,,,,,0,,weight,"125g, 500g, 50g",1,1,,1,,,,,,,,,,
11134,variable,GULE-386,,"Gul-e-Tesu - Flame of the Forest Flowers / Butea Monosperma - گل ٹیسو",1,0,visible,,,,,taxable,,1,,,0,0,,,,,1,,,,Herbs,,,,,,,,,,,,0,,weight,"125g, 500g, 50g",1,1,,1,,,,,,,,,,
11135,variable,GULE-387,,"Gul-e-Khairu - Marshmallow Flowers Dried / Althaea Officinalis - گل خیرو",1,0,visible,,,,,taxable,,1,,,0,0,,,,,1,,,,Herbs,,,,,,,,,,,,0,,weight,"10g, 50g",1,1,,1,,,,,,,,,,
11136,variable,GULE-389,,"Gul-e-Supari - Betel Nut Tree Flowers Dried / Areca Catechu - گل سپاری",1,0,visible,,,,,taxable,,1,,,0,0,,,,,1,,,,Herbs,,,,,,,,,,,,0,,weight,"125g, 500g, 50g",1,1,,1,,,,,,,,,,
11137,variable,GULE-390,,"Gul-e-Gaozaban - Borage Flowers Dried / Borago Officinalis Premium - گل گاؤزبان",1,0,visible,,,,,taxable,,1,,,0,0,,,,,1,,,,Herbs,,,,,,,,,,,,0,,weight,"10g, 50g",1,1,,1,,,,,,,,,,
11138,variable,GULE-391,,"Gul-e-Gurhal Whole (Gulhar) - Premium Dried Hibiscus Flowers - گلِ گڑھل / گل گلہڑ",1,0,visible,,,,,taxable,,1,,,0,0,,,,,1,,,,Herbs,,,,,,,,,,,,0,,weight,"10g, 50g",1,1,,1,,,,,,,,,,
11139,variable,GULE-393,,"Gul-e-Mundi - Sphaeranthus Indicus Flowers / East Indian Globe Thistle - گل منڈی",1,0,visible,,,,,taxable,,1,,,0,0,,,,,1,,,,Herbs,,,,,,,,,,,,0,,weight,"125g, 500g, 50g",1,1,,1,,,,,,,,,,
11140,variable,GULE-394,,"Gul-e-Nilofer - Sacred Water Lily Petals / Nymphaea Lotus Flowers - گل نیلوفر",1,0,visible,,,,,taxable,,1,,,0,0,,,,,1,,,,Herbs,,,,,,,,,,,,0,,weight,"10g, 50g",1,1,,1,,,,,,,,,,
11141,variation,,,"Gul-e-Pista - Pistachio Tree Flowers Dried / Pistacia Vera - گل پستہ - 500g",1,0,visible,,,,,taxable,parent,1,,,0,0,,,,,0,,,1100,,,,,,,GULE-385,,,,,,0,,weight,500g,,1,,,,,,,,,,,,
11142,variation,,,"Gul-e-Pista - Pistachio Tree Flowers Dried / Pistacia Vera - گل پستہ - 125g",1,0,visible,,,,,taxable,parent,1,,,0,0,,,,,0,,,300,,,,,,,GULE-385,,,,,,0,,weight,125g,,1,,,,,,,,,,,,
11143,variation,,,"Gul-e-Pista - Pistachio Tree Flowers Dried / Pistacia Vera - گل پستہ - 50g",1,0,visible,,,,,taxable,parent,1,,,0,0,,,,,0,,,150,,,,,,,GULE-385,,,,,,0,,weight,50g,,1,,,,,,,,,,,,
11144,variation,,,"Gul-e-Tesu - Flame of the Forest Flowers / Butea Monosperma - گل ٹیسو - 500g",1,0,visible,,,,,taxable,parent,1,,,0,0,,,,,0,,,300,,,,,,,GULE-386,,,,,,0,,weight,500g,,1,,,,,,,,,,,,
11145,variation,,,"Gul-e-Tesu - Flame of the Forest Flowers / Butea Monosperma - گل ٹیسو - 125g",1,0,visible,,,,,taxable,parent,1,,,0,0,,,,,0,,,100,,,,,,,GULE-386,,,,,,0,,weight,125g,,1,,,,,,,,,,,,
11146,variation,,,"Gul-e-Tesu - Flame of the Forest Flowers / Butea Monosperma - گل ٹیسو - 50g",1,0,visible,,,,,taxable,parent,1,,,0,0,,,,,0,,,30,,,,,,,GULE-386,,,,,,0,,weight,50g,,1,,,,,,,,,,,,
11147,variation,,,"Gul-e-Khairu - Marshmallow Flowers Dried / Althaea Officinalis - گل خیرو - 50g",1,0,visible,,,,,taxable,parent,1,,,0,0,,,,,0,,,200,,,,,,,GULE-387,,,,,,0,,weight,50g,,1,,,,,,,,,,,,
11148,variation,,,"Gul-e-Khairu - Marshmallow Flowers Dried / Althaea Officinalis - گل خیرو - 10g",1,0,visible,,,,,taxable,parent,1,,,0,0,,,,,0,,,40,,,,,,,GULE-387,,,,,,0,,weight,10g,,1,,,,,,,,,,,,
11149,variation,,,"Gul-e-Supari - Betel Nut Tree Flowers Dried / Areca Catechu - گل سپاری - 500g",1,0,visible,,,,,taxable,parent,1,,,0,0,,,,,0,,,400,,,,,,,GULE-389,,,,,,0,,weight,500g,,1,,,,,,,,,,,,
11150,variation,,,"Gul-e-Supari - Betel Nut Tree Flowers Dried / Areca Catechu - گل سپاری - 125g",1,0,visible,,,,,taxable,parent,1,,,0,0,,,,,0,,,120,,,,,,,GULE-389,,,,,,0,,weight,125g,,1,,,,,,,,,,,,
11151,variation,,,"Gul-e-Supari - Betel Nut Tree Flowers Dried / Areca Catechu - گل سپاری - 50g",1,0,visible,,,,,taxable,parent,1,,,0,0,,,,,0,,,60,,,,,,,GULE-389,,,,,,0,,weight,50g,,1,,,,,,,,,,,,
11152,variation,,,"Gul-e-Gaozaban - Borage Flowers Dried / Borago Officinalis Premium - گل گاؤزبان - 50g",1,0,visible,,,,,taxable,parent,1,,,0,0,,,,,0,,,700,,,,,,,GULE-390,,,,,,0,,weight,50g,,1,,,,,,,,,,,,
11153,variation,,,"Gul-e-Gaozaban - Borage Flowers Dried / Borago Officinalis Premium - گل گاؤزبان - 10g",1,0,visible,,,,,taxable,parent,1,,,0,0,,,,,0,,,150,,,,,,,GULE-390,,,,,,0,,weight,10g,,1,,,,,,,,,,,,
11154,variation,,,"Gul-e-Gurhal Whole (Gulhar) - Premium Dried Hibiscus Flowers - گلِ گڑھل / گل گلہڑ - 50g",1,0,visible,,,,,taxable,parent,1,,,0,0,,,,,0,,,220,,,,,,,GULE-391,,,,,,0,,weight,50g,,1,,,,,,,,,,,,
11155,variation,,,"Gul-e-Gurhal Whole (Gulhar) - Premium Dried Hibiscus Flowers - گلِ گڑھل / گل گلہڑ - 10g",1,0,visible,,,,,taxable,parent,1,,,0,0,,,,,0,,,50,,,,,,,GULE-391,,,,,,0,,weight,10g,,1,,,,,,,,,,,,
11156,variation,,,"Gul-e-Mundi - Sphaeranthus Indicus Flowers / East Indian Globe Thistle - گل منڈی - 500g",1,0,visible,,,,,taxable,parent,1,,,0,0,,,,,0,,,800,,,,,,,GULE-393,,,,,,0,,weight,500g,,1,,,,,,,,,,,,
11157,variation,,,"Gul-e-Mundi - Sphaeranthus Indicus Flowers / East Indian Globe Thistle - گل منڈی - 125g",1,0,visible,,,,,taxable,parent,1,,,0,0,,,,,0,,,230,,,,,,,GULE-393,,,,,,0,,weight,125g,,1,,,,,,,,,,,,
11158,variation,,,"Gul-e-Mundi - Sphaeranthus Indicus Flowers / East Indian Globe Thistle - گل منڈی - 50g",1,0,visible,,,,,taxable,parent,1,,,0,0,,,,,0,,,100,,,,,,,GULE-393,,,,,,0,,weight,50g,,1,,,,,,,,,,,,
11159,variation,,,"Gul-e-Nilofer - Sacred Water Lily Petals / Nymphaea Lotus Flowers - گل نیلوفر - 50g",1,0,visible,,,,,taxable,parent,1,,,0,0,,,,,0,,,200,,,,,,,GULE-394,,,,,,0,,weight,50g,,1,,,,,,,,,,,,
11160,variation,,,"Gul-e-Nilofer - Sacred Water Lily Petals / Nymphaea Lotus Flowers - گل نیلوفر - 10g",1,0,visible,,,,,taxable,parent,1,,,0,0,,,,,0,,,40,,,,,,,GULE-394,,,,,,0,,weight,10g,,1,,,,,,,,,,,,
11162,variable,HERB-397,,"Gulo Khushk Whole - Premium Dried Gilo Stems (Tinospora Cordifolia) - گلو خشک",1,0,visible,,,,,taxable,,1,,,0,0,,,,,1,,,,Herbs,,,,,,,,,,,,0,,weight,"125g, 500g, 50g",1,1,,1,,,,,,,,,,
11163,variable,HERB-399,,"Gandhak Amla Saar Whole - Premium Yellow Sulphur Crystals - گندھک املہ سار",1,0,visible,,,,,taxable,,1,,,0,0,,,,,1,,,,Herbs,,,,,,,,,,,,0,,weight,"125g, 500g, 50g",1,1,,1,,,,,,,,,,
11164,variable,HERB-400,,"Gandhak Pisi - Ground Sulphur Powder - گندھک پسی",1,0,visible,,,,,taxable,,1,,,0,0,,,,,1,,,,Herbs,,,,,,,,,,,,0,,weight,"125g, 500g",1,1,,1,,,,,,,,,,
11165,variable,HERB-401,,"Gandhak Thabit - Whole Sulphur Crystals - گندھک ثابت",1,0,visible,,,,,taxable,,1,,,0,0,,,,,1,,,,Herbs,,,,,,,,,,,,0,,weight,"125g, 500g",1,1,,1,,,,,,,,,,
11166,variable,HERB-402,,"Aam Katli Khushk - Premium Dried Mango Slices (Khutli Aam) - کھٹلی آم / امچور",1,0,visible,,,,,taxable,,1,,,0,0,,,,,1,,,,Herbs,,,,,,,,,,,,0,,weight,"125g, 500g, 50g",1,1,,1,,,,,,,,,,
11167,variable,HERB-403,,"Godanti Whole - Premium Gypsum / Selenite - گودنتی",1,0,visible,,,,,taxable,,1,,,0,0,,,,,1,,,,Herbs,,,,,,,,,,,,0,,weight,"125g, 500g",1,1,,1,,,,,,,,,,
11168,variable,HERB-404,,"Gokhro Khord Whole - Premium Small Caltrops (Tribulus Terrestris) - گوکھرو خورد / خارِ خسک",1,0,visible,,,,,taxable,,1,,,0,0,,,,,1,,,,Seeds,,,,,,,,,,,,0,,weight,"125g, 500g, 50g",1,1,,1,,,,,,,,,,
11169,variable,HERB-405,,"Gokhro Kalan Whole - Premium Large Caltrops (Pedalium Murex) - گوکھرو کلاں / بڑا گوکھرو",1,0,visible,,,,,taxable,,1,,,0,0,,,,,1,,,,Seeds,,,,,,,,,,,,0,,weight,"125g, 500g, 50g",1,1,,1,,,,,,,,,,
11170,variation,HERB-397-500g,,"Gulo Khushk Whole - Premium Dried Gilo Stems (Tinospora Cordifolia) - گلو خشک - 500g",1,0,visible,,,,,taxable,parent,1,,,0,0,,,,,0,,,250,,,,,,,HERB-397,,,,,,0,,weight,500g,,1,,,,,,,,,,,,
11171,variation,HERB-397-125g,,"Gulo Khushk Whole - Premium Dried Gilo Stems (Tinospora Cordifolia) - گلو خشک - 125g",1,0,visible,,,,,taxable,parent,1,,,0,0,,,,,0,,,72,,,,,,,HERB-397,,,,,,0,,weight,125g,,1,,,,,,,,,,,,
11172,variation,HERB-397-50g,,"Gulo Khushk Whole - Premium Dried Gilo Stems (Tinospora Cordifolia) - گلو خشک - 50g",1,0,visible,,,,,taxable,parent,1,,,0,0,,,,,0,,,30,,,,,,,HERB-397,,,,,,0,,weight,50g,,1,,,,,,,,,,,,
11173,variation,HERB-399-500g,,"Gandhak Amla Saar Whole - Premium Yellow Sulphur Crystals - گندھک املہ سار - 500g",1,0,visible,,,,,taxable,parent,1,,,0,0,,,,,0,,,700,,,,,,,HERB-399,,,,,,0,,weight,500g,,1,,,,,,,,,,,,
11174,variation,HERB-399-125g,,"Gandhak Amla Saar Whole - Premium Yellow Sulphur Crystals - گندھک املہ سار - 125g",1,0,visible,,,,,taxable,parent,1,,,0,0,,,,,0,,,230,,,,,,,HERB-399,,,,,,0,,weight,125g,,1,,,,,,,,,,,,
11175,variation,HERB-399-50g,,"Gandhak Amla Saar Whole - Premium Yellow Sulphur Crystals - گندھک املہ سار - 50g",1,0,visible,,,,,taxable,parent,1,,,0,0,,,,,0,,,100,,,,,,,HERB-399,,,,,,0,,weight,50g,,1,,,,,,,,,,,,
11176,variation,HERB-400-500g,,"Gandhak Pisi - Ground Sulphur Powder - گندھک پسی - 500g",1,0,visible,,,,,taxable,parent,1,,,0,0,,,,,0,,,200,,,,,,,HERB-400,,,,,,0,,weight,500g,,1,,,,,,,,,,,,
11177,variation,HERB-400-125g,,"Gandhak Pisi - Ground Sulphur Powder - گندھک پسی - 125g",1,0,visible,,,,,taxable,parent,1,,,0,0,,,,,0,,,60,,,,,,,HERB-400,,,,,,0,,weight,125g,,1,,,,,,,,,,,,
11178,variation,HERB-401-500g,,"Gandhak Thabit - Whole Sulphur Crystals - گندھک ثابت - 500g",1,0,visible,,,,,taxable,parent,1,,,0,0,,,,,0,,,180,,,,,,,HERB-401,,,,,,0,,weight,500g,,1,,,,,,,,,,,,
11179,variation,HERB-401-125g,,"Gandhak Thabit - Whole Sulphur Crystals - گندھک ثابت - 125g",1,0,visible,,,,,taxable,parent,1,,,0,0,,,,,0,,,60,,,,,,,HERB-401,,,,,,0,,weight,125g,,1,,,,,,,,,,,,
11180,variation,HERB-402-500g,,"Aam Katli Khushk - Premium Dried Mango Slices (Khutli Aam) - کھٹلی آم / امچور - 500g",1,0,visible,,,,,taxable,parent,1,,,0,0,,,,,0,,,350,,,,,,,HERB-402,,,,,,0,,weight,500g,,1,,,,,,,,,,,,
11181,variation,HERB-402-125g,,"Aam Katli Khushk - Premium Dried Mango Slices (Khutli Aam) - کھٹلی آم / امچور - 125g",1,0,visible,,,,,taxable,parent,1,,,0,0,,,,,0,,,180,,,,,,,HERB-402,,,,,,0,,weight,125g,,1,,,,,,,,,,,,
11182,variation,HERB-402-50g,,"Aam Katli Khushk - Premium Dried Mango Slices (Khutli Aam) - کھٹلی آم / امچور - 50g",1,0,visible,,,,,taxable,parent,1,,,0,0,,,,,0,,,40,,,,,,,HERB-402,,,,,,0,,weight,50g,,1,,,,,,,,,,,,
11183,variation,HERB-403-500g,,"Godanti Whole - Premium Gypsum / Selenite - گودنتی - 500g",1,0,visible,,,,,taxable,parent,1,,,0,0,,,,,0,,,200,,,,,,,HERB-403,,,,,,0,,weight,500g,,1,,,,,,,,,,,,
11184,variation,HERB-403-125g,,"Godanti Whole - Premium Gypsum / Selenite - گودنتی - 125g",1,0,visible,,,,,taxable,parent,1,,,0,0,,,,,0,,,80,,,,,,,HERB-403,,,,,,0,,weight,125g,,1,,,,,,,,,,,,
11185,variation,HERB-404-500g,,"Gokhro Khord Whole - Premium Small Caltrops (Tribulus Terrestris) - گوکھرو خورد / خارِ خسک - 500g",1,0,visible,,,,,taxable,parent,1,,,0,0,,,,,0,,,380,,,,,,,HERB-404,,,,,,0,,weight,500g,,1,,,,,,,,,,,,
11186,variation,HERB-404-125g,,"Gokhro Khord Whole - Premium Small Caltrops (Tribulus Terrestris) - گوکھرو خورد / خارِ خسک - 125g",1,0,visible,,,,,taxable,parent,1,,,0,0,,,,,0,,,140,,,,,,,HERB-404,,,,,,0,,weight,125g,,1,,,,,,,,,,,,
11187,variation,HERB-404-50g,,"Gokhro Khord Whole - Premium Small Caltrops (Tribulus Terrestris) - گوکھرو خورد / خارِ خسک - 50g",1,0,visible,,,,,taxable,parent,1,,,0,0,,,,,0,,,60,,,,,,,HERB-404,,,,,,0,,weight,50g,,1,,,,,,,,,,,,
11188,variation,HERB-405-500g,,"Gokhro Kalan Whole - Premium Large Caltrops (Pedalium Murex) - گوکھرو کلاں / بڑا گوکھرو - 500g",1,0,visible,,,,,taxable,parent,1,,,0,0,,,,,0,,,700,,,,,,,HERB-405,,,,,,0,,weight,500g,,1,,,,,,,,,,,,
11189,variation,HERB-405-125g,,"Gokhro Kalan Whole - Premium Large Caltrops (Pedalium Murex) - گوکھرو کلاں / بڑا گوکھرو - 125g",1,0,visible,,,,,taxable,parent,1,,,0,0,,,,,0,,,220,,,,,,,HERB-405,,,,,,0,,weight,125g,,1,,,,,,,,,,,,
11190,variation,HERB-405-50g,,"Gokhro Kalan Whole - Premium Large Caltrops (Pedalium Murex) - گوکھرو کلاں / بڑا گوکھرو - 50g",1,0,visible,,,,,taxable,parent,1,,,0,0,,,,,0,,,100,,,,,,,HERB-405,,,,,,0,,weight,50g,,1,,,,,,,,,,,,
11191,variable,HERB-406,,"Gugal - Commiphora Mukul / Pure Indian Bdellium Resin - گوگل",1,0,visible,,,,,taxable,,1,,,0,0,,,,,1,,,,Herbs,,,,,,,,,,,,0,,weight,"10g, 125g, 500g, 50g",1,1,,1,,,,,,,,,,
11192,variable,HERB-407,,"Gomadar Whole - Premium Raw Herb - گومادر",1,0,visible,,,,,taxable,,1,,,0,0,,,,,1,,,,Herbs,,,,,,,,,,,,0,,weight,"125g, 500g",1,1,,1,,,,,,,,,,
11193,variable,HERB-409,,"Gond Chohara - Date Palm Tree Gum - گوند چھوہارا",1,0,visible,,,,,taxable,,1,,,0,0,,,,,1,,,,Herbs,,,,,,,,,,,,0,,weight,"10g, 50g",1,1,,1,,,,,,,,,,
11194,variable,HERB-410,,"Gond Sahanjna Whole - Premium Moringa Gum (Moringa Oleifera Resin) - گوند سہانجنا",1,0,visible,,,,,taxable,,1,,,0,0,,,,,1,,,,Herbs,,,,,,,,,,,,0,,weight,"125g, 500g",1,1,,1,,,,,,,,,,
11195,variable,HERB-411,,"Gond Katira - Pure Tragacanth Gum Crystals - گوند کتیرا",1,0,visible,,,,,taxable,,1,,,0,0,,,,,1,,,,Herbs,,,,,,,,,,,,0,,weight,"125g, 500g, 50g",1,1,,1,,,,,,,,,,
11196,variable,HERB-412,,"Gond Kundur - Premium Olibanum / Frankincense Gum - گوند قندھر",1,0,visible,,,,,taxable,,1,,,0,0,,,,,1,,,,Herbs,,,,,,,,,,,,0,,weight,"10g, 50g",1,1,,1,,,,,,,,,,
11197,variable,HERB-413,,"Gond Kikar - Pure Acacia Arabica Gum - گوند کیکر",1,0,visible,,,,,taxable,,1,,,0,0,,,,,1,,,,Herbs,,,,,,,,,,,,0,,weight,"125g, 500g, 50g",1,1,,1,,,,,,,,,,
11198,variable,HERB-414,,"Gond Mochras - Silk Cotton Tree Gum / Salmalia Malabarica - گوند موچرس",1,0,visible,,,,,taxable,,1,,,0,0,,,,,1,,,,Herbs,,,,,,,,,,,,0,,weight,"125g, 500g, 50g",1,1,,1,,,,,,,,,,
11199,variable,HERB-415,,"Gond Neem Whole - Premium Neem Gum (Azadirachta Indica Resin) - گوند نیم",1,0,visible,,,,,taxable,,1,,,0,0,,,,,1,,,,Herbs,,,,,,,,,,,,0,,weight,"125g, 500g, 50g",1,1,,1,,,,,,,,,,
11200,variation,HERB-406-500g,,"Gugal - Commiphora Mukul / Pure Indian Bdellium Resin - گوگل - 500g",1,0,visible,,,,,taxable,parent,1,,,0,0,,,,,0,,,1900,,,,,,,HERB-406,,,,,,0,,weight,500g,,1,,,,,,,,,,,,
11201,variation,HERB-406-125g,,"Gugal - Commiphora Mukul / Pure Indian Bdellium Resin - گوگل - 125g",1,0,visible,,,,,taxable,parent,1,,,0,0,,,,,0,,,500,,,,,,,HERB-406,,,,,,0,,weight,125g,,1,,,,,,,,,,,,
11202,variation,HERB-406-50g,,"Gugal - Commiphora Mukul / Pure Indian Bdellium Resin - گوگل - 50g",1,0,visible,,,,,taxable,parent,1,,,0,0,,,,,0,,,220,,,,,,,HERB-406,,,,,,0,,weight,50g,,1,,,,,,,,,,,,
11203,variation,HERB-406-10g,,"Gugal - Commiphora Mukul / Pure Indian Bdellium Resin - گوگل - 10g",1,0,visible,,,,,taxable,parent,1,,,0,0,,,,,0,,,50,,,,,,,HERB-406,,,,,,0,,weight,10g,,1,,,,,,,,,,,,
11204,variation,HERB-407-500g,,"Gomadar Whole - Premium Raw Herb - گومادر - 500g",1,0,visible,,,,,taxable,parent,1,,,0,0,,,,,0,,,200,,,,,,,HERB-407,,,,,,0,,weight,500g,,1,,,,,,,,,,,,
11205,variation,HERB-407-125g,,"Gomadar Whole - Premium Raw Herb - گومادر - 125g",1,0,visible,,,,,taxable,parent,1,,,0,0,,,,,0,,,60,,,,,,,HERB-407,,,,,,0,,weight,125g,,1,,,,,,,,,,,,
11206,variation,HERB-409-50g,,"Gond Chohara - Date Palm Tree Gum - گوند چھوہارا - 50g",1,0,visible,,,,,taxable,parent,1,,,0,0,,,,,0,,,450,,,,,,,HERB-409,,,,,,0,,weight,50g,,1,,,,,,,,,,,,
11207,variation,HERB-409-10g,,"Gond Chohara - Date Palm Tree Gum - گوند چھوہارا - 10g",1,0,visible,,,,,taxable,parent,1,,,0,0,,,,,0,,,100,,,,,,,HERB-409,,,,,,0,,weight,10g,,1,,,,,,,,,,,,
11208,variation,HERB-410-500g,,"Gond Sahanjna Whole - Premium Moringa Gum (Moringa Oleifera Resin) - گوند سہانجنا - 500g",1,0,visible,,,,,taxable,parent,1,,,0,0,,,,,0,,,700,,,,,,,HERB-410,,,,,,0,,weight,500g,,1,,,,,,,,,,,,
11209,variation,HERB-410-125g,,"Gond Sahanjna Whole - Premium Moringa Gum (Moringa Oleifera Resin) - گوند سہانجنا - 125g",1,0,visible,,,,,taxable,parent,1,,,0,0,,,,,0,,,200,,,,,,,HERB-410,,,,,,0,,weight,125g,,1,,,,,,,,,,,,
11210,variation,HERB-411-500g,,"Gond Katira - Pure Tragacanth Gum Crystals - گوند کتیرا - 500g",1,0,visible,,,,,taxable,parent,1,,,0,0,,,,,0,,,950,,,,,,,HERB-411,,,,,,0,,weight,500g,,1,,,,,,,,,,,,
11211,variation,HERB-411-125g,,"Gond Katira - Pure Tragacanth Gum Crystals - گوند کتیرا - 125g",1,0,visible,,,,,taxable,parent,1,,,0,0,,,,,0,,,250,,,,,,,HERB-411,,,,,,0,,weight,125g,,1,,,,,,,,,,,,
11212,variation,HERB-411-50g,,"Gond Katira - Pure Tragacanth Gum Crystals - گوند کتیرا - 50g",1,0,visible,,,,,taxable,parent,1,,,0,0,,,,,0,,,120,,,,,,,HERB-411,,,,,,0,,weight,50g,,1,,,,,,,,,,,,
11213,variation,HERB-412-50g,,"Gond Kundur - Premium Olibanum / Frankincense Gum - گوند قندھر - 50g",1,0,visible,,,,,taxable,parent,1,,,0,0,,,,,0,,,240,,,,,,,HERB-412,,,,,,0,,weight,50g,,1,,,,,,,,,,,,
11214,variation,HERB-412-10g,,"Gond Kundur - Premium Olibanum / Frankincense Gum - گوند قندھر - 10g",1,0,visible,,,,,taxable,parent,1,,,0,0,,,,,0,,,50,,,,,,,HERB-412,,,,,,0,,weight,10g,,1,,,,,,,,,,,,
11215,variation,HERB-413-500g,,"Gond Kikar - Pure Acacia Arabica Gum - گوند کیکر - 500g",1,0,visible,,,,,taxable,parent,1,,,0,0,,,,,0,,,700,,,,,,,HERB-413,,,,,,0,,weight,500g,,1,,,,,,,,,,,,
11216,variation,HERB-413-125g,,"Gond Kikar - Pure Acacia Arabica Gum - گوند کیکر - 125g",1,0,visible,,,,,taxable,parent,1,,,0,0,,,,,0,,,160,,,,,,,HERB-413,,,,,,0,,weight,125g,,1,,,,,,,,,,,,
11217,variation,HERB-413-50g,,"Gond Kikar - Pure Acacia Arabica Gum - گوند کیکر - 50g",1,0,visible,,,,,taxable,parent,1,,,0,0,,,,,0,,,80,,,,,,,HERB-413,,,,,,0,,weight,50g,,1,,,,,,,,,,,,
11218,variation,HERB-414-500g,,"Gond Mochras - Silk Cotton Tree Gum / Salmalia Malabarica - گوند موچرس - 500g",1,0,visible,,,,,taxable,parent,1,,,0,0,,,,,0,,,550,,,,,,,HERB-414,,,,,,0,,weight,500g,,1,,,,,,,,,,,,
11219,variation,HERB-414-125g,,"Gond Mochras - Silk Cotton Tree Gum / Salmalia Malabarica - گوند موچرس - 125g",1,0,visible,,,,,taxable,parent,1,,,0,0,,,,,0,,,150,,,,,,,HERB-414,,,,,,0,,weight,125g,,1,,,,,,,,,,,,
11220,variation,HERB-414-50g,,"Gond Mochras - Silk Cotton Tree Gum / Salmalia Malabarica - گوند موچرس - 50g",1,0,visible,,,,,taxable,parent,1,,,0,0,,,,,0,,,80,,,,,,,HERB-414,,,,,,0,,weight,50g,,1,,,,,,,,,,,,
11221,variation,HERB-415-500g,,"Gond Neem Whole - Premium Neem Gum (Azadirachta Indica Resin) - گوند نیم - 500g",1,0,visible,,,,,taxable,parent,1,,,0,0,,,,,0,,,1300,,,,,,,HERB-415,,,,,,0,,weight,500g,,1,,,,,,,,,,,,
11222,variable,HERB-417,,"Geru - Red Ochre Clay / Natural Earth Pigment - گیرو",1,0,visible,,,,,taxable,,1,,,0,0,,,,,1,,,,Herbs,,,,,,,,,,,,0,,weight,"125g, 500g, 50g",1,1,,1,,,,,,,,,,
11223,variable,HERB-418,,"Lajwanti - Sensitive Plant Seeds / Mimosa Pudica - لاجونتی",1,0,visible,,,,,taxable,,1,,,0,0,,,,,1,,,,Seeds,,,,,,,,,,,,0,,weight,"125g, 500g, 50g",1,1,,1,,,,,,,,,,
11224,variable,HERB-419,,"Lakh Dana - Shellac Buttons / Pure Seedlac - لاک دانہ",1,0,visible,,,,,taxable,,1,,,0,0,,,,,1,,,,Herbs,,,,,,,,,,,,0,,weight,"10g, 125g, 500g, 50g",1,1,,1,,,,,,,,,,
11225,variable,HERB-420,,"Lahsun Powder - Dehydrated Garlic Powder - لہسن پاؤڈر",1,0,visible,,,,,taxable,,1,,,0,0,,,,,1,,,,Herbs,,,,,,,,,,,,0,,weight,"125g, 500g, 50g",1,1,,1,,,,,,,,,,
11226,variable,HERB-422,,"Loban Kala - Black Benzoin Resin / Premium Dark Styrax - لوبان کالا",1,0,visible,,,,,taxable,,1,,,0,0,,,,,1,,,,Herbs,,,,,,,,,,,,0,,weight,"125g, 500g, 50g",1,1,,1,,,,,,,,,,
11227,variable,HERB-423,,"Lodh Pathani - Symplocos Racemosa Bark Powder - لودھ پٹھانی",1,0,visible,,,,,taxable,,1,,,0,0,,,,,1,,,,Herbs,,,,,,,,,,,,0,,weight,"125g, 500g, 50g",1,1,,1,,,,,,,,,,
11228,variable,HERB-424,,"Long Whole - Premium Cloves / Syzygium Aromaticum - لونگ",1,0,visible,,,,,taxable,,1,,,0,0,,,,,1,,,,Herbs,,,,,,,,,,,,0,,weight,"10g, 50g",1,1,,1,,,,,,,,,,
11229,variation,HERB-415-125g,,"Gond Neem Whole - Premium Neem Gum (Azadirachta Indica Resin) - گوند نیم - 125g",1,0,visible,,,,,taxable,parent,1,,,0,0,,,,,0,,,350,,,,,,,HERB-415,,,,,,0,,weight,125g,,1,,,,,,,,,,,,
11230,variation,HERB-415-50g,,"Gond Neem Whole - Premium Neem Gum (Azadirachta Indica Resin) - گوند نیم - 50g",1,0,visible,,,,,taxable,parent,1,,,0,0,,,,,0,,,150,,,,,,,HERB-415,,,,,,0,,weight,50g,,1,,,,,,,,,,,,
11231,variation,HERB-417-500g,,"Geru - Red Ochre Clay / Natural Earth Pigment - گیرو - 500g",1,0,visible,,,,,taxable,parent,1,,,0,0,,,,,0,,,800,,,,,,,HERB-417,,,,,,0,,weight,500g,,1,,,,,,,,,,,,
11232,variation,HERB-417-125g,,"Geru - Red Ochre Clay / Natural Earth Pigment - گیرو - 125g",1,0,visible,,,,,taxable,parent,1,,,0,0,,,,,0,,,250,,,,,,,HERB-417,,,,,,0,,weight,125g,,1,,,,,,,,,,,,
11233,variation,HERB-417-50g,,"Geru - Red Ochre Clay / Natural Earth Pigment - گیرو - 50g",1,0,visible,,,,,taxable,parent,1,,,0,0,,,,,0,,,100,,,,,,,HERB-417,,,,,,0,,weight,50g,,1,,,,,,,,,,,,
11234,variation,HERB-418-500g,,"Lajwanti - Sensitive Plant Seeds / Mimosa Pudica - لاجونتی - 500g",1,0,visible,,,,,taxable,parent,1,,,0,0,,,,,0,,,800,,,,,,,HERB-418,,,,,,0,,weight,500g,,1,,,,,,,,,,,,
11235,variation,HERB-418-125g,,"Lajwanti - Sensitive Plant Seeds / Mimosa Pudica - لاجونتی - 125g",1,0,visible,,,,,taxable,parent,1,,,0,0,,,,,0,,,250,,,,,,,HERB-418,,,,,,0,,weight,125g,,1,,,,,,,,,,,,
11236,variation,HERB-418-50g,,"Lajwanti - Sensitive Plant Seeds / Mimosa Pudica - لاجونتی - 50g",1,0,visible,,,,,taxable,parent,1,,,0,0,,,,,0,,,100,,,,,,,HERB-418,,,,,,0,,weight,50g,,1,,,,,,,,,,,,
11237,variation,HERB-419-500g,,"Lakh Dana - Shellac Buttons / Pure Seedlac - لاک دانہ - 500g",1,0,visible,,,,,taxable,parent,1,,,0,0,,,,,0,,,1900,,,,,,,HERB-419,,,,,,0,,weight,500g,,1,,,,,,,,,,,,
11238,variation,HERB-419-125g,,"Lakh Dana - Shellac Buttons / Pure Seedlac - لاک دانہ - 125g",1,0,visible,,,,,taxable,parent,1,,,0,0,,,,,0,,,500,,,,,,,HERB-419,,,,,,0,,weight,125g,,1,,,,,,,,,,,,
11239,variation,HERB-419-50g,,"Lakh Dana - Shellac Buttons / Pure Seedlac - لاک دانہ - 50g",1,0,visible,,,,,taxable,parent,1,,,0,0,,,,,0,,,230,,,,,,,HERB-419,,,,,,0,,weight,50g,,1,,,,,,,,,,,,
11240,variation,HERB-419-10g,,"Lakh Dana - Shellac Buttons / Pure Seedlac - لاک دانہ - 10g",1,0,visible,,,,,taxable,parent,1,,,0,0,,,,,0,,,50,,,,,,,HERB-419,,,,,,0,,weight,10g,,1,,,,,,,,,,,,
11241,variation,HERB-420-500g,,"Lahsun Powder - Dehydrated Garlic Powder - لہسن پاؤڈر - 500g",1,0,visible,,,,,taxable,parent,1,,,0,0,,,,,0,,,1000,,,,,,,HERB-420,,,,,,0,,weight,500g,,1,,,,,,,,,,,,
11242,variation,HERB-420-125g,,"Lahsun Powder - Dehydrated Garlic Powder - لہسن پاؤڈر - 125g",1,0,visible,,,,,taxable,parent,1,,,0,0,,,,,0,,,260,,,,,,,HERB-420,,,,,,0,,weight,125g,,1,,,,,,,,,,,,
11243,variation,HERB-420-50g,,"Lahsun Powder - Dehydrated Garlic Powder - لہسن پاؤڈر - 50g",1,0,visible,,,,,taxable,parent,1,,,0,0,,,,,0,,,120,,,,,,,HERB-420,,,,,,0,,weight,50g,,1,,,,,,,,,,,,
11244,simple,HERB-421,,"Loban - Benzoin Resin Crystals / Premium Styrax Benzoin - لوبان",1,0,visible,,,,,taxable,,1,,,0,0,,,,,1,,,100,Herbs,,,,,,,,,,,,0,,weight,500g,1,1,,1,,,,,,,,,,
11245,variation,HERB-422-500g,,"Loban Kala - Black Benzoin Resin / Premium Dark Styrax - لوبان کالا - 500g",1,0,visible,,,,,taxable,parent,1,,,0,0,,,,,0,,,600,,,,,,,HERB-422,,,,,,0,,weight,500g,,1,,,,,,,,,,,,
11246,variation,HERB-422-125g,,"Loban Kala - Black Benzoin Resin / Premium Dark Styrax - لوبان کالا - 125g",1,0,visible,,,,,taxable,parent,1,,,0,0,,,,,0,,,200,,,,,,,HERB-422,,,,,,0,,weight,125g,,1,,,,,,,,,,,,
11247,variation,HERB-422-50g,,"Loban Kala - Black Benzoin Resin / Premium Dark Styrax - لوبان کالا - 50g",1,0,visible,,,,,taxable,parent,1,,,0,0,,,,,0,,,100,,,,,,,HERB-422,,,,,,0,,weight,50g,,1,,,,,,,,,,,,
11248,variation,HERB-423-500g,,"Lodh Pathani - Symplocos Racemosa Bark Powder - لودھ پٹھانی - 500g",1,0,visible,,,,,taxable,parent,1,,,0,0,,,,,0,,,700,,,,,,,HERB-423,,,,,,0,,weight,500g,,1,,,,,,,,,,,,
11249,variation,HERB-423-125g,,"Lodh Pathani - Symplocos Racemosa Bark Powder - لودھ پٹھانی - 125g",1,0,visible,,,,,taxable,parent,1,,,0,0,,,,,0,,,160,,,,,,,HERB-423,,,,,,0,,weight,125g,,1,,,,,,,,,,,,
11250,variation,HERB-423-50g,,"Lodh Pathani - Symplocos Racemosa Bark Powder - لودھ پٹھانی - 50g",1,0,visible,,,,,taxable,parent,1,,,0,0,,,,,0,,,80,,,,,,,HERB-423,,,,,,0,,weight,50g,,1,,,,,,,,,,,,
11251,variation,HERB-424-50g,,"Long Whole - Premium Cloves / Syzygium Aromaticum - لونگ - 50g",1,0,visible,,,,,taxable,parent,1,,,0,0,,,,,0,,,200,,,,,,,HERB-424,,,,,,0,,weight,50g,,1,,,,,,,,,,,,
11252,variable,HERB-425,,"Lemon Grass - Premium Dried Lemongrass Slices - لیمن گراس",1,0,visible,,,,,taxable,,1,,,0,0,,,,,1,,,,Herbs,,,,,,,,,,,,0,,weight,"125g, 500g, 50g",1,1,,1,,,,,,,,,,
11253,variable,HERB-426,,"Mazu - Oak Galls / Quercus Infectoria - مازو",1,0,visible,,,,,taxable,,1,,,0,0,,,,,1,,,,Herbs,,,,,,,,,,,,0,,weight,"10g, 125g, 500g, 50g",1,1,,1,,,,,,,,,,
11254,variable,HERB-427,,"Malkangni - Staff Tree Seeds / Celastrus Paniculatus - مالکنگنی",1,0,visible,,,,,taxable,,1,,,0,0,,,,,1,,,,Seeds,,,,,,,,,,,,0,,weight,"10g, 125g, 500g, 50g",1,1,,1,,,,,,,,,,
11255,variable,HERB-429,,"Mayera - Traditional Herbal Blend Whole - مائیرا",1,0,visible,,,,,taxable,,1,,,0,0,,,,,1,,,,Herbs,,,,,,,,,,,,0,,weight,"10g, 125g, 500g, 50g",1,1,,1,,,,,,,,,,
11256,variable,HERB-430,,"Mai Khurd Choti - Small Oak Galls Variety - مائی خورد چھوٹی",1,0,visible,,,,,taxable,,1,,,0,0,,,,,1,,,,Herbs,,,,,,,,,,,,0,,weight,"125g, 500g, 50g",1,1,,1,,,,,,,,,,
11257,variable,HERB-431,,"Majeth Whole - Premium Indian Madder (Manjistha Roots) - مجیتھ / منجسٹھا",1,0,visible,,,,,taxable,,1,,,0,0,,,,,1,,,,Herbs,,,,,,,,,,,,0,,weight,"10g, 125g, 500g, 50g",1,1,,1,,,,,,,,,,
11258,variation,HERB-424-10g,,"Long Whole - Premium Cloves / Syzygium Aromaticum - لونگ - 10g",1,0,visible,,,,,taxable,parent,1,,,0,0,,,,,0,,,40,,,,,,,HERB-424,,,,,,0,,weight,10g,,1,,,,,,,,,,,,
11259,variation,HERB-425-500g,,"Lemon Grass - Premium Dried Lemongrass Slices - لیمن گراس - 500g",1,0,visible,,,,,taxable,parent,1,,,0,0,,,,,0,,,700,,,,,,,HERB-425,,,,,,0,,weight,500g,,1,,,,,,,,,,,,
11260,variation,HERB-425-125g,,"Lemon Grass - Premium Dried Lemongrass Slices - لیمن گراس - 125g",1,0,visible,,,,,taxable,parent,1,,,0,0,,,,,0,,,200,,,,,,,HERB-425,,,,,,0,,weight,125g,,1,,,,,,,,,,,,
11261,variation,HERB-425-50g,,"Lemon Grass - Premium Dried Lemongrass Slices - لیمن گراس - 50g",1,0,visible,,,,,taxable,parent,1,,,0,0,,,,,0,,,100,,,,,,,HERB-425,,,,,,0,,weight,50g,,1,,,,,,,,,,,,
11262,variation,HERB-426-500g,,"Mazu - Oak Galls / Quercus Infectoria - مازو - 500g",1,0,visible,,,,,taxable,parent,1,,,0,0,,,,,0,,,1840,,,,,,,HERB-426,,,,,,0,,weight,500g,,1,,,,,,,,,,,,
11263,variation,HERB-426-125g,,"Mazu - Oak Galls / Quercus Infectoria - مازو - 125g",1,0,visible,,,,,taxable,parent,1,,,0,0,,,,,0,,,460,,,,,,,HERB-426,,,,,,0,,weight,125g,,1,,,,,,,,,,,,
11264,variation,HERB-426-50g,,"Mazu - Oak Galls / Quercus Infectoria - مازو - 50g",1,0,visible,,,,,taxable,parent,1,,,0,0,,,,,0,,,190,,,,,,,HERB-426,,,,,,0,,weight,50g,,1,,,,,,,,,,,,
11265,variation,HERB-426-10g,,"Mazu - Oak Galls / Quercus Infectoria - مازو - 10g",1,0,visible,,,,,taxable,parent,1,,,0,0,,,,,0,,,40,,,,,,,HERB-426,,,,,,0,,weight,10g,,1,,,,,,,,,,,,
11266,variation,HERB-427-500g,,"Malkangni - Staff Tree Seeds / Celastrus Paniculatus - مالکنگنی - 500g",1,0,visible,,,,,taxable,parent,1,,,0,0,,,,,0,,,2000,,,,,,,HERB-427,,,,,,0,,weight,500g,,1,,,,,,,,,,,,
11267,variation,HERB-427-125g,,"Malkangni - Staff Tree Seeds / Celastrus Paniculatus - مالکنگنی - 125g",1,0,visible,,,,,taxable,parent,1,,,0,0,,,,,0,,,500,,,,,,,HERB-427,,,,,,0,,weight,125g,,1,,,,,,,,,,,,
11268,variation,HERB-427-50g,,"Malkangni - Staff Tree Seeds / Celastrus Paniculatus - مالکنگنی - 50g",1,0,visible,,,,,taxable,parent,1,,,0,0,,,,,0,,,250,,,,,,,HERB-427,,,,,,0,,weight,50g,,1,,,,,,,,,,,,
11269,variation,HERB-427-10g,,"Malkangni - Staff Tree Seeds / Celastrus Paniculatus - مالکنگنی - 10g",1,0,visible,,,,,taxable,parent,1,,,0,0,,,,,0,,,50,,,,,,,HERB-427,,,,,,0,,weight,10g,,1,,,,,,,,,,,,
11270,variation,HERB-429-500g,,"Mayera - Traditional Herbal Blend Whole - مائیرا - 500g",1,0,visible,,,,,taxable,parent,1,,,0,0,,,,,0,,,2600,,,,,,,HERB-429,,,,,,0,,weight,500g,,1,,,,,,,,,,,,
11271,variation,HERB-429-125g,,"Mayera - Traditional Herbal Blend Whole - مائیرا - 125g",1,0,visible,,,,,taxable,parent,1,,,0,0,,,,,0,,,700,,,,,,,HERB-429,,,,,,0,,weight,125g,,1,,,,,,,,,,,,
11272,variation,HERB-429-50g,,"Mayera - Traditional Herbal Blend Whole - مائیرا - 50g",1,0,visible,,,,,taxable,parent,1,,,0,0,,,,,0,,,300,,,,,,,HERB-429,,,,,,0,,weight,50g,,1,,,,,,,,,,,,
11273,variation,HERB-429-10g,,"Mayera - Traditional Herbal Blend Whole - مائیرا - 10g",1,0,visible,,,,,taxable,parent,1,,,0,0,,,,,0,,,60,,,,,,,HERB-429,,,,,,0,,weight,10g,,1,,,,,,,,,,,,
11274,variation,HERB-430-500g,,"Mai Khurd Choti - Small Oak Galls Variety - مائی خورد چھوٹی - 500g",1,0,visible,,,,,taxable,parent,1,,,0,0,,,,,0,,,350,,,,,,,HERB-430,,,,,,0,,weight,500g,,1,,,,,,,,,,,,
11275,variation,HERB-430-125g,,"Mai Khurd Choti - Small Oak Galls Variety - مائی خورد چھوٹی - 125g",1,0,visible,,,,,taxable,parent,1,,,0,0,,,,,0,,,100,,,,,,,HERB-430,,,,,,0,,weight,125g,,1,,,,,,,,,,,,
11276,variation,HERB-430-50g,,"Mai Khurd Choti - Small Oak Galls Variety - مائی خورد چھوٹی - 50g",1,0,visible,,,,,taxable,parent,1,,,0,0,,,,,0,,,40,,,,,,,HERB-430,,,,,,0,,weight,50g,,1,,,,,,,,,,,,
11277,variation,HERB-431-500g,,"Majeth Whole - Premium Indian Madder (Manjistha Roots) - مجیتھ / منجسٹھا - 500g",1,0,visible,,,,,taxable,parent,1,,,0,0,,,,,0,,,1400,,,,,,,HERB-431,,,,,,0,,weight,500g,,1,,,,,,,,,,,,
11278,variation,HERB-431-125g,,"Majeth Whole - Premium Indian Madder (Manjistha Roots) - مجیتھ / منجسٹھا - 125g",1,0,visible,,,,,taxable,parent,1,,,0,0,,,,,0,,,350,,,,,,,HERB-431,,,,,,0,,weight,125g,,1,,,,,,,,,,,,
11279,variation,HERB-431-50g,,"Majeth Whole - Premium Indian Madder (Manjistha Roots) - مجیتھ / منجسٹھا - 50g",1,0,visible,,,,,taxable,parent,1,,,0,0,,,,,0,,,180,,,,,,,HERB-431,,,,,,0,,weight,50g,,1,,,,,,,,,,,,
11280,variation,HERB-431-10g,,"Majeth Whole - Premium Indian Madder (Manjistha Roots) - مجیتھ / منجسٹھا - 10g",1,0,visible,,,,,taxable,parent,1,,,0,0,,,,,0,,,40,,,,,,,HERB-431,,,,,,0,,weight,10g,,1,,,,,,,,,,,,
11281,variable,HERB-432,,"Muhammadi Booti - Traditional Organic Sufi Herb - محمدی بوٹی",1,0,visible,,,,,taxable,,1,,,0,0,,,,,1,,,,Herbs,,,,,,,,,,,,0,,weight,"10g, 50g",1,1,,1,,,,,,,,,,
11282,variable,HERB-433,,"Mirch Siyah (Kali Mirch) - Premium Black Peppercorns Whole - مرچ سیاہ (کالی مرچ)",1,0,visible,,,,,taxable,,1,,,0,0,,,,,1,,,,Seeds,,,,,,,,,,,,0,,"Weight Abram","10g, 125g, 500g, 50g",1,1,,1,,,,,,,,,,
11283,variable,HERB-434,,"Murdar Sang - Litharge / Monoxide of Lead Powder - مردار سنگ",1,0,visible,,,,,taxable,,1,,,0,0,,,,,1,,,,Herbs,,,,,,,,,,,,0,,weight,"10g, 50g",1,1,,1,,,,,,,,,,
11284,variable,HERB-435,,"Marmaki Whole - Premium Myrrh Gum Resin (Mur) - مرمکی / مُر",1,0,visible,,,,,taxable,,1,,,0,0,,,,,1,,,,Herbs,,,,,,,,,,,,0,,weight,"10g, 50g",1,1,,1,,,,,,,,,,
11285,variable,HERB-436,,"Maryam Panja - Nabi Booti / Rose of Jericho Whole - مریم پنجہ",1,0,visible,,,,,taxable,,1,,,0,0,,,,,1,,,,Herbs,,,,,,,,,,,,0,,weight,"10g, 50g",1,1,,1,,,,,,,,,,
11286,variable,HERB-437,,"Marwar Phali - Helicopter Pods / Helicteres Isora - مروڑ پھلی",1,0,visible,,,,,taxable,,1,,,0,0,,,,,1,,,,Seeds,,,,,,,,,,,,0,,weight,"125g, 500g, 50g",1,1,,1,,,,,,,,,,
11287,variable,HERB-439,,"Misri Dhaga - Premium Rock Candy Thread Crystals - مصری دھاگہ",1,0,visible,,,,,taxable,,1,,,0,0,,,,,1,,,,Herbs,,,,,,,,,,,,0,,weight,"10g, 125g, 500g, 50g",1,1,,1,,,,,,,,,,
11288,variable,HERB-440,,"Mastagi Rumi - Authentic Premium Mastic Gum Tears - مصطگی رومی",1,0,visible,,,,,taxable,,1,,,0,0,,,,,1,,,,Herbs,,,,,,,,,,,,0,,weight,"10g, 50g",1,1,,1,,,,,,,,,,
11289,variable,HERB-442,,"Maghaz Banola - Premium Cottonseed Kernels (Binola Giri) - مغز بنولہ",1,0,visible,,,,,taxable,,1,,,0,0,,,,,1,,,,Seeds,,,,,,,,,,,,0,,weight,"125g, 500g, 50g",1,1,,1,,,,,,,,,,
11290,variation,HERB-432-50g,,"Muhammadi Booti - Traditional Organic Sufi Herb - محمدی بوٹی - 50g",1,0,visible,,,,,taxable,parent,1,,,0,0,,,,,0,,,1000,,,,,,,HERB-432,,,,,,0,,weight,50g,,1,,,,,,,,,,,,
11291,variation,HERB-432-10g,,"Muhammadi Booti - Traditional Organic Sufi Herb - محمدی بوٹی - 10g",1,0,visible,,,,,taxable,parent,1,,,0,0,,,,,0,,,200,,,,,,,HERB-432,,,,,,0,,weight,10g,,1,,,,,,,,,,,,
11292,variation,HERB-433-500g,,"Mirch Siyah (Kali Mirch) - Premium Black Peppercorns Whole - مرچ سیاہ (کالی مرچ)",1,0,visible,,,,,taxable,parent,1,,,0,0,,,,,0,,,1500,,,,,,,HERB-433,,,,,,0,,,,,,,,,,,,,,,,,
11293,variation,HERB-433-125g,,"Mirch Siyah (Kali Mirch) - Premium Black Peppercorns Whole - مرچ سیاہ (کالی مرچ)",1,0,visible,,,,,taxable,parent,1,,,0,0,,,,,0,,,390,,,,,,,HERB-433,,,,,,0,,,,,,,,,,,,,,,,,
11294,variation,HERB-433-50g,,"Mirch Siyah (Kali Mirch) - Premium Black Peppercorns Whole - مرچ سیاہ (کالی مرچ)",1,0,visible,,,,,taxable,parent,1,,,0,0,,,,,0,,,150,,,,,,,HERB-433,,,,,,0,,,,,,,,,,,,,,,,,
11295,variation,HERB-433-10g,,"Mirch Siyah (Kali Mirch) - Premium Black Peppercorns Whole - مرچ سیاہ (کالی مرچ)",1,0,visible,,,,,taxable,parent,1,,,0,0,,,,,0,,,30,,,,,,,HERB-433,,,,,,0,,,,,,,,,,,,,,,,,
11296,variation,HERB-434-50g,,"Murdar Sang - Litharge / Monoxide of Lead Powder - مردار سنگ - 50g",1,0,visible,,,,,taxable,parent,1,,,0,0,,,,,0,,,200,,,,,,,HERB-434,,,,,,0,,weight,50g,,1,,,,,,,,,,,,
11297,variation,HERB-434-10g,,"Murdar Sang - Litharge / Monoxide of Lead Powder - مردار سنگ - 10g",1,0,visible,,,,,taxable,parent,1,,,0,0,,,,,0,,,40,,,,,,,HERB-434,,,,,,0,,weight,10g,,1,,,,,,,,,,,,
11298,variation,HERB-435-50g,,"Marmaki Whole - Premium Myrrh Gum Resin (Mur) - مرمکی / مُر - 50g",1,0,visible,,,,,taxable,parent,1,,,0,0,,,,,0,,,400,,,,,,,HERB-435,,,,,,0,,weight,50g,,1,,,,,,,,,,,,
11299,variation,HERB-435-10g,,"Marmaki Whole - Premium Myrrh Gum Resin (Mur) - مرمکی / مُر - 10g",1,0,visible,,,,,taxable,parent,1,,,0,0,,,,,0,,,80,,,,,,,HERB-435,,,,,,0,,weight,10g,,1,,,,,,,,,,,,
11300,variation,HERB-436-50g,,"Maryam Panja - Nabi Booti / Rose of Jericho Whole - مریم پنجہ - 50g",1,0,visible,,,,,taxable,parent,1,,,0,0,,,,,0,,,400,,,,,,,HERB-436,,,,,,0,,weight,50g,,1,,,,,,,,,,,,
11301,variation,HERB-436-10g,,"Maryam Panja - Nabi Booti / Rose of Jericho Whole - مریم پنجہ - 10g",1,0,visible,,,,,taxable,parent,1,,,0,0,,,,,0,,,80,,,,,,,HERB-436,,,,,,0,,weight,10g,,1,,,,,,,,,,,,
11302,variation,HERB-437-500g,,"Marwar Phali - Helicopter Pods / Helicteres Isora - مروڑ پھلی - 500g",1,0,visible,,,,,taxable,parent,1,,,0,0,,,,,0,,,300,,,,,,,HERB-437,,,,,,0,,weight,500g,,1,,,,,,,,,,,,
11303,variation,HERB-437-125g,,"Marwar Phali - Helicopter Pods / Helicteres Isora - مروڑ پھلی - 125g",1,0,visible,,,,,taxable,parent,1,,,0,0,,,,,0,,,100,,,,,,,HERB-437,,,,,,0,,weight,125g,,1,,,,,,,,,,,,
11304,variation,HERB-437-50g,,"Marwar Phali - Helicopter Pods / Helicteres Isora - مروڑ پھلی - 50g",1,0,visible,,,,,taxable,parent,1,,,0,0,,,,,0,,,60,,,,,,,HERB-437,,,,,,0,,weight,50g,,1,,,,,,,,,,,,
11305,variation,HERB-439-500g,,"Misri Dhaga - Premium Rock Candy Thread Crystals - مصری دھاگہ - 500g",1,0,visible,,,,,taxable,parent,1,,,0,0,,,,,0,,,250,,,,,,,HERB-439,,,,,,0,,weight,500g,,1,,,,,,,,,,,,
11306,variation,HERB-439-125g,,"Misri Dhaga - Premium Rock Candy Thread Crystals - مصری دھاگہ - 125g",1,0,visible,,,,,taxable,parent,1,,,0,0,,,,,0,,,100,,,,,,,HERB-439,,,,,,0,,weight,125g,,1,,,,,,,,,,,,
11307,variation,HERB-439-50g,,"Misri Dhaga - Premium Rock Candy Thread Crystals - مصری دھاگہ - 50g",1,0,visible,,,,,taxable,parent,1,,,0,0,,,,,0,,,60,,,,,,,HERB-439,,,,,,0,,weight,50g,,1,,,,,,,,,,,,
11308,variation,HERB-439-10g,,"Misri Dhaga - Premium Rock Candy Thread Crystals - مصری دھاگہ - 10g",1,0,visible,,,,,taxable,parent,1,,,0,0,,,,,0,,,20,,,,,,,HERB-439,,,,,,0,,weight,10g,,1,,,,,,,,,,,,
11309,variation,HERB-440-50g,,"Mastagi Rumi - Authentic Premium Mastic Gum Tears - مصطگی رومی - 50g",1,0,visible,,,,,taxable,parent,1,,,0,0,,,,,0,,,4500,,,,,,,HERB-440,,,,,,0,,weight,50g,,1,,,,,,,,,,,,
11310,variation,HERB-440-10g,,"Mastagi Rumi - Authentic Premium Mastic Gum Tears - مصطگی رومی - 10g",1,0,visible,,,,,taxable,parent,1,,,0,0,,,,,0,,,900,,,,,,,HERB-440,,,,,,0,,weight,10g,,1,,,,,,,,,,,,
11311,variation,HERB-442-500g,,"Maghaz Banola - Premium Cottonseed Kernels (Binola Giri) - مغز بنولہ - 500g",1,0,visible,,,,,taxable,parent,1,,,0,0,,,,,0,,,600,,,,,,,HERB-442,,,,,,0,,weight,500g,,1,,,,,,,,,,,,
11312,variable,HERB-443,,"Maghaz Tarbooz - Watermelon Seed Kernels - مغز تربوز",1,0,visible,,,,,taxable,,1,,,0,0,,,,,1,,,,Seeds,,,,,,,,,,,,0,,weight,"125g, 500g, 50g",1,1,,1,,,,,,,,,,
11313,variable,HERB-444,,"Maghaz Kharbuza - Melon Seed Kernels - مغز خربوزہ",1,0,visible,,,,,taxable,,1,,,0,0,,,,,1,,,,Seeds,,,,,,,,,,,,0,,weight,"125g, 500g, 50g",1,1,,1,,,,,,,,,,
11314,variable,HERB-445,,"Maghaz Khiyarain - Cucumber Seed Kernels - مغز خیارین",1,0,visible,,,,,taxable,,1,,,0,0,,,,,1,,,,Seeds,,,,,,,,,,,,0,,weight,"10g, 50g",1,1,,1,,,,,,,,,,
11315,variation,HERB-442-125g,,"Maghaz Banola - Premium Cottonseed Kernels (Binola Giri) - مغز بنولہ - 125g",1,0,visible,,,,,taxable,parent,1,,,0,0,,,,,0,,,200,,,,,,,HERB-442,,,,,,0,,weight,125g,,1,,,,,,,,,,,,
11316,variation,HERB-442-50g,,"Maghaz Banola - Premium Cottonseed Kernels (Binola Giri) - مغز بنولہ - 50g",1,0,visible,,,,,taxable,parent,1,,,0,0,,,,,0,,,100,,,,,,,HERB-442,,,,,,0,,weight,50g,,1,,,,,,,,,,,,
11317,variation,HERB-443-500g,,"Maghaz Tarbooz - Watermelon Seed Kernels - مغز تربوز - 500g",1,0,visible,,,,,taxable,parent,1,,,0,0,,,,,0,,,1600,,,,,,,HERB-443,,,,,,0,,weight,500g,,1,,,,,,,,,,,,
11318,variation,HERB-443-125g,,"Maghaz Tarbooz - Watermelon Seed Kernels - مغز تربوز - 125g",1,0,visible,,,,,taxable,parent,1,,,0,0,,,,,0,,,380,,,,,,,HERB-443,,,,,,0,,weight,125g,,1,,,,,,,,,,,,
11319,variation,HERB-443-50g,,"Maghaz Tarbooz - Watermelon Seed Kernels - مغز تربوز - 50g",1,0,visible,,,,,taxable,parent,1,,,0,0,,,,,0,,,150,,,,,,,HERB-443,,,,,,0,,weight,50g,,1,,,,,,,,,,,,
11320,variation,HERB-444-500g,,"Maghaz Kharbuza - Melon Seed Kernels - مغز خربوزہ - 500g",1,0,visible,,,,,taxable,parent,1,,,0,0,,,,,0,,,1600,,,,,,,HERB-444,,,,,,0,,weight,500g,,1,,,,,,,,,,,,
11321,variation,HERB-444-125g,,"Maghaz Kharbuza - Melon Seed Kernels - مغز خربوزہ - 125g",1,0,visible,,,,,taxable,parent,1,,,0,0,,,,,0,,,400,,,,,,,HERB-444,,,,,,0,,weight,125g,,1,,,,,,,,,,,,
11322,variation,HERB-444-50g,,"Maghaz Kharbuza - Melon Seed Kernels - مغز خربوزہ - 50g",1,0,visible,,,,,taxable,parent,1,,,0,0,,,,,0,,,160,,,,,,,HERB-444,,,,,,0,,weight,50g,,1,,,,,,,,,,,,
11323,variation,HERB-445-50g,,"Maghaz Khiyarain - Cucumber Seed Kernels - مغز خیارین - 50g",1,0,visible,,,,,taxable,parent,1,,,0,0,,,,,0,,,400,,,,,,,HERB-445,,,,,,0,,weight,50g,,1,,,,,,,,,,,,
11324,variation,HERB-445-10g,,"Maghaz Khiyarain - Cucumber Seed Kernels - مغز خیارین - 10g",1,0,visible,,,,,taxable,parent,1,,,0,0,,,,,0,,,80,,,,,,,HERB-445,,,,,,0,,weight,10g,,1,,,,,,,,,,,,
11327,variable,SAQM-296,,"Saqmonia Whole - Scammony Resin - سقمونیا",1,0,visible,,,,,taxable,,1,,,0,0,,,,,1,,,,Herbs,,,,,,,,,,,,0,,weight,"10g, 50g",1,1,,1,,,,,,,,,,
11328,variable,SAMA-299,,"Samandar Jhaag Whole - Pure Cuttlefish Bone (Calcium & Skin Care) - سمندر جھاگ",1,0,visible,,,,,taxable,,1,,,0,0,,,,,1,,,,Herbs,,,,,,,,,,,,0,,weight,"125g, 500g, 50g",1,1,,1,,,,,,,,,,
11329,variable,SAMA-300,,"Samandar Sokh - Argyreia Nervosa / Elephant Creeper Seeds - سمندر سوکھ",1,0,visible,,,,,taxable,,1,,,0,0,,,,,1,,,,Herbs,,,,,,,,,,,,0,,weight,"125g, 500g, 50g",1,1,,1,,,,,,,,,,
11330,variable,SANG-303,,"Sang Sarmahi - Fish Stone / Fossilized Otolith Mineral - سنگ سرماہی",1,0,visible,,,,,taxable,,1,,,0,0,,,,,1,,,,Herbs,,,,,,,,,,,,0,,weight,"10g, 50g",1,1,,1,,,,,,,,,,
11331,variable,SANG-305,,"Sang-e-Jarahat - Soapstone / Talc Mineral - سنگجراحت",1,0,visible,,,,,taxable,,1,,,0,0,,,,,1,,,,Herbs,,,,,,,,,,,,0,,weight,"125g, 500g, 50g",1,1,,1,,,,,,,,,,
11332,variable,SANG-306,,"Sangdana Murgh - Chicken Gizzard Lining - سنگدانہ مرغ",1,0,visible,,,,,taxable,,1,,,0,0,,,,,1,,,,Herbs,,,,,,,,,,,,0,,weight,"125g, 500g, 50g",1,1,,1,,,,,,,,,,
11333,variable,SING-307,,"Singhara - Water Chestnut / Trapa Natans - سنگھارا",1,0,visible,,,,,taxable,,1,,,0,0,,,,,1,,,,Herbs,,,,,,,,,,,,0,,weight,"125g, 500g, 50g",1,1,,1,,,,,,,,,,
11334,variable,SOHA-309,,"Sohaga - Borax Standard Powder / Sodium Borate - سہاگہ",1,0,visible,,,,,taxable,,1,,,0,0,,,,,1,,,,Herbs,,,,,,,,,,,,0,,weight,"125g, 500g, 50g",1,1,,1,,,,,,,,,,
11335,variation,,,"Saqmonia Whole - Scammony Resin - سقمونیا - 50g",1,0,visible,,,,,taxable,parent,1,,,0,0,,,,,0,,,400,,,,,,,SAQM-296,,,,,,0,,weight,50g,,1,,,,,,,,,,,,
11336,variation,,,"Saqmonia Whole - Scammony Resin - سقمونیا - 10g",1,0,visible,,,,,taxable,parent,1,,,0,0,,,,,0,,,80,,,,,,,SAQM-296,,,,,,0,,weight,10g,,1,,,,,,,,,,,,
11337,simple,SALA-297,,"Pure Himalayan Salajit - Raw Aftabi Shilajit Resin - خالص چٹانی سلاجیت",1,0,visible,,,,,taxable,,1,,,0,0,,,,,1,,,1000,Herbs,,,,,,,,,,,,0,,weight,10g,1,1,,1,,,,,,,,,,
11338,variation,,,"Samandar Jhaag Whole - Pure Cuttlefish Bone (Calcium & Skin Care) - سمندر جھاگ - 500g",1,0,visible,,,,,taxable,parent,1,,,0,0,,,,,0,,,1000,,,,,,,SAMA-299,,,,,,0,,weight,500g,,1,,,,,,,,,,,,
11339,variation,,,"Samandar Jhaag Whole - Pure Cuttlefish Bone (Calcium & Skin Care) - سمندر جھاگ - 125g",1,0,visible,,,,,taxable,parent,1,,,0,0,,,,,0,,,280,,,,,,,SAMA-299,,,,,,0,,weight,125g,,1,,,,,,,,,,,,
11340,variation,,,"Samandar Jhaag Whole - Pure Cuttlefish Bone (Calcium & Skin Care) - سمندر جھاگ - 50g",1,0,visible,,,,,taxable,parent,1,,,0,0,,,,,0,,,120,,,,,,,SAMA-299,,,,,,0,,weight,50g,,1,,,,,,,,,,,,
11341,variation,,,"Samandar Sokh - Argyreia Nervosa / Elephant Creeper Seeds - سمندر سوکھ - 500g",1,0,visible,,,,,taxable,parent,1,,,0,0,,,,,0,,,700,,,,,,,SAMA-300,,,,,,0,,weight,500g,,1,,,,,,,,,,,,
11342,variation,,,"Samandar Sokh - Argyreia Nervosa / Elephant Creeper Seeds - سمندر سوکھ - 125g",1,0,visible,,,,,taxable,parent,1,,,0,0,,,,,0,,,200,,,,,,,SAMA-300,,,,,,0,,weight,125g,,1,,,,,,,,,,,,
11343,variation,,,"Samandar Sokh - Argyreia Nervosa / Elephant Creeper Seeds - سمندر سوکھ - 50g",1,0,visible,,,,,taxable,parent,1,,,0,0,,,,,0,,,100,,,,,,,SAMA-300,,,,,,0,,weight,50g,,1,,,,,,,,,,,,
11344,variation,,,"Sang Sarmahi - Fish Stone / Fossilized Otolith Mineral - سنگ سرماہی - 50g",1,0,visible,,,,,taxable,parent,1,,,0,0,,,,,0,,,580,,,,,,,SANG-303,,,,,,0,,weight,50g,,1,,,,,,,,,,,,
11345,variation,,,"Sang Sarmahi - Fish Stone / Fossilized Otolith Mineral - سنگ سرماہی - 10g",1,0,visible,,,,,taxable,parent,1,,,0,0,,,,,0,,,120,,,,,,,SANG-303,,,,,,0,,weight,10g,,1,,,,,,,,,,,,
11346,variation,,,"Sang-e-Jarahat - Soapstone / Talc Mineral - سنگجراحت - 500g",1,0,visible,,,,,taxable,parent,1,,,0,0,,,,,0,,,160,,,,,,,SANG-305,,,,,,0,,weight,500g,,1,,,,,,,,,,,,
11347,variation,,,"Sang-e-Jarahat - Soapstone / Talc Mineral - سنگجراحت - 125g",1,0,visible,,,,,taxable,parent,1,,,0,0,,,,,0,,,70,,,,,,,SANG-305,,,,,,0,,weight,125g,,1,,,,,,,,,,,,
11348,variation,,,"Sang-e-Jarahat - Soapstone / Talc Mineral - سنگجراحت - 50g",1,0,visible,,,,,taxable,parent,1,,,0,0,,,,,0,,,30,,,,,,,SANG-305,,,,,,0,,weight,50g,,1,,,,,,,,,,,,
11349,variation,,,"Sangdana Murgh - Chicken Gizzard Lining - سنگدانہ مرغ - 500g",1,0,visible,,,,,taxable,parent,1,,,0,0,,,,,0,,,700,,,,,,,SANG-306,,,,,,0,,weight,500g,,1,,,,,,,,,,,,
11350,variation,,,"Sangdana Murgh - Chicken Gizzard Lining - سنگدانہ مرغ - 125g",1,0,visible,,,,,taxable,parent,1,,,0,0,,,,,0,,,200,,,,,,,SANG-306,,,,,,0,,weight,125g,,1,,,,,,,,,,,,
11351,variation,,,"Sangdana Murgh - Chicken Gizzard Lining - سنگدانہ مرغ - 50g",1,0,visible,,,,,taxable,parent,1,,,0,0,,,,,0,,,100,,,,,,,SANG-306,,,,,,0,,weight,50g,,1,,,,,,,,,,,,
11352,variation,,,"Singhara - Water Chestnut / Trapa Natans - سنگھارا - 500g",1,0,visible,,,,,taxable,parent,1,,,0,0,,,,,0,,,550,,,,,,,SING-307,,,,,,0,,weight,500g,,1,,,,,,,,,,,,
11353,variation,,,"Singhara - Water Chestnut / Trapa Natans - سنگھارا - 125g",1,0,visible,,,,,taxable,parent,1,,,0,0,,,,,0,,,140,,,,,,,SING-307,,,,,,0,,weight,125g,,1,,,,,,,,,,,,
11354,variation,,,"Singhara - Water Chestnut / Trapa Natans - سنگھارا - 50g",1,0,visible,,,,,taxable,parent,1,,,0,0,,,,,0,,,60,,,,,,,SING-307,,,,,,0,,weight,50g,,1,,,,,,,,,,,,
11355,variation,,,"Sohaga - Borax Standard Powder / Sodium Borate - سہاگہ - 500g",1,0,visible,,,,,taxable,parent,1,,,0,0,,,,,0,,,550,,,,,,,SOHA-309,,,,,,0,,weight,500g,,1,,,,,,,,,,,,
11356,variation,,,"Sohaga - Borax Standard Powder / Sodium Borate - سہاگہ - 125g",1,0,visible,,,,,taxable,parent,1,,,0,0,,,,,0,,,180,,,,,,,SOHA-309,,,,,,0,,weight,125g,,1,,,,,,,,,,,,
11357,variable,SURA-312,,"Suranjan Shareen - Sweet Colchicum Root - سورنجان شیریں",1,0,visible,,,,,taxable,,1,,,0,0,,,,,1,,,,Herbs,,,,,,,,,,,,0,,weight,"10g, 50g",1,1,,1,,,,,,,,,,
11358,variable,SOOK-313,,"Sookay Karelay - Dried Bitter Gourd Slices - سوکھے کریلے",1,0,visible,,,,,taxable,,1,,,0,0,,,,,1,,,,Herbs,,,,,,,,,,,,0,,weight,"125g, 500g, 50g",1,1,,1,,,,,,,,,,
11359,variable,SONA-314,,"Sonamuki - Senna Leaves / Cassia Angustifolia - سونامکی",1,0,visible,,,,,taxable,,1,,,0,0,,,,,1,,,,Herbs,,,,,,,,,,,,0,,weight,"10g, 50g",1,1,,1,,,,,,,,,,
11360,variable,SONT-315,,"Sonth - Dried Ginger Root Standard - سونٹھ",1,0,visible,,,,,taxable,,1,,,0,0,,,,,1,,,,Herbs,,,,,,,,,,,,0,,weight,"125g, 500g, 50g",1,1,,1,,,,,,,,,,
11361,variable,SONT-316,,"Sonth Peesi - Ground Ginger Powder Premium - سونٹھ پسی",1,0,visible,,,,,taxable,,1,,,0,0,,,,,1,,,,Herbs,,,,,,,,,,,,0,,weight,"125g, 500g, 50g",1,1,,1,,,,,,,,,,
11362,variable,SAUN-317,,"Saunf - Fennel Seeds Standard - سونف",1,0,visible,,,,,taxable,,1,,,0,0,,,,,1,,,,Herbs,,,,,,,,,,,,0,,weight,"125g, 500g, 50g",1,1,,1,,,,,,,,,,
11363,variable,SOYA-318,,"Soya - Dill Seeds / Anethum Graveolens - سویا",1,0,visible,,,,,taxable,,1,,,0,0,,,,,1,,,,Herbs,,,,,,,,,,,,0,,weight,"125g, 500g, 50g",1,1,,1,,,,,,,,,,
11364,variable,SOYA-319,,"Soyabean - Soya Beans Whole - سویا بین",1,0,visible,,,,,taxable,,1,,,0,0,,,,,1,,,,Herbs,,,,,,,,,,,,0,,weight,"10g, 125g, 500g, 50g",1,1,,1,,,,,,,,,,
11365,variation,,,"Sohaga - Borax Standard Powder / Sodium Borate - سہاگہ - 50g",1,0,visible,,,,,taxable,parent,1,,,0,0,,,,,0,,,80,,,,,,,SOHA-309,,,,,,0,,weight,50g,,1,,,,,,,,,,,,
11366,variation,,,"Suranjan Shareen - Sweet Colchicum Root - سورنجان شیریں - 50g",1,0,visible,,,,,taxable,parent,1,,,0,0,,,,,0,,,400,,,,,,,SURA-312,,,,,,0,,weight,50g,,1,,,,,,,,,,,,
11367,variation,,,"Suranjan Shareen - Sweet Colchicum Root - سورنجان شیریں - 10g",1,0,visible,,,,,taxable,parent,1,,,0,0,,,,,0,,,80,,,,,,,SURA-312,,,,,,0,,weight,10g,,1,,,,,,,,,,,,
11368,variation,,,"Sookay Karelay - Dried Bitter Gourd Slices - سوکھے کریلے - 500g",1,0,visible,,,,,taxable,parent,1,,,0,0,,,,,0,,,200,,,,,,,SOOK-313,,,,,,0,,weight,500g,,1,,,,,,,,,,,,
11369,variation,,,"Sookay Karelay - Dried Bitter Gourd Slices - سوکھے کریلے - 125g",1,0,visible,,,,,taxable,parent,1,,,0,0,,,,,0,,,100,,,,,,,SOOK-313,,,,,,0,,weight,125g,,1,,,,,,,,,,,,
11370,variation,,,"Sookay Karelay - Dried Bitter Gourd Slices - سوکھے کریلے - 50g",1,0,visible,,,,,taxable,parent,1,,,0,0,,,,,0,,,40,,,,,,,SOOK-313,,,,,,0,,weight,50g,,1,,,,,,,,,,,,
11371,variation,,,"Sonamuki - Senna Leaves / Cassia Angustifolia - سونامکی - 50g",1,0,visible,,,,,taxable,parent,1,,,0,0,,,,,0,,,400,,,,,,,SONA-314,,,,,,0,,weight,50g,,1,,,,,,,,,,,,
11372,variation,,,"Sonamuki - Senna Leaves / Cassia Angustifolia - سونامکی - 10g",1,0,visible,,,,,taxable,parent,1,,,0,0,,,,,0,,,300,,,,,,,SONA-314,,,,,,0,,weight,10g,,1,,,,,,,,,,,,
11373,variation,,,"Sonth - Dried Ginger Root Standard - سونٹھ - 500g",1,0,visible,,,,,taxable,parent,1,,,0,0,,,,,0,,,900,,,,,,,SONT-315,,,,,,0,,weight,500g,,1,,,,,,,,,,,,
11374,variation,,,"Sonth - Dried Ginger Root Standard - سونٹھ - 125g",1,0,visible,,,,,taxable,parent,1,,,0,0,,,,,0,,,230,,,,,,,SONT-315,,,,,,0,,weight,125g,,1,,,,,,,,,,,,
11375,variation,,,"Sonth - Dried Ginger Root Standard - سونٹھ - 50g",1,0,visible,,,,,taxable,parent,1,,,0,0,,,,,0,,,100,,,,,,,SONT-315,,,,,,0,,weight,50g,,1,,,,,,,,,,,,
11376,variation,,,"Sonth Peesi - Ground Ginger Powder Premium - سونٹھ پسی - 500g",1,0,visible,,,,,taxable,parent,1,,,0,0,,,,,0,,,900,,,,,,,SONT-316,,,,,,0,,weight,500g,,1,,,,,,,,,,,,
11377,variation,,,"Sonth Peesi - Ground Ginger Powder Premium - سونٹھ پسی - 125g",1,0,visible,,,,,taxable,parent,1,,,0,0,,,,,0,,,230,,,,,,,SONT-316,,,,,,0,,weight,125g,,1,,,,,,,,,,,,
11378,variation,,,"Sonth Peesi - Ground Ginger Powder Premium - سونٹھ پسی - 50g",1,0,visible,,,,,taxable,parent,1,,,0,0,,,,,0,,,100,,,,,,,SONT-316,,,,,,0,,weight,50g,,1,,,,,,,,,,,,
11379,variation,,,"Saunf - Fennel Seeds Standard - سونف - 500g",1,0,visible,,,,,taxable,parent,1,,,0,0,,,,,0,,,550,,,,,,,SAUN-317,,,,,,0,,weight,500g,,1,,,,,,,,,,,,
11380,variation,,,"Saunf - Fennel Seeds Standard - سونف - 125g",1,0,visible,,,,,taxable,parent,1,,,0,0,,,,,0,,,140,,,,,,,SAUN-317,,,,,,0,,weight,125g,,1,,,,,,,,,,,,
11381,variation,,,"Saunf - Fennel Seeds Standard - سونف - 50g",1,0,visible,,,,,taxable,parent,1,,,0,0,,,,,0,,,60,,,,,,,SAUN-317,,,,,,0,,weight,50g,,1,,,,,,,,,,,,
11382,variation,,,"Soya - Dill Seeds / Anethum Graveolens - سویا - 500g",1,0,visible,,,,,taxable,parent,1,,,0,0,,,,,0,,,500,,,,,,,SOYA-318,,,,,,0,,weight,500g,,1,,,,,,,,,,,,
11383,variation,,,"Soya - Dill Seeds / Anethum Graveolens - سویا - 125g",1,0,visible,,,,,taxable,parent,1,,,0,0,,,,,0,,,130,,,,,,,SOYA-318,,,,,,0,,weight,125g,,1,,,,,,,,,,,,
11384,variation,,,"Soya - Dill Seeds / Anethum Graveolens - سویا - 50g",1,0,visible,,,,,taxable,parent,1,,,0,0,,,,,0,,,60,,,,,,,SOYA-318,,,,,,0,,weight,50g,,1,,,,,,,,,,,,
11385,variation,,,"Soyabean - Soya Beans Whole - سویا بین - 500g",1,0,visible,,,,,taxable,parent,1,,,0,0,,,,,0,,,300,,,,,,,SOYA-319,,,,,,0,,weight,500g,,1,,,,,,,,,,,,
11386,variation,,,"Soyabean - Soya Beans Whole - سویا بین - 125g",1,0,visible,,,,,taxable,parent,1,,,0,0,,,,,0,,,100,,,,,,,SOYA-319,,,,,,0,,weight,125g,,1,,,,,,,,,,,,
11387,variable,SEEP-320,,"Seep Sabat - Whole Sea Shells / Mother of Pearl Mineral - سیپ ثابت",1,0,visible,,,,,taxable,,1,,,0,0,,,,,1,,,,Herbs,,,,,,,,,,,,0,,weight,"10g, 125g, 500g, 50g",1,1,,1,,,,,,,,,,
11388,variable,SHIK-321,,"Shikakai - Acacia Concinna Pods for Hair Care - شیکاکائی",1,0,visible,,,,,taxable,,1,,,0,0,,,,,1,,,,Herbs,,,,,,,,,,,,0,,weight,"125g, 500g, 50g",1,1,,1,,,,,,,,,,
11389,variable,SIMA-322,,"Simaq Dana - Sumac Berries Whole - سماق دانہ",1,0,visible,,,,,taxable,,1,,,0,0,,,,,1,,,,Herbs,,,,,,,,,,,,0,,weight,"10g, 125g, 500g, 50g",1,1,,1,,,,,,,,,,
11390,variable,SEEN-324,,"Seendoor - Vermilion Powder / Red Lead Mineral - سیندور",1,0,visible,,,,,taxable,,1,,,0,0,,,,,1,,,,Herbs,,,,,,,,,,,,0,,weight,"10g, 125g, 500g, 50g",1,1,,1,,,,,,,,,,
11391,variable,SHAQ-326,,"Shaqaqal Misri - Egyptian Wild Celery Root / Pastinaca Secacul - شقاقل مصری",1,0,visible,,,,,taxable,,1,,,0,0,,,,,1,,,,Herbs,,,,,,,,,,,,0,,weight,"10g, 125g, 500g, 50g",1,1,,1,,,,,,,,,,
11392,variable,SHOL-329,,"Sholangi Seeds - Desi Cowpea / Black Eyed Pea Seeds - شولنگی",1,0,visible,,,,,taxable,,1,,,0,0,,,,,1,,,,Herbs,,,,,,,,,,,,0,,weight,"10g, 125g, 500g, 50g",1,1,,1,,,,,,,,,,
11393,variation,,,"Soyabean - Soya Beans Whole - سویا بین - 50g",1,0,visible,,,,,taxable,parent,1,,,0,0,,,,,0,,,60,,,,,,,SOYA-319,,,,,,0,,weight,50g,,1,,,,,,,,,,,,
11394,variation,,,"Soyabean - Soya Beans Whole - سویا بین - 10g",1,0,visible,,,,,taxable,parent,1,,,0,0,,,,,0,,,20,,,,,,,SOYA-319,,,,,,0,,weight,10g,,1,,,,,,,,,,,,
11395,variation,,,"Seep Sabat - Whole Sea Shells / Mother of Pearl Mineral - سیپ ثابت - 500g",1,0,visible,,,,,taxable,parent,1,,,0,0,,,,,0,,,1800,,,,,,,SEEP-320,,,,,,0,,weight,500g,,1,,,,,,,,,,,,
11396,variation,,,"Seep Sabat - Whole Sea Shells / Mother of Pearl Mineral - سیپ ثابت - 125g",1,0,visible,,,,,taxable,parent,1,,,0,0,,,,,0,,,480,,,,,,,SEEP-320,,,,,,0,,weight,125g,,1,,,,,,,,,,,,
11397,variation,,,"Seep Sabat - Whole Sea Shells / Mother of Pearl Mineral - سیپ ثابت - 50g",1,0,visible,,,,,taxable,parent,1,,,0,0,,,,,0,,,200,,,,,,,SEEP-320,,,,,,0,,weight,50g,,1,,,,,,,,,,,,
11398,variation,,,"Seep Sabat - Whole Sea Shells / Mother of Pearl Mineral - سیپ ثابت - 10g",1,0,visible,,,,,taxable,parent,1,,,0,0,,,,,0,,,40,,,,,,,SEEP-320,,,,,,0,,weight,10g,,1,,,,,,,,,,,,
11399,variation,,,"Shikakai - Acacia Concinna Pods for Hair Care - شیکاکائی - 500g",1,0,visible,,,,,taxable,parent,1,,,0,0,,,,,0,,,300,,,,,,,SHIK-321,,,,,,0,,weight,500g,,1,,,,,,,,,,,,
11400,variation,,,"Shikakai - Acacia Concinna Pods for Hair Care - شیکاکائی - 125g",1,0,visible,,,,,taxable,parent,1,,,0,0,,,,,0,,,80,,,,,,,SHIK-321,,,,,,0,,weight,125g,,1,,,,,,,,,,,,
11401,variation,,,"Shikakai - Acacia Concinna Pods for Hair Care - شیکاکائی - 50g",1,0,visible,,,,,taxable,parent,1,,,0,0,,,,,0,,,40,,,,,,,SHIK-321,,,,,,0,,weight,50g,,1,,,,,,,,,,,,
11402,variation,,,"Simaq Dana - Sumac Berries Whole - سماق دانہ - 500g",1,0,visible,,,,,taxable,parent,1,,,0,0,,,,,0,,,900,,,,,,,SIMA-322,,,,,,0,,weight,500g,,1,,,,,,,,,,,,
11403,variation,,,"Simaq Dana - Sumac Berries Whole - سماق دانہ - 125g",1,0,visible,,,,,taxable,parent,1,,,0,0,,,,,0,,,300,,,,,,,SIMA-322,,,,,,0,,weight,125g,,1,,,,,,,,,,,,
11404,variation,,,"Simaq Dana - Sumac Berries Whole - سماق دانہ - 50g",1,0,visible,,,,,taxable,parent,1,,,0,0,,,,,0,,,150,,,,,,,SIMA-322,,,,,,0,,weight,50g,,1,,,,,,,,,,,,
11405,variation,,,"Simaq Dana - Sumac Berries Whole - سماق دانہ - 10g",1,0,visible,,,,,taxable,parent,1,,,0,0,,,,,0,,,40,,,,,,,SIMA-322,,,,,,0,,weight,10g,,1,,,,,,,,,,,,
11406,variation,,,"Seendoor - Vermilion Powder / Red Lead Mineral - سیندور - 500g",1,0,visible,,,,,taxable,parent,1,,,0,0,,,,,0,,,700,,,,,,,SEEN-324,,,,,,0,,weight,500g,,1,,,,,,,,,,,,
11407,variation,,,"Seendoor - Vermilion Powder / Red Lead Mineral - سیندور - 125g",1,0,visible,,,,,taxable,parent,1,,,0,0,,,,,0,,,350,,,,,,,SEEN-324,,,,,,0,,weight,125g,,1,,,,,,,,,,,,
11408,variation,,,"Seendoor - Vermilion Powder / Red Lead Mineral - سیندور - 50g",1,0,visible,,,,,taxable,parent,1,,,0,0,,,,,0,,,150,,,,,,,SEEN-324,,,,,,0,,weight,50g,,1,,,,,,,,,,,,
11409,variation,,,"Seendoor - Vermilion Powder / Red Lead Mineral - سیندور - 10g",1,0,visible,,,,,taxable,parent,1,,,0,0,,,,,0,,,30,,,,,,,SEEN-324,,,,,,0,,weight,10g,,1,,,,,,,,,,,,
11410,variation,,,"Shaqaqal Misri - Egyptian Wild Celery Root / Pastinaca Secacul - شقاقل مصری - 500g",1,0,visible,,,,,taxable,parent,1,,,0,0,,,,,0,,,1400,,,,,,,SHAQ-326,,,,,,0,,weight,500g,,1,,,,,,,,,,,,
11411,variation,,,"Shaqaqal Misri - Egyptian Wild Celery Root / Pastinaca Secacul - شقاقل مصری - 125g",1,0,visible,,,,,taxable,parent,1,,,0,0,,,,,0,,,350,,,,,,,SHAQ-326,,,,,,0,,weight,125g,,1,,,,,,,,,,,,
11412,variation,,,"Shaqaqal Misri - Egyptian Wild Celery Root / Pastinaca Secacul - شقاقل مصری - 50g",1,0,visible,,,,,taxable,parent,1,,,0,0,,,,,0,,,180,,,,,,,SHAQ-326,,,,,,0,,weight,50g,,1,,,,,,,,,,,,
11413,variation,,,"Shaqaqal Misri - Egyptian Wild Celery Root / Pastinaca Secacul - شقاقل مصری - 10g",1,0,visible,,,,,taxable,parent,1,,,0,0,,,,,0,,,40,,,,,,,SHAQ-326,,,,,,0,,weight,10g,,1,,,,,,,,,,,,
11414,simple,TANG-328,,"Tangar Whole - Premium Tangar Jala / Pelican Foot Shell - ٹانگر / ٹانگر جالا",1,0,visible,,,,,taxable,,1,,,0,0,,,,,1,,,1400,Herbs,,,,,,,,,,,,0,,weight,10g,1,1,,1,,,,,,,,,,
11415,variation,,,"Sholangi Seeds - Desi Cowpea / Black Eyed Pea Seeds - شولنگی - 500g",1,0,visible,,,,,taxable,parent,1,,,0,0,,,,,0,,,1700,,,,,,,SHOL-329,,,,,,0,,weight,500g,,1,,,,,,,,,,,,
11416,variation,,,"Sholangi Seeds - Desi Cowpea / Black Eyed Pea Seeds - شولنگی - 125g",1,0,visible,,,,,taxable,parent,1,,,0,0,,,,,0,,,450,,,,,,,SHOL-329,,,,,,0,,weight,125g,,1,,,,,,,,,,,,
11417,variable,SATA-331,,"Satar Farsi - Persian Thyme / Zataria Multiflora - صعتر فارسی",1,0,visible,,,,,taxable,,1,,,0,0,,,,,1,,,,Herbs,,,,,,,,,,,,0,,weight,"10g, 125g, 500g, 50g",1,1,,1,,,,,,,,,,
11418,variable,SAND-332,,"Sandal Surkh - Red Sandalwood Chips / Pterocarpus Santalinus - صندل سرخ",1,0,visible,,,,,taxable,,1,,,0,0,,,,,1,,,,Herbs,,,,,,,,,,,,0,,weight,"10g, 125g, 500g, 50g",1,1,,1,,,,,,,,,,
11419,variable,SAND-333,,"Sandal Safaid - White Sandalwood / Santalum Album - صندل سفید",1,0,visible,,,,,taxable,,1,,,0,0,,,,,1,,,,Herbs,,,,,,,,,,,,0,,weight,"10g, 125g, 500g, 50g",1,1,,1,,,,,,,,,,
11420,variable,TABA-334,,"Tabasheer - Bamboo Manna / Bambusa Arundinacea Silica - طباشیر",1,0,visible,,,,,taxable,,1,,,0,0,,,,,1,,,,Herbs,,,,,,,,,,,,0,,weight,"10g, 125g, 500g, 50g",1,1,,1,,,,,,,,,,
11421,variable,AQAR-337,,"Aqarqarha - Anacyclus Pyrethrum / Pellitory Root - عقر قرحا",1,0,visible,,,,,taxable,,1,,,0,0,,,,,1,,,,Herbs,,,,,,,,,,,,0,,weight,"10g, 125g, 50g",1,1,,1,,,,,,,,,,
11422,variable,UNNA-339,,"Unnab - Jujube Fruit / Red Date - عناب",1,0,visible,,,,,taxable,,1,,,0,0,,,,,1,,,,Herbs,,,,,,,,,,,,0,,weight,"125g, 500g, 50g",1,1,,1,,,,,,,,,,
11423,variation,,,"Sholangi Seeds - Desi Cowpea / Black Eyed Pea Seeds - شولنگی - 50g",1,0,visible,,,,,taxable,parent,1,,,0,0,,,,,0,,,200,,,,,,,SHOL-329,,,,,,0,,weight,50g,,1,,,,,,,,,,,,
11424,variation,,,"Sholangi Seeds - Desi Cowpea / Black Eyed Pea Seeds - شولنگی - 10g",1,0,visible,,,,,taxable,parent,1,,,0,0,,,,,0,,,40,,,,,,,SHOL-329,,,,,,0,,weight,10g,,1,,,,,,,,,,,,
11425,variation,,,"Satar Farsi - Persian Thyme / Zataria Multiflora - صعتر فارسی - 500g",1,0,visible,,,,,taxable,parent,1,,,0,0,,,,,0,,,1700,,,,,,,SATA-331,,,,,,0,,weight,500g,,1,,,,,,,,,,,,
11426,variation,,,"Satar Farsi - Persian Thyme / Zataria Multiflora - صعتر فارسی - 125g",1,0,visible,,,,,taxable,parent,1,,,0,0,,,,,0,,,450,,,,,,,SATA-331,,,,,,0,,weight,125g,,1,,,,,,,,,,,,
11427,variation,,,"Satar Farsi - Persian Thyme / Zataria Multiflora - صعتر فارسی - 50g",1,0,visible,,,,,taxable,parent,1,,,0,0,,,,,0,,,200,,,,,,,SATA-331,,,,,,0,,weight,50g,,1,,,,,,,,,,,,
11428,variation,,,"Satar Farsi - Persian Thyme / Zataria Multiflora - صعتر فارسی - 10g",1,0,visible,,,,,taxable,parent,1,,,0,0,,,,,0,,,40,,,,,,,SATA-331,,,,,,0,,weight,10g,,1,,,,,,,,,,,,
11429,variation,,,"Sandal Surkh - Red Sandalwood Chips / Pterocarpus Santalinus - صندل سرخ - 500g",1,0,visible,,,,,taxable,parent,1,,,0,0,,,,,0,,,600,,,,,,,SAND-332,,,,,,0,,weight,500g,,1,,,,,,,,,,,,
11430,variation,,,"Sandal Surkh - Red Sandalwood Chips / Pterocarpus Santalinus - صندل سرخ - 125g",1,0,visible,,,,,taxable,parent,1,,,0,0,,,,,0,,,300,,,,,,,SAND-332,,,,,,0,,weight,125g,,1,,,,,,,,,,,,
11431,variation,,,"Sandal Surkh - Red Sandalwood Chips / Pterocarpus Santalinus - صندل سرخ - 50g",1,0,visible,,,,,taxable,parent,1,,,0,0,,,,,0,,,150,,,,,,,SAND-332,,,,,,0,,weight,50g,,1,,,,,,,,,,,,
11432,variation,,,"Sandal Surkh - Red Sandalwood Chips / Pterocarpus Santalinus - صندل سرخ - 10g",1,0,visible,,,,,taxable,parent,1,,,0,0,,,,,0,,,40,,,,,,,SAND-332,,,,,,0,,weight,10g,,1,,,,,,,,,,,,
11433,variation,,,"Sandal Safaid - White Sandalwood / Santalum Album - صندل سفید - 500g",1,0,visible,,,,,taxable,parent,1,,,0,0,,,,,0,,,2700,,,,,,,SAND-333,,,,,,0,,weight,500g,,1,,,,,,,,,,,,
11434,variation,,,"Sandal Safaid - White Sandalwood / Santalum Album - صندل سفید - 125g",1,0,visible,,,,,taxable,parent,1,,,0,0,,,,,0,,,700,,,,,,,SAND-333,,,,,,0,,weight,125g,,1,,,,,,,,,,,,
11435,variation,,,"Sandal Safaid - White Sandalwood / Santalum Album - صندل سفید - 50g",1,0,visible,,,,,taxable,parent,1,,,0,0,,,,,0,,,300,,,,,,,SAND-333,,,,,,0,,weight,50g,,1,,,,,,,,,,,,
11436,variation,,,"Sandal Safaid - White Sandalwood / Santalum Album - صندل سفید - 10g",1,0,visible,,,,,taxable,parent,1,,,0,0,,,,,0,,,60,,,,,,,SAND-333,,,,,,0,,weight,10g,,1,,,,,,,,,,,,
11437,variation,,,"Tabasheer - Bamboo Manna / Bambusa Arundinacea Silica - طباشیر - 500g",1,0,visible,,,,,taxable,parent,1,,,0,0,,,,,0,,,800,,,,,,,TABA-334,,,,,,0,,weight,500g,,1,,,,,,,,,,,,
11438,variation,,,"Tabasheer - Bamboo Manna / Bambusa Arundinacea Silica - طباشیر - 125g",1,0,visible,,,,,taxable,parent,1,,,0,0,,,,,0,,,300,,,,,,,TABA-334,,,,,,0,,weight,125g,,1,,,,,,,,,,,,
11439,variation,,,"Tabasheer - Bamboo Manna / Bambusa Arundinacea Silica - طباشیر - 50g",1,0,visible,,,,,taxable,parent,1,,,0,0,,,,,0,,,140,,,,,,,TABA-334,,,,,,0,,weight,50g,,1,,,,,,,,,,,,
11440,variation,,,"Tabasheer - Bamboo Manna / Bambusa Arundinacea Silica - طباشیر - 10g",1,0,visible,,,,,taxable,parent,1,,,0,0,,,,,0,,,30,,,,,,,TABA-334,,,,,,0,,weight,10g,,1,,,,,,,,,,,,
11441,simple,USHB-335,,"Ushba Maghribi - Sarsaparilla Root / Smilax Aristolochiifolia - عشبہ مغربی",1,0,visible,,,,,taxable,,1,,,0,0,,,,,1,,,150,Herbs,,,,,,,,,,,,0,,weight,10g,1,1,,1,,,,,,,,,,
11442,simple,USAR-336,,"Usarah Rewand - Purified Rhubarb Extract / Gamboge - عصارہ ریوند",1,0,visible,,,,,taxable,,1,,,0,0,,,,,1,,,120,Herbs,,,,,,,,,,,,0,,weight,10g,1,1,,1,,,,,,,,,,
11443,variation,,,"Aqarqarha - Anacyclus Pyrethrum / Pellitory Root - عقر قرحا - 125g",1,0,visible,,,,,taxable,parent,1,,,0,0,,,,,0,,,1000,,,,,,,AQAR-337,,,,,,0,,weight,125g,,1,,,,,,,,,,,,
11444,variation,,,"Aqarqarha - Anacyclus Pyrethrum / Pellitory Root - عقر قرحا - 50g",1,0,visible,,,,,taxable,parent,1,,,0,0,,,,,0,,,500,,,,,,,AQAR-337,,,,,,0,,weight,50g,,1,,,,,,,,,,,,
11445,variation,,,"Aqarqarha - Anacyclus Pyrethrum / Pellitory Root - عقر قرحا - 10g",1,0,visible,,,,,taxable,parent,1,,,0,0,,,,,0,,,100,,,,,,,AQAR-337,,,,,,0,,weight,10g,,1,,,,,,,,,,,,
11446,variation,,,"Unnab - Jujube Fruit / Red Date - عناب - 500g",1,0,visible,,,,,taxable,parent,1,,,0,0,,,,,0,,,300,,,,,,,UNNA-339,,,,,,0,,weight,500g,,1,,,,,,,,,,,,
11447,variable,OUDB-340,,"Oud Balsam - Balsam Wood / Commiphora Opobalsamum - عود بلسان",1,0,visible,,,,,taxable,,1,,,0,0,,,,,1,,,,Herbs,,,,,,,,,,,,0,,weight,"10g, 50g",1,1,,1,,,,,,,,,,
11448,variable,OUDG-341,,"Oud Gharqi Wood - Premium Agarwood / Aquilaria Malaccensis - عود غرقی لکڑی",1,0,visible,,,,,taxable,,1,,,0,0,,,,,1,,,,Herbs,,,,,,,,,,,,0,,weight,"10g, 50g",1,1,,1,,,,,,,,,,
11449,variable,QAST-345,,"Qast Talkh Whole - Premium Bitter Costus Root / Qust al Bahri - قسط تلخ",1,0,visible,,,,,taxable,,1,,,0,0,,,,,1,,,,Herbs,,,,,,,,,,,,0,,weight,"125g, 50g",1,1,,1,,,,,,,,,,
11450,variation,,,"Unnab - Jujube Fruit / Red Date - عناب - 125g",1,0,visible,,,,,taxable,parent,1,,,0,0,,,,,0,,,140,,,,,,,UNNA-339,,,,,,0,,weight,125g,,1,,,,,,,,,,,,
11451,variation,,,"Unnab - Jujube Fruit / Red Date - عناب - 50g",1,0,visible,,,,,taxable,parent,1,,,0,0,,,,,0,,,30,,,,,,,UNNA-339,,,,,,0,,weight,50g,,1,,,,,,,,,,,,
11452,variation,,,"Oud Balsam - Balsam Wood / Commiphora Opobalsamum - عود بلسان - 50g",1,0,visible,,,,,taxable,parent,1,,,0,0,,,,,0,,,300,,,,,,,OUDB-340,,,,,,0,,weight,50g,,1,,,,,,,,,,,,
11453,variation,,,"Oud Balsam - Balsam Wood / Commiphora Opobalsamum - عود بلسان - 10g",1,0,visible,,,,,taxable,parent,1,,,0,0,,,,,0,,,70,,,,,,,OUDB-340,,,,,,0,,weight,10g,,1,,,,,,,,,,,,
11454,variation,,,"Oud Gharqi Wood - Premium Agarwood / Aquilaria Malaccensis - عود غرقی لکڑی - 50g",1,0,visible,,,,,taxable,parent,1,,,0,0,,,,,0,,,400,,,,,,,OUDG-341,,,,,,0,,weight,50g,,1,,,,,,,,,,,,
11455,variation,,,"Oud Gharqi Wood - Premium Agarwood / Aquilaria Malaccensis - عود غرقی لکڑی - 10g",1,0,visible,,,,,taxable,parent,1,,,0,0,,,,,0,,,80,,,,,,,OUDG-341,,,,,,0,,weight,10g,,1,,,,,,,,,,,,
11456,simple,FARY-344,,"Faryoon - Euphorbia Resin / Euphorbium Gum - فربیون",1,0,visible,,,,,taxable,,1,,,0,0,,,,,1,,,250,Herbs,,,,,,,,,,,,0,,weight,50g,1,1,,1,,,,,,,,,,
11457,variation,,,"Qast Talkh Whole - Premium Bitter Costus Root / Qust al Bahri - قسط تلخ - 125g",1,0,visible,,,,,taxable,parent,1,,,0,0,,,,,0,,,350,,,,,,,QAST-345,,,,,,0,,weight,125g,,1,,,,,,,,,,,,
11458,variation,,,"Qast Talkh Whole - Premium Bitter Costus Root / Qust al Bahri - قسط تلخ - 50g",1,0,visible,,,,,taxable,parent,1,,,0,0,,,,,0,,,150,,,,,,,QAST-345,,,,,,0,,weight,50g,,1,,,,,,,,,,,,
11460,variable,HERB-446,,"Maghaz Suraj Makhi - Premium Sunflower Seed Kernels - مغز سورج مکھی",1,0,visible,,,,,taxable,,1,,,0,0,,,,,1,,,,Seeds,,,,,,,,,,,,0,,weight,"125g, 500g, 50g",1,1,,1,,,,,,,,,,
11461,variable,HERB-447,,"Maghaz Kadu - Premium Pumpkin Seed Kernels (Kaddu Giri) - مغز کدو",1,0,visible,,,,,taxable,,1,,,0,0,,,,,1,,,,Seeds,,,,,,,,,,,,0,,weight,"10g, 50g",1,1,,1,,,,,,,,,,
11462,variable,HERB-448,,"Makhana - Premium Fox Nuts (Lotus Seeds) - مکھانہ",1,0,visible,,,,,taxable,,1,,,0,0,,,,,1,,,,Seeds,,,,,,,,,,,,0,,weight,"125g, 500g",1,1,,1,,,,,,,,,,
11463,variable,HERB-449,,"Kadu Whole - Dried Pumpkin Seeds - کدو",1,0,visible,,,,,taxable,,1,,,0,0,,,,,1,,,,Seeds,,,,,,,,,,,,0,,weight,"125g, 500g, 50g",1,1,,1,,,,,,,,,,
11464,variable,HERB-452,,"Mulathi - Premium Licorice Root - ملٹھی",1,0,visible,,,,,taxable,,1,,,0,0,,,,,1,,,,Herbs,,,,,,,,,,,,0,,weight,"125g, 500g, 50g",1,1,,1,,,,,,,,,,
11465,variable,HERB-453,,"Mulathi Pisi Hui - Pure Licorice Root Powder - ملٹھی پسی ہوئی",1,0,visible,,,,,taxable,,1,,,0,0,,,,,1,,,,Herbs,,,,,,,,,,,,0,,weight,"125g, 500g, 50g",1,1,,1,,,,,,,,,,
11466,variable,HERB-454,,"Munakka - Premium Dried Large Raisins - منقہ",1,0,visible,,,,,taxable,,1,,,0,0,,,,,1,,,,Herbs,,,,,,,,,,,,0,,weight,"125g, 500g, 50g",1,1,,1,,,,,,,,,,
11467,variable,HERB-455,,"Mehndi Powder - Pure Organic Henna Powder - مہندی پاؤڈر",1,0,visible,,,,,taxable,,1,,,0,0,,,,,1,,,,Herbs,,,,,,,,,,,,0,,weight,"125g, 500g, 50g",1,1,,1,,,,,,,,,,
11468,variation,HERB-446-500g,,"Maghaz Suraj Makhi - Premium Sunflower Seed Kernels - مغز سورج مکھی - 500g",1,0,visible,,,,,taxable,parent,1,,,0,0,,,,,0,,,700,,,,,,,HERB-446,,,,,,0,,weight,500g,,1,,,,,,,,,,,,
11469,variation,HERB-446-125g,,"Maghaz Suraj Makhi - Premium Sunflower Seed Kernels - مغز سورج مکھی - 125g",1,0,visible,,,,,taxable,parent,1,,,0,0,,,,,0,,,250,,,,,,,HERB-446,,,,,,0,,weight,125g,,1,,,,,,,,,,,,
11470,variation,HERB-446-50g,,"Maghaz Suraj Makhi - Premium Sunflower Seed Kernels - مغز سورج مکھی - 50g",1,0,visible,,,,,taxable,parent,1,,,0,0,,,,,0,,,100,,,,,,,HERB-446,,,,,,0,,weight,50g,,1,,,,,,,,,,,,
11471,variation,HERB-447-50g,,"Maghaz Kadu - Premium Pumpkin Seed Kernels (Kaddu Giri) - مغز کدو - 50g",1,0,visible,,,,,taxable,parent,1,,,0,0,,,,,0,,,300,,,,,,,HERB-447,,,,,,0,,weight,50g,,1,,,,,,,,,,,,
11472,variation,HERB-447-10g,,"Maghaz Kadu - Premium Pumpkin Seed Kernels (Kaddu Giri) - مغز کدو - 10g",1,0,visible,,,,,taxable,parent,1,,,0,0,,,,,0,,,60,,,,,,,HERB-447,,,,,,0,,weight,10g,,1,,,,,,,,,,,,
11473,variation,HERB-448-500g,,"Makhana - Premium Fox Nuts (Lotus Seeds) - مکھانہ - 500g",1,0,visible,,,,,taxable,parent,1,,,0,0,,,,,0,,,2400,,,,,,,HERB-448,,,,,,0,,weight,500g,,1,,,,,,,,,,,,
11474,variation,HERB-448-125g,,"Makhana - Premium Fox Nuts (Lotus Seeds) - مکھانہ - 125g",1,0,visible,,,,,taxable,parent,1,,,0,0,,,,,0,,,600,,,,,,,HERB-448,,,,,,0,,weight,125g,,1,,,,,,,,,,,,
11475,variation,HERB-449-500g,,"Kadu Whole - Dried Pumpkin Seeds - کدو - 500g",1,0,visible,,,,,taxable,parent,1,,,0,0,,,,,0,,,500,,,,,,,HERB-449,,,,,,0,,weight,500g,,1,,,,,,,,,,,,
11476,variation,HERB-449-125g,,"Kadu Whole - Dried Pumpkin Seeds - کدو - 125g",1,0,visible,,,,,taxable,parent,1,,,0,0,,,,,0,,,150,,,,,,,HERB-449,,,,,,0,,weight,125g,,1,,,,,,,,,,,,
11477,variation,HERB-449-50g,,"Kadu Whole - Dried Pumpkin Seeds - کدو - 50g",1,0,visible,,,,,taxable,parent,1,,,0,0,,,,,0,,,80,,,,,,,HERB-449,,,,,,0,,weight,50g,,1,,,,,,,,,,,,
11478,simple,HERB-450,,"Multani Mitti - Pure Fuller's Earth Clay - ملتانی مٹی",1,0,visible,,,,,taxable,,1,,,0,0,,,,,1,,,50,Herbs,,,,,,,,,,,,0,,weight,500g,1,1,,1,,,,,,,,,,
11479,simple,HERB-451,,"Multani Mitti Pakki - Roasted Fuller's Earth Clay - ملتانی مٹی پکی",1,0,visible,,,,,taxable,,1,,,0,0,,,,,1,,,100,Herbs,,,,,,,,,,,,0,,weight,500g,1,1,,1,,,,,,,,,,
11480,variation,HERB-452-500g,,"Mulathi - Premium Licorice Root - ملٹھی - 500g",1,0,visible,,,,,taxable,parent,1,,,0,0,,,,,0,,,600,,,,,,,HERB-452,,,,,,0,,weight,500g,,1,,,,,,,,,,,,
11481,variation,HERB-452-125g,,"Mulathi - Premium Licorice Root - ملٹھی - 125g",1,0,visible,,,,,taxable,parent,1,,,0,0,,,,,0,,,240,,,,,,,HERB-452,,,,,,0,,weight,125g,,1,,,,,,,,,,,,
11482,variation,HERB-452-50g,,"Mulathi - Premium Licorice Root - ملٹھی - 50g",1,0,visible,,,,,taxable,parent,1,,,0,0,,,,,0,,,100,,,,,,,HERB-452,,,,,,0,,weight,50g,,1,,,,,,,,,,,,
11483,variation,HERB-453-500g,,"Mulathi Pisi Hui - Pure Licorice Root Powder - ملٹھی پسی ہوئی - 500g",1,0,visible,,,,,taxable,parent,1,,,0,0,,,,,0,,,700,,,,,,,HERB-453,,,,,,0,,weight,500g,,1,,,,,,,,,,,,
11484,variation,HERB-453-125g,,"Mulathi Pisi Hui - Pure Licorice Root Powder - ملٹھی پسی ہوئی - 125g",1,0,visible,,,,,taxable,parent,1,,,0,0,,,,,0,,,240,,,,,,,HERB-453,,,,,,0,,weight,125g,,1,,,,,,,,,,,,
11485,variation,HERB-453-50g,,"Mulathi Pisi Hui - Pure Licorice Root Powder - ملٹھی پسی ہوئی - 50g",1,0,visible,,,,,taxable,parent,1,,,0,0,,,,,0,,,100,,,,,,,HERB-453,,,,,,0,,weight,50g,,1,,,,,,,,,,,,
11486,variation,HERB-454-500g,,"Munakka - Premium Dried Large Raisins - منقہ - 500g",1,0,visible,,,,,taxable,parent,1,,,0,0,,,,,0,,,800,,,,,,,HERB-454,,,,,,0,,weight,500g,,1,,,,,,,,,,,,
11487,variation,HERB-454-125g,,"Munakka - Premium Dried Large Raisins - منقہ - 125g",1,0,visible,,,,,taxable,parent,1,,,0,0,,,,,0,,,240,,,,,,,HERB-454,,,,,,0,,weight,125g,,1,,,,,,,,,,,,
11488,variation,HERB-454-50g,,"Munakka - Premium Dried Large Raisins - منقہ - 50g",1,0,visible,,,,,taxable,parent,1,,,0,0,,,,,0,,,100,,,,,,,HERB-454,,,,,,0,,weight,50g,,1,,,,,,,,,,,,
11489,variation,HERB-455-500g,,"Mehndi Powder - Pure Organic Henna Powder - مہندی پاؤڈر - 500g",1,0,visible,,,,,taxable,parent,1,,,0,0,,,,,0,,,250,,,,,,,HERB-455,,,,,,0,,weight,500g,,1,,,,,,,,,,,,
11490,variable,HERB-456,,"Musli Safaid Indian - Premium Indian White Musli - موصلی سفید (انڈین)",1,0,visible,,,,,taxable,,1,,,0,0,,,,,1,,,,Herbs,,,,,,,,,,,,0,,weight,"10g, 125g, 500g, 50g",1,1,,1,,,,,,,,,,
11491,variable,HERB-457,,"Musli Inderjao Wali - White Musli Variety - موصلی اندر جَو والی",1,0,visible,,,,,taxable,,1,,,0,0,,,,,1,,,,Herbs,,,,,,,,,,,,0,,weight,"10g, 125g, 500g, 50g",1,1,,1,,,,,,,,,,
11492,variable,HERB-458,,"Musli Satawar - Shatavari White Musli - موصلی ستاور",1,0,visible,,,,,taxable,,1,,,0,0,,,,,1,,,,Herbs,,,,,,,,,,,,0,,weight,"10g, 125g, 50g",1,1,,1,,,,,,,,,,
11493,variable,HERB-459,,"Musli Safaid Pakistani - Pakistani White Musli - موصلی سفید (پاکستانی)",1,0,visible,,,,,taxable,,1,,,0,0,,,,,1,,,,Herbs,,,,,,,,,,,,0,,weight,"10g, 125g, 500g, 50g",1,1,,1,,,,,,,,,,
11494,variable,HERB-460,,"Musli Siyah Kali Musli - Pure Black Musli - موصلی سیاہ (کالی موصلی)",1,0,visible,,,,,taxable,,1,,,0,0,,,,,1,,,,Herbs,,,,,,,,,,,,0,,weight,"10g, 125g, 500g, 50g",1,1,,1,,,,,,,,,,
11495,variable,HERB-461,,"Musli Sambhal - Bombax Ceiba Root - موصلی سنبھل",1,0,visible,,,,,taxable,,1,,,0,0,,,,,1,,,,Herbs,,,,,,,,,,,,0,,weight,"125g, 500g, 50g",1,1,,1,,,,,,,,,,
11496,variation,HERB-455-125g,,"Mehndi Powder - Pure Organic Henna Powder - مہندی پاؤڈر - 125g",1,0,visible,,,,,taxable,parent,1,,,0,0,,,,,0,,,100,,,,,,,HERB-455,,,,,,0,,weight,125g,,1,,,,,,,,,,,,
11497,variation,HERB-455-50g,,"Mehndi Powder - Pure Organic Henna Powder - مہندی پاؤڈر - 50g",1,0,visible,,,,,taxable,parent,1,,,0,0,,,,,0,,,60,,,,,,,HERB-455,,,,,,0,,weight,50g,,1,,,,,,,,,,,,
11498,variation,HERB-456-500g,,"Musli Safaid Indian - Premium Indian White Musli - موصلی سفید (انڈین) - 500g",1,0,visible,,,,,taxable,parent,1,,,0,0,,,,,0,,,5800,,,,,,,HERB-456,,,,,,0,,weight,500g,,1,,,,,,,,,,,,
11499,variation,HERB-456-125g,,"Musli Safaid Indian - Premium Indian White Musli - موصلی سفید (انڈین) - 125g",1,0,visible,,,,,taxable,parent,1,,,0,0,,,,,0,,,1500,,,,,,,HERB-456,,,,,,0,,weight,125g,,1,,,,,,,,,,,,
11500,variation,HERB-456-50g,,"Musli Safaid Indian - Premium Indian White Musli - موصلی سفید (انڈین) - 50g",1,0,visible,,,,,taxable,parent,1,,,0,0,,,,,0,,,600,,,,,,,HERB-456,,,,,,0,,weight,50g,,1,,,,,,,,,,,,
11501,variation,HERB-456-10g,,"Musli Safaid Indian - Premium Indian White Musli - موصلی سفید (انڈین) - 10g",1,0,visible,,,,,taxable,parent,1,,,0,0,,,,,0,,,120,,,,,,,HERB-456,,,,,,0,,weight,10g,,1,,,,,,,,,,,,
11502,variation,HERB-457-500g,,"Musli Inderjao Wali - White Musli Variety - موصلی اندر جَو والی - 500g",1,0,visible,,,,,taxable,parent,1,,,0,0,,,,,0,,,6000,,,,,,,HERB-457,,,,,,0,,weight,500g,,1,,,,,,,,,,,,
11503,variation,HERB-457-125g,,"Musli Inderjao Wali - White Musli Variety - موصلی اندر جَو والی - 125g",1,0,visible,,,,,taxable,parent,1,,,0,0,,,,,0,,,1600,,,,,,,HERB-457,,,,,,0,,weight,125g,,1,,,,,,,,,,,,
11504,variation,HERB-457-50g,,"Musli Inderjao Wali - White Musli Variety - موصلی اندر جَو والی - 50g",1,0,visible,,,,,taxable,parent,1,,,0,0,,,,,0,,,650,,,,,,,HERB-457,,,,,,0,,weight,50g,,1,,,,,,,,,,,,
11505,variation,HERB-457-10g,,"Musli Inderjao Wali - White Musli Variety - موصلی اندر جَو والی - 10g",1,0,visible,,,,,taxable,parent,1,,,0,0,,,,,0,,,130,,,,,,,HERB-457,,,,,,0,,weight,10g,,1,,,,,,,,,,,,
11506,variation,HERB-458-125g,,"Musli Satawar - Shatavari White Musli - موصلی ستاور - 125g",1,0,visible,,,,,taxable,parent,1,,,0,0,,,,,0,,,720,,,,,,,HERB-458,,,,,,0,,weight,125g,,1,,,,,,,,,,,,
11507,variation,HERB-458-50g,,"Musli Satawar - Shatavari White Musli - موصلی ستاور - 50g",1,0,visible,,,,,taxable,parent,1,,,0,0,,,,,0,,,300,,,,,,,HERB-458,,,,,,0,,weight,50g,,1,,,,,,,,,,,,
11508,variation,HERB-458-10g,,"Musli Satawar - Shatavari White Musli - موصلی ستاور - 10g",1,0,visible,,,,,taxable,parent,1,,,0,0,,,,,0,,,60,,,,,,,HERB-458,,,,,,0,,weight,10g,,1,,,,,,,,,,,,
11509,variation,HERB-459-500g,,"Musli Safaid Pakistani - Pakistani White Musli - موصلی سفید (پاکستانی) - 500g",1,0,visible,,,,,taxable,parent,1,,,0,0,,,,,0,,,1300,,,,,,,HERB-459,,,,,,0,,weight,500g,,1,,,,,,,,,,,,
11510,variation,HERB-459-125g,,"Musli Safaid Pakistani - Pakistani White Musli - موصلی سفید (پاکستانی) - 125g",1,0,visible,,,,,taxable,parent,1,,,0,0,,,,,0,,,400,,,,,,,HERB-459,,,,,,0,,weight,125g,,1,,,,,,,,,,,,
11511,variation,HERB-459-50g,,"Musli Safaid Pakistani - Pakistani White Musli - موصلی سفید (پاکستانی) - 50g",1,0,visible,,,,,taxable,parent,1,,,0,0,,,,,0,,,200,,,,,,,HERB-459,,,,,,0,,weight,50g,,1,,,,,,,,,,,,
11512,variation,HERB-459-10g,,"Musli Safaid Pakistani - Pakistani White Musli - موصلی سفید (پاکستانی) - 10g",1,0,visible,,,,,taxable,parent,1,,,0,0,,,,,0,,,40,,,,,,,HERB-459,,,,,,0,,weight,10g,,1,,,,,,,,,,,,
11513,variation,HERB-460-500g,,"Musli Siyah Kali Musli - Pure Black Musli - موصلی سیاہ (کالی موصلی) - 500g",1,0,visible,,,,,taxable,parent,1,,,0,0,,,,,0,,,1100,,,,,,,HERB-460,,,,,,0,,weight,500g,,1,,,,,,,,,,,,
11514,variation,HERB-460-125g,,"Musli Siyah Kali Musli - Pure Black Musli - موصلی سیاہ (کالی موصلی) - 125g",1,0,visible,,,,,taxable,parent,1,,,0,0,,,,,0,,,560,,,,,,,HERB-460,,,,,,0,,weight,125g,,1,,,,,,,,,,,,
11515,variation,HERB-460-50g,,"Musli Siyah Kali Musli - Pure Black Musli - موصلی سیاہ (کالی موصلی) - 50g",1,0,visible,,,,,taxable,parent,1,,,0,0,,,,,0,,,230,,,,,,,HERB-460,,,,,,0,,weight,50g,,1,,,,,,,,,,,,
11516,variation,HERB-460-10g,,"Musli Siyah Kali Musli - Pure Black Musli - موصلی سیاہ (کالی موصلی) - 10g",1,0,visible,,,,,taxable,parent,1,,,0,0,,,,,0,,,50,,,,,,,HERB-460,,,,,,0,,weight,10g,,1,,,,,,,,,,,,
11517,variation,HERB-461-500g,,"Musli Sambhal - Bombax Ceiba Root - موصلی سنبھل - 500g",1,0,visible,,,,,taxable,parent,1,,,0,0,,,,,0,,,800,,,,,,,HERB-461,,,,,,0,,weight,500g,,1,,,,,,,,,,,,
11518,variation,HERB-461-125g,,"Musli Sambhal - Bombax Ceiba Root - موصلی سنبھل - 125g",1,0,visible,,,,,taxable,parent,1,,,0,0,,,,,0,,,240,,,,,,,HERB-461,,,,,,0,,weight,125g,,1,,,,,,,,,,,,
11519,variation,HERB-461-50g,,"Musli Sambhal - Bombax Ceiba Root - موصلی سنبھل - 50g",1,0,visible,,,,,taxable,parent,1,,,0,0,,,,,0,,,100,,,,,,,HERB-461,,,,,,0,,weight,50g,,1,,,,,,,,,,,,
11520,variable,HERB-462,,"Moom Desi - Natural Organic Beeswax - موم دیسی",1,0,visible,,,,,taxable,,1,,,0,0,,,,,1,,,,Herbs,,,,,,,,,,,,0,,weight,"10g, 125g, 500g, 50g",1,1,,1,,,,,,,,,,
11521,variable,HERB-463,,"Methray - Premium Fenugreek Seeds Coarse - میتھرے",1,0,visible,,,,,taxable,,1,,,0,0,,,,,1,,,,Seeds,,,,,,,,,,,,0,,weight,"125g, 500g, 50g",1,1,,1,,,,,,,,,,
11522,variable,HERB-464,,"Methi Dana - Pure Fenugreek Seeds - میتھی دانہ",1,0,visible,,,,,taxable,,1,,,0,0,,,,,1,,,,Seeds,,,,,,,,,,,,0,,weight,"125g, 500g, 50g",1,1,,1,,,,,,,,,,
11523,variable,HERB-465,,"Methi Dana Bareek - Fine Fenugreek Seeds - میتھی دانہ باریک",1,0,visible,,,,,taxable,,1,,,0,0,,,,,1,,,,Seeds,,,,,,,,,,,,0,,weight,"125g, 500g, 50g",1,1,,1,,,,,,,,,,
11524,variable,HERB-466,,"Methi Dana Lal - Red Fenugreek Seeds Variety - میتھی دانہ لال",1,0,visible,,,,,taxable,,1,,,0,0,,,,,1,,,,Seeds,,,,,,,,,,,,0,,weight,"10g, 125g, 500g, 50g",1,1,,1,,,,,,,,,,
11525,variable,HERB-467,,"Meetha Telia Whole - Raw Aconite Root (Aconitum Ferox) - میٹھا تیلیا",1,0,visible,,,,,taxable,,1,,,0,0,,,,,1,,,,Herbs,,,,,,,,,,,,0,,weight,"125g, 500g, 50g",1,1,,1,,,,,,,,,,
11526,variable,HERB-468,,"Mida Lakri - Litsea Glutinosa Bark - میدہ لکڑی",1,0,visible,,,,,taxable,,1,,,0,0,,,,,1,,,,Herbs,,,,,,,,,,,,0,,weight,"125g, 500g, 50g",1,1,,1,,,,,,,,,,
11527,variation,HERB-462-500g,,"Moom Desi - Natural Organic Beeswax - موم دیسی - 500g",1,0,visible,,,,,taxable,parent,1,,,0,0,,,,,0,,,700,,,,,,,HERB-462,,,,,,0,,weight,500g,,1,,,,,,,,,,,,
11528,variation,HERB-462-125g,,"Moom Desi - Natural Organic Beeswax - موم دیسی - 125g",1,0,visible,,,,,taxable,parent,1,,,0,0,,,,,0,,,180,,,,,,,HERB-462,,,,,,0,,weight,125g,,1,,,,,,,,,,,,
11529,variation,HERB-462-50g,,"Moom Desi - Natural Organic Beeswax - موم دیسی - 50g",1,0,visible,,,,,taxable,parent,1,,,0,0,,,,,0,,,80,,,,,,,HERB-462,,,,,,0,,weight,50g,,1,,,,,,,,,,,,
11530,variation,HERB-462-10g,,"Moom Desi - Natural Organic Beeswax - موم دیسی - 10g",1,0,visible,,,,,taxable,parent,1,,,0,0,,,,,0,,,30,,,,,,,HERB-462,,,,,,0,,weight,10g,,1,,,,,,,,,,,,
11531,variation,HERB-463-500g,,"Methray - Premium Fenugreek Seeds Coarse - میتھرے - 500g",1,0,visible,,,,,taxable,parent,1,,,0,0,,,,,0,,,1300,,,,,,,HERB-463,,,,,,0,,weight,500g,,1,,,,,,,,,,,,
11532,variation,HERB-463-125g,,"Methray - Premium Fenugreek Seeds Coarse - میتھرے - 125g",1,0,visible,,,,,taxable,parent,1,,,0,0,,,,,0,,,350,,,,,,,HERB-463,,,,,,0,,weight,125g,,1,,,,,,,,,,,,
11533,variation,HERB-463-50g,,"Methray - Premium Fenugreek Seeds Coarse - میتھرے - 50g",1,0,visible,,,,,taxable,parent,1,,,0,0,,,,,0,,,150,,,,,,,HERB-463,,,,,,0,,weight,50g,,1,,,,,,,,,,,,
11534,variation,HERB-464-500g,,"Methi Dana - Pure Fenugreek Seeds - میتھی دانہ - 500g",1,0,visible,,,,,taxable,parent,1,,,0,0,,,,,0,,,200,,,,,,,HERB-464,,,,,,0,,weight,500g,,1,,,,,,,,,,,,
11535,variation,HERB-464-125g,,"Methi Dana - Pure Fenugreek Seeds - میتھی دانہ - 125g",1,0,visible,,,,,taxable,parent,1,,,0,0,,,,,0,,,90,,,,,,,HERB-464,,,,,,0,,weight,125g,,1,,,,,,,,,,,,
11536,variation,HERB-464-50g,,"Methi Dana - Pure Fenugreek Seeds - میتھی دانہ - 50g",1,0,visible,,,,,taxable,parent,1,,,0,0,,,,,0,,,40,,,,,,,HERB-464,,,,,,0,,weight,50g,,1,,,,,,,,,,,,
11537,variation,HERB-465-500g,,"Methi Dana Bareek - Fine Fenugreek Seeds - میتھی دانہ باریک - 500g",1,0,visible,,,,,taxable,parent,1,,,0,0,,,,,0,,,1300,,,,,,,HERB-465,,,,,,0,,weight,500g,,1,,,,,,,,,,,,
11538,variation,HERB-465-125g,,"Methi Dana Bareek - Fine Fenugreek Seeds - میتھی دانہ باریک - 125g",1,0,visible,,,,,taxable,parent,1,,,0,0,,,,,0,,,350,,,,,,,HERB-465,,,,,,0,,weight,125g,,1,,,,,,,,,,,,
11539,variation,HERB-465-50g,,"Methi Dana Bareek - Fine Fenugreek Seeds - میتھی دانہ باریک - 50g",1,0,visible,,,,,taxable,parent,1,,,0,0,,,,,0,,,150,,,,,,,HERB-465,,,,,,0,,weight,50g,,1,,,,,,,,,,,,
11540,variation,HERB-466-500g,,"Methi Dana Lal - Red Fenugreek Seeds Variety - میتھی دانہ لال - 500g",1,0,visible,,,,,taxable,parent,1,,,0,0,,,,,0,,,4400,,,,,,,HERB-466,,,,,,0,,weight,500g,,1,,,,,,,,,,,,
11541,variation,HERB-466-125g,,"Methi Dana Lal - Red Fenugreek Seeds Variety - میتھی دانہ لال - 125g",1,0,visible,,,,,taxable,parent,1,,,0,0,,,,,0,,,1100,,,,,,,HERB-466,,,,,,0,,weight,125g,,1,,,,,,,,,,,,
11542,variation,HERB-466-50g,,"Methi Dana Lal - Red Fenugreek Seeds Variety - میتھی دانہ لال - 50g",1,0,visible,,,,,taxable,parent,1,,,0,0,,,,,0,,,450,,,,,,,HERB-466,,,,,,0,,weight,50g,,1,,,,,,,,,,,,
11543,variation,HERB-466-10g,,"Methi Dana Lal - Red Fenugreek Seeds Variety - میتھی دانہ لال - 10g",1,0,visible,,,,,taxable,parent,1,,,0,0,,,,,0,,,100,,,,,,,HERB-466,,,,,,0,,weight,10g,,1,,,,,,,,,,,,
11544,variation,HERB-467-500g,,"Meetha Telia Whole - Raw Aconite Root (Aconitum Ferox) - میٹھا تیلیا - 500g",1,0,visible,,,,,taxable,parent,1,,,0,0,,,,,0,,,2500,,,,,,,HERB-467,,,,,,0,,weight,500g,,1,,,,,,,,,,,,
11545,variation,HERB-467-125g,,"Meetha Telia Whole - Raw Aconite Root (Aconitum Ferox) - میٹھا تیلیا - 125g",1,0,visible,,,,,taxable,parent,1,,,0,0,,,,,0,,,650,,,,,,,HERB-467,,,,,,0,,weight,125g,,1,,,,,,,,,,,,
11546,variation,HERB-467-50g,,"Meetha Telia Whole - Raw Aconite Root (Aconitum Ferox) - میٹھا تیلیا - 50g",1,0,visible,,,,,taxable,parent,1,,,0,0,,,,,0,,,300,,,,,,,HERB-467,,,,,,0,,weight,50g,,1,,,,,,,,,,,,
11547,variation,HERB-468-500g,,"Mida Lakri - Litsea Glutinosa Bark - میدہ لکڑی - 500g",1,0,visible,,,,,taxable,parent,1,,,0,0,,,,,0,,,500,,,,,,,HERB-468,,,,,,0,,weight,500g,,1,,,,,,,,,,,,
11548,variation,HERB-468-125g,,"Mida Lakri - Litsea Glutinosa Bark - میدہ لکڑی - 125g",1,0,visible,,,,,taxable,parent,1,,,0,0,,,,,0,,,200,,,,,,,HERB-468,,,,,,0,,weight,125g,,1,,,,,,,,,,,,
11549,variation,HERB-468-50g,,"Mida Lakri - Litsea Glutinosa Bark - میدہ لکڑی - 50g",1,0,visible,,,,,taxable,parent,1,,,0,0,,,,,0,,,100,,,,,,,HERB-468,,,,,,0,,weight,50g,,1,,,,,,,,,,,,
11550,variable,HERB-469,,"Meka Root - Maca Root Whole - میکا روٹ",1,0,visible,,,,,taxable,,1,,,0,0,,,,,1,,,,Herbs,,,,,,,,,,,,0,,weight,"10g, 50g",1,1,,1,,,,,,,,,,
11551,variable,HERB-470,,"Meka Root Powder - Pure Maca Root Powder - میکا روٹ پاؤڈر",1,0,visible,,,,,taxable,,1,,,0,0,,,,,1,,,,Herbs,,,,,,,,,,,,0,,weight,"10g, 50g",1,1,,1,,,,,,,,,,
11552,variable,HERB-472,,"Mensal - Realgar (Red Arsenic Sulfide Mineral) - مَنسل",1,0,visible,,,,,taxable,,1,,,0,0,,,,,1,,,,Herbs,,,,,,,,,,,,0,,weight,"10g, 50g",1,1,,1,,,,,,,,,,
11553,variable,HERB-474,,"Nag Kesar - Ceylon Ironwood Buds (Mesua Ferrea) - ناگ کیسر",1,0,visible,,,,,taxable,,1,,,0,0,,,,,1,,,,Herbs,,,,,,,,,,,,0,,weight,"10g, 50g",1,1,,1,,,,,,,,,,
11554,variable,HERB-475,,"Nagarmotha - Cypriol / Nut Grass (Cyperus Scariosus) - ناگر موتھا",1,0,visible,,,,,taxable,,1,,,0,0,,,,,1,,,,Herbs,,,,,,,,,,,,0,,weight,"125g, 500g, 50g",1,1,,1,,,,,,,,,,
11555,variable,HERB-476,,"Narkchur Whole - Premium Zedoary Root (Kachur / Narachoor) - نرکچور / کچور",1,0,visible,,,,,taxable,,1,,,0,0,,,,,1,,,,Herbs,,,,,,,,,,,,0,,weight,"125g, 500g, 50g",1,1,,1,,,,,,,,,,
11556,variable,HERB-477,,"Nishasta Gandum - Pure Wheat Starch - نشاستہ گندم",1,0,visible,,,,,taxable,,1,,,0,0,,,,,1,,,,Herbs,,,,,,,,,,,,0,,weight,"125g, 500g",1,1,,1,,,,,,,,,,
11557,variable,HERB-479,,"Nagan Booti Whole - Premium Nagandoni Herb (Natural Piles Remedy) - ناگن بوٹی",1,0,visible,,,,,taxable,,1,,,0,0,,,,,1,,,,Herbs,,,,,,,,,,,,0,,weight,"125g, 500g, 50g",1,1,,1,,,,,,,,,,
11558,variation,HERB-469-50g,,"Meka Root - Maca Root Whole - میکا روٹ - 50g",1,0,visible,,,,,taxable,parent,1,,,0,0,,,,,0,,,1000,,,,,,,HERB-469,,,,,,0,,weight,50g,,1,,,,,,,,,,,,
11559,variation,HERB-469-10g,,"Meka Root - Maca Root Whole - میکا روٹ - 10g",1,0,visible,,,,,taxable,parent,1,,,0,0,,,,,0,,,250,,,,,,,HERB-469,,,,,,0,,weight,10g,,1,,,,,,,,,,,,
11560,variation,HERB-470-50g,,"Meka Root Powder - Pure Maca Root Powder - میکا روٹ پاؤڈر - 50g",1,0,visible,,,,,taxable,parent,1,,,0,0,,,,,0,,,1000,,,,,,,HERB-470,,,,,,0,,weight,50g,,1,,,,,,,,,,,,
11561,variation,HERB-470-10g,,"Meka Root Powder - Pure Maca Root Powder - میکا روٹ پاؤڈر - 10g",1,0,visible,,,,,taxable,parent,1,,,0,0,,,,,0,,,250,,,,,,,HERB-470,,,,,,0,,weight,10g,,1,,,,,,,,,,,,
11562,variation,HERB-472-50g,,"Mensal - Realgar (Red Arsenic Sulfide Mineral) - مَنسل - 50g",1,0,visible,,,,,taxable,parent,1,,,0,0,,,,,0,,,1000,,,,,,,HERB-472,,,,,,0,,weight,50g,,1,,,,,,,,,,,,
11563,variation,HERB-472-10g,,"Mensal - Realgar (Red Arsenic Sulfide Mineral) - مَنسل - 10g",1,0,visible,,,,,taxable,parent,1,,,0,0,,,,,0,,,250,,,,,,,HERB-472,,,,,,0,,weight,10g,,1,,,,,,,,,,,,
11564,variation,HERB-474-50g,,"Nag Kesar - Ceylon Ironwood Buds (Mesua Ferrea) - ناگ کیسر - 50g",1,0,visible,,,,,taxable,parent,1,,,0,0,,,,,0,,,500,,,,,,,HERB-474,,,,,,0,,weight,50g,,1,,,,,,,,,,,,
11565,variation,HERB-474-10g,,"Nag Kesar - Ceylon Ironwood Buds (Mesua Ferrea) - ناگ کیسر - 10g",1,0,visible,,,,,taxable,parent,1,,,0,0,,,,,0,,,120,,,,,,,HERB-474,,,,,,0,,weight,10g,,1,,,,,,,,,,,,
11566,variation,HERB-475-500g,,"Nagarmotha - Cypriol / Nut Grass (Cyperus Scariosus) - ناگر موتھا - 500g",1,0,visible,,,,,taxable,parent,1,,,0,0,,,,,0,,,350,,,,,,,HERB-475,,,,,,0,,weight,500g,,1,,,,,,,,,,,,
11567,variation,HERB-475-125g,,"Nagarmotha - Cypriol / Nut Grass (Cyperus Scariosus) - ناگر موتھا - 125g",1,0,visible,,,,,taxable,parent,1,,,0,0,,,,,0,,,120,,,,,,,HERB-475,,,,,,0,,weight,125g,,1,,,,,,,,,,,,
11568,variation,HERB-475-50g,,"Nagarmotha - Cypriol / Nut Grass (Cyperus Scariosus) - ناگر موتھا - 50g",1,0,visible,,,,,taxable,parent,1,,,0,0,,,,,0,,,60,,,,,,,HERB-475,,,,,,0,,weight,50g,,1,,,,,,,,,,,,
11569,variation,HERB-476-500g,,"Narkchur Whole - Premium Zedoary Root (Kachur / Narachoor) - نرکچور / کچور - 500g",1,0,visible,,,,,taxable,parent,1,,,0,0,,,,,0,,,700,,,,,,,HERB-476,,,,,,0,,weight,500g,,1,,,,,,,,,,,,
11570,variation,HERB-476-125g,,"Narkchur Whole - Premium Zedoary Root (Kachur / Narachoor) - نرکچور / کچور - 125g",1,0,visible,,,,,taxable,parent,1,,,0,0,,,,,0,,,200,,,,,,,HERB-476,,,,,,0,,weight,125g,,1,,,,,,,,,,,,
11571,variation,HERB-476-50g,,"Narkchur Whole - Premium Zedoary Root (Kachur / Narachoor) - نرکچور / کچور - 50g",1,0,visible,,,,,taxable,parent,1,,,0,0,,,,,0,,,100,,,,,,,HERB-476,,,,,,0,,weight,50g,,1,,,,,,,,,,,,
11572,variation,HERB-477-500g,,"Nishasta Gandum - Pure Wheat Starch - نشاستہ گندم - 500g",1,0,visible,,,,,taxable,parent,1,,,0,0,,,,,0,,,300,,,,,,,HERB-477,,,,,,0,,weight,500g,,1,,,,,,,,,,,,
11573,variation,HERB-477-125g,,"Nishasta Gandum - Pure Wheat Starch - نشاستہ گندم - 125g",1,0,visible,,,,,taxable,parent,1,,,0,0,,,,,0,,,100,,,,,,,HERB-477,,,,,,0,,weight,125g,,1,,,,,,,,,,,,
11574,variation,HERB-479-500g,,"Nagan Booti Whole - Premium Nagandoni Herb (Natural Piles Remedy) - ناگن بوٹی - 500g",1,0,visible,,,,,taxable,parent,1,,,0,0,,,,,0,,,1100,,,,,,,HERB-479,,,,,,0,,weight,500g,,1,,,,,,,,,,,,
11575,variation,HERB-479-125g,,"Nagan Booti Whole - Premium Nagandoni Herb (Natural Piles Remedy) - ناگن بوٹی - 125g",1,0,visible,,,,,taxable,parent,1,,,0,0,,,,,0,,,280,,,,,,,HERB-479,,,,,,0,,weight,125g,,1,,,,,,,,,,,,
11576,variation,HERB-479-50g,,"Nagan Booti Whole - Premium Nagandoni Herb (Natural Piles Remedy) - ناگن بوٹی - 50g",1,0,visible,,,,,taxable,parent,1,,,0,0,,,,,0,,,120,,,,,,,HERB-479,,,,,,0,,weight,50g,,1,,,,,,,,,,,,
11577,simple,HERB-480,,"Namak Samandri Whole - Raw Natural Sea Salt Crystals - سمندری نمک",1,0,visible,,,,,taxable,,1,,,0,0,,,,,1,,,100,Herbs,,,,,,,,,,,,0,,weight,500g,1,1,,1,,,,,,,,,,
11578,simple,HERB-481,,"Namak Siyah Kala Namak - Black Salt Crystals Whole - نمک سیاہ (کالا نمک)",1,0,visible,,,,,taxable,,1,,,0,0,,,,,1,,,100,Herbs,,,,,,,,,,,,0,,weight,500g,1,1,,1,,,,,,,,,,
11579,simple,HERB-483,,"Namak Lahori Pink Salt - Pink Himalayan Salt Crystals - نمک لاہوری (پنک سالٹ)",1,0,visible,,,,,taxable,,1,,,0,0,,,,,1,,,20,Herbs,,,,,,,,,,,,0,,weight,500g,1,1,,1,,,,,,,,,,
11580,variable,HERB-484,,"Namak Mooli - Radish Salt Extract - نمک مولی",1,0,visible,,,,,taxable,,1,,,0,0,,,,,1,,,,Herbs,,,,,,,,,,,,0,,weight,"125g, 500g",1,1,,1,,,,,,,,,,
11581,variable,HERB-488,,"Har Jalap - Ipomoea Purga Root - ہڑ جلاب",1,0,visible,,,,,taxable,,1,,,0,0,,,,,1,,,,Herbs,,,,,,,,,,,,0,,weight,"10g, 50g",1,1,,1,,,,,,,,,,
11582,variable,HERB-489,,"Harar Zard Whole - Premium Yellow Myrobalan (Bari Harar) - ہڑ زرد / بڑی ہڑ",1,0,visible,,,,,taxable,,1,,,0,0,,,,,1,,,,Herbs,,,,,,,,,,,,0,,weight,"125g, 500g, 50g",1,1,,1,,,,no,,,,upload,0,
11583,variable,HERB-490,,"Harr Siyah Whole - Premium Black Myrobalan (Choti Harar) - ہڑ سیاہ / چھوٹی ہڑ",1,0,visible,,,,,taxable,,1,,,0,0,,,,,1,,,,Herbs,,,,,,,,,,,,0,,weight,"125g, 500g, 50g",1,1,,1,,,,,,,,,,
11584,variable,HERB-493,,"Haldi Sabit - Pure Whole Turmeric Fingers - ہلدی ثابت",1,0,visible,,,,,taxable,,1,,,0,0,,,,,1,,,,Herbs,,,,,,,,,,,,0,,weight,"125g, 500g, 50g",1,1,,1,,,,,,,,,,
11585,variation,HERB-484-500g,,"Namak Mooli - Radish Salt Extract - نمک مولی - 500g",1,0,visible,,,,,taxable,parent,1,,,0,0,,,,,0,,,200,,,,,,,HERB-484,,,,,,0,,weight,500g,,1,,,,,,,,,,,,
11586,variation,HERB-484-125g,,"Namak Mooli - Radish Salt Extract - نمک مولی - 125g",1,0,visible,,,,,taxable,parent,1,,,0,0,,,,,0,,,100,,,,,,,HERB-484,,,,,,0,,weight,125g,,1,,,,,,,,,,,,
11587,simple,HERB-485,,"Naushadar - Ammonium Chloride Crystals - نوشادر",1,0,visible,,,,,taxable,,1,,,0,0,,,,,1,,,500,Herbs,,,,,,,,,,,,0,,weight,500g,1,1,,1,,,,,,,,,,
11588,simple,HERB-486,,"Nila Thotha - Copper Sulfate Crystals - نیلا تھوتھا",1,0,visible,,,,,taxable,,1,,,0,0,,,,,1,,,1100,Herbs,,,,,,,,,,,,0,,weight,500g,1,1,,1,,,,,,,,,,
11589,simple,HERB-487,,"Harmal Seeds - Premium Wild Rue (Peganum Harmala) - حرمل",1,0,visible,,,,,taxable,,1,,,0,0,,,,,1,,,200,Seeds,,,,,,,,,,,,0,,weight,500g,1,1,,1,,,,,,,,,,
11590,variation,HERB-488-50g,,"Har Jalap - Ipomoea Purga Root - ہڑ جلاب - 50g",1,0,visible,,,,,taxable,parent,1,,,0,0,,,,,0,,,400,,,,,,,HERB-488,,,,,,0,,weight,50g,,1,,,,,,,,,,,,
11591,variation,HERB-488-10g,,"Har Jalap - Ipomoea Purga Root - ہڑ جلاب - 10g",1,0,visible,,,,,taxable,parent,1,,,0,0,,,,,0,,,80,,,,,,,HERB-488,,,,,,0,,weight,10g,,1,,,,,,,,,,,,
11592,variation,HERB-489-500g,,"Harar Zard Whole - Premium Yellow Myrobalan (Bari Harar) - ہڑ زرد / بڑی ہڑ - 500g",1,0,visible,,,,,taxable,parent,1,,,0,0,,,,,0,,,400,,,,,,,HERB-489,,,,,,0,,weight,500g,,1,,,,,,,,,,,,
11593,variation,HERB-489-125g,,"Harar Zard Whole - Premium Yellow Myrobalan (Bari Harar) - ہڑ زرد / بڑی ہڑ - 125g",1,0,visible,,,,,taxable,parent,1,,,0,0,,,,,0,,,150,,,,,,,HERB-489,,,,,,0,,weight,125g,,1,,,,,,,,,,,,
11594,variation,HERB-489-50g,,"Harar Zard Whole - Premium Yellow Myrobalan (Bari Harar) - ہڑ زرد / بڑی ہڑ - 50g",1,0,visible,,,,,taxable,parent,1,,,0,0,,,,,0,,,100,,,,,,,HERB-489,,,,,,0,,weight,50g,,1,,,,,,,,,,,,
11595,variation,HERB-490-500g,,"Harr Siyah Whole - Premium Black Myrobalan (Choti Harar) - ہڑ سیاہ / چھوٹی ہڑ - 500g",1,0,visible,,,,,taxable,parent,1,,,0,0,,,,,0,,,900,,,,,,,HERB-490,,,,,,0,,weight,500g,,1,,,,,,,,,,,,
11596,variation,HERB-490-125g,,"Harr Siyah Whole - Premium Black Myrobalan (Choti Harar) - ہڑ سیاہ / چھوٹی ہڑ - 125g",1,0,visible,,,,,taxable,parent,1,,,0,0,,,,,0,,,220,,,,,,,HERB-490,,,,,,0,,weight,125g,,1,,,,,,,,,,,,
11597,variation,HERB-490-50g,,"Harr Siyah Whole - Premium Black Myrobalan (Choti Harar) - ہڑ سیاہ / چھوٹی ہڑ - 50g",1,0,visible,,,,,taxable,parent,1,,,0,0,,,,,0,,,120,,,,,,,HERB-490,,,,,,0,,weight,50g,,1,,,,,,,,,,,,
11598,simple,HERB-491,,"Hartal Tabqi - Orpiment Tabqi Mineral - ہرتال طبقی",1,0,visible,,,,,taxable,,1,,,0,0,,,,,1,,,300,Herbs,,,,,,,,,,,,0,,weight,10g,1,1,,1,,,,,,,,,,
11599,simple,HERB-492,,"Hartal Warqi - Orpiment Yellow Arsenic Slices - ہرتال ورقی",1,0,visible,,,,,taxable,,1,,,0,0,,,,,1,,,350,Herbs,,,,,,,,,,,,0,,weight,10g,1,1,,1,,,,,,,,,,
11600,variation,HERB-493-500g,,"Haldi Sabit - Pure Whole Turmeric Fingers - ہلدی ثابت - 500g",1,0,visible,,,,,taxable,parent,1,,,0,0,,,,,0,,,500,,,,,,,HERB-493,,,,,,0,,weight,500g,,1,,,,,,,,,,,,
11601,variation,HERB-493-125g,,"Haldi Sabit - Pure Whole Turmeric Fingers - ہلدی ثابت - 125g",1,0,visible,,,,,taxable,parent,1,,,0,0,,,,,0,,,150,,,,,,,HERB-493,,,,,,0,,weight,125g,,1,,,,,,,,,,,,
11602,variation,HERB-493-50g,,"Haldi Sabit - Pure Whole Turmeric Fingers - ہلدی ثابت - 50g",1,0,visible,,,,,taxable,parent,1,,,0,0,,,,,0,,,60,,,,,,,HERB-493,,,,,,0,,weight,50g,,1,,,,,,,,,,,,
11603,simple,HERB-494,,"Heera Heeng Whole - 100% Pure Premium Asafoetida (Asli Hing) - ہیرا ہینگ",1,0,visible,,,,,taxable,,1,,,0,0,,,,,1,,,2500,Herbs,,,,,,,,,,,,0,,weight,10g,1,1,,1,,,,,,,,,,
11605,variable,HRB-001,,"Abrak Safaid (White Mica Flakes) - ابرک سفید",1,0,visible,,,,,taxable,,1,,,0,0,,,,,1,,,,Herbs,,,,,,,,,,,,0,,weight,"125g, 500g, 50g",1,1,,1,,,,,,,,,,
11606,variable,HRB-002,,"Abrak Siyah (Black Mica Flakes) - ابرک سیاہ",1,0,visible,,,,,taxable,,1,,,0,0,,,,,1,,,,Herbs,,,,,,,,,,,,0,,weight,"125g, 500g, 50g",1,1,,1,,,,,,,,,,
11607,variable,HRB-004,,"Ipsam Namak (Epsom Salt Premium - Magnesium Sulfate) - ایپسم سالٹ",1,0,visible,,,,,taxable,,1,,,0,0,,,,,1,,,,Herbs,,,,,,,,,,,,0,,weight,"125g, 500g, 50g",1,1,,1,,,,,,,,,,
11608,variable,HRB-005,,"Ajwain Desi (Premium Carom Seeds) - اجوائن دیسی",1,0,visible,,,,,taxable,,1,,,0,0,,,,,1,,,,Seeds,,,,,,,,,,,,0,,weight,"125g, 500g, 50g",1,1,,1,,,,,,,,,,
11609,variable,HRB-006,,"Ajwain Ajmood (Ajmood Whole - Premium Celery Seeds) - اجمود / اجوائن اجمود",1,0,visible,,,,,taxable,,1,,,0,0,,,,,1,,,,Seeds,,,,,,,,,,,,0,,weight,"125g, 500g, 50g",1,1,,1,,,,,,,,,,
11610,variable,HRB-007,,"Ajwain Khorasani (Henbane Seeds) - اجوائن خراسانی",1,0,visible,,,,,taxable,,1,,,0,0,,,,,1,,,,Seeds,,,,,,,,,,,,0,,weight,"125g, 500g, 50g",1,1,,1,,,,,,,,,,
11611,variable,HRB-008,,"Ajwain Karafs (Wild Celery Seeds) - اجوائن کرفس",1,0,visible,,,,,taxable,,1,,,0,0,,,,,1,,,,Seeds,,,,,,,,,,,,0,,weight,"10g, 125g, 500g, 50g",1,1,,1,,,,,,,,,,
11612,variation,HRB-001-500g,,"Abrak Safaid (White Mica Flakes) - ابرک سفید - 500g",1,0,visible,,,,,taxable,parent,1,,,0,0,,,,,0,,,450,,,,,,,HRB-001,,,,,,0,,weight,500g,,1,,,,,,,,,,,,
11613,variation,HRB-001-125g,,"Abrak Safaid (White Mica Flakes) - ابرک سفید - 125g",1,0,visible,,,,,taxable,parent,1,,,0,0,,,,,0,,,120,,,,,,,HRB-001,,,,,,0,,weight,125g,,1,,,,,,,,,,,,
11614,variation,HRB-001-50g,,"Abrak Safaid (White Mica Flakes) - ابرک سفید - 50g",1,0,visible,,,,,taxable,parent,1,,,0,0,,,,,0,,,50,,,,,,,HRB-001,,,,,,0,,weight,50g,,1,,,,,,,,,,,,
11615,variation,HRB-002-500g,,"Abrak Siyah (Black Mica Flakes) - ابرک سیاہ - 500g",1,0,visible,,,,,taxable,parent,1,,,0,0,,,,,0,,,450,,,,,,,HRB-002,,,,,,0,,weight,500g,,1,,,,,,,,,,,,
11616,variation,HRB-002-125g,,"Abrak Siyah (Black Mica Flakes) - ابرک سیاہ - 125g",1,0,visible,,,,,taxable,parent,1,,,0,0,,,,,0,,,120,,,,,,,HRB-002,,,,,,0,,weight,125g,,1,,,,,,,,,,,,
11617,variation,HRB-002-50g,,"Abrak Siyah (Black Mica Flakes) - ابرک سیاہ - 50g",1,0,visible,,,,,taxable,parent,1,,,0,0,,,,,0,,,50,,,,,,,HRB-002,,,,,,0,,weight,50g,,1,,,,,,,,,,,,
11618,variation,HRB-004-500g,,"Ipsam Namak (Epsom Salt Premium - Magnesium Sulfate) - ایپسم سالٹ - 500g",1,0,visible,,,,,taxable,parent,1,,,0,0,,,,,0,,,100,,,,,,,HRB-004,,,,,,0,,weight,500g,,1,,,,,,,,,,,,
11619,variation,HRB-004-125g,,"Ipsam Namak (Epsom Salt Premium - Magnesium Sulfate) - ایپسم سالٹ - 125g",1,0,visible,,,,,taxable,parent,1,,,0,0,,,,,0,,,50,,,,,,,HRB-004,,,,,,0,,weight,125g,,1,,,,,,,,,,,,
11620,variation,HRB-004-50g,,"Ipsam Namak (Epsom Salt Premium - Magnesium Sulfate) - ایپسم سالٹ - 50g",1,0,visible,,,,,taxable,parent,1,,,0,0,,,,,0,,,30,,,,,,,HRB-004,,,,,,0,,weight,50g,,1,,,,,,,,,,,,
11621,variation,HRB-005-500g,,"Ajwain Desi (Premium Carom Seeds) - اجوائن دیسی - 500g",1,0,visible,,,,,taxable,parent,1,,,0,0,,,,,0,,,300,,,,,,,HRB-005,,,,,,0,,weight,500g,,1,,,,,,,,,,,,
11622,variation,HRB-005-125g,,"Ajwain Desi (Premium Carom Seeds) - اجوائن دیسی - 125g",1,0,visible,,,,,taxable,parent,1,,,0,0,,,,,0,,,80,,,,,,,HRB-005,,,,,,0,,weight,125g,,1,,,,,,,,,,,,
11623,variation,HRB-005-50g,,"Ajwain Desi (Premium Carom Seeds) - اجوائن دیسی - 50g",1,0,visible,,,,,taxable,parent,1,,,0,0,,,,,0,,,40,,,,,,,HRB-005,,,,,,0,,weight,50g,,1,,,,,,,,,,,,
11624,variation,HRB-006-500g,,"Ajwain Ajmood (Ajmood Whole - Premium Celery Seeds) - اجمود / اجوائن اجمود - 500g",1,0,visible,,,,,taxable,parent,1,,,0,0,,,,,0,,,550,,,,,,,HRB-006,,,,,,0,,weight,500g,,1,,,,,,,,,,,,
11625,variation,HRB-006-125g,,"Ajwain Ajmood (Ajmood Whole - Premium Celery Seeds) - اجمود / اجوائن اجمود - 125g",1,0,visible,,,,,taxable,parent,1,,,0,0,,,,,0,,,120,,,,,,,HRB-006,,,,,,0,,weight,125g,,1,,,,,,,,,,,,
11626,variation,HRB-006-50g,,"Ajwain Ajmood (Ajmood Whole - Premium Celery Seeds) - اجمود / اجوائن اجمود - 50g",1,0,visible,,,,,taxable,parent,1,,,0,0,,,,,0,,,60,,,,,,,HRB-006,,,,,,0,,weight,50g,,1,,,,,,,,,,,,
11627,variation,HRB-007-500g,,"Ajwain Khorasani (Henbane Seeds) - اجوائن خراسانی - 500g",1,0,visible,,,,,taxable,parent,1,,,0,0,,,,,0,,,650,,,,,,,HRB-007,,,,,,0,,weight,500g,,1,,,,,,,,,,,,
11628,variation,HRB-007-125g,,"Ajwain Khorasani (Henbane Seeds) - اجوائن خراسانی - 125g",1,0,visible,,,,,taxable,parent,1,,,0,0,,,,,0,,,140,,,,,,,HRB-007,,,,,,0,,weight,125g,,1,,,,,,,,,,,,
11629,variation,HRB-007-50g,,"Ajwain Khorasani (Henbane Seeds) - اجوائن خراسانی - 50g",1,0,visible,,,,,taxable,parent,1,,,0,0,,,,,0,,,70,,,,,,,HRB-007,,,,,,0,,weight,50g,,1,,,,,,,,,,,,
11630,variation,HRB-008-500g,,"Ajwain Karafs (Wild Celery Seeds) - اجوائن کرفس - 500g",1,0,visible,,,,,taxable,parent,1,,,0,0,,,,,0,,,1100,,,,,,,HRB-008,,,,,,0,,weight,500g,,1,,,,,,,,,,,,
11631,variation,HRB-008-125g,,"Ajwain Karafs (Wild Celery Seeds) - اجوائن کرفس - 125g",1,0,visible,,,,,taxable,parent,1,,,0,0,,,,,0,,,280,,,,,,,HRB-008,,,,,,0,,weight,125g,,1,,,,,,,,,,,,
11632,variation,HRB-008-50g,,"Ajwain Karafs (Wild Celery Seeds) - اجوائن کرفس - 50g",1,0,visible,,,,,taxable,parent,1,,,0,0,,,,,0,,,120,,,,,,,HRB-008,,,,,,0,,weight,50g,,1,,,,,,,,,,,,
11633,variation,HRB-008-10g,,"Ajwain Karafs (Wild Celery Seeds) - اجوائن کرفس - 10g",1,0,visible,,,,,taxable,parent,1,,,0,0,,,,,0,,,30,,,,,,,HRB-008,,,,,,0,,weight,10g,,1,,,,,,,,,,,,
11634,variable,HRB-009,,"Azkhur (Lemon Grass Root / Izkhir) -  اذخر",1,0,visible,,,,,taxable,,1,,,0,0,,,,,1,,,,Herbs,,,,,,,,,,,,0,,weight,"125g, 500g, 50g",1,1,,1,,,,,,,,,,
11635,variable,HRB-011,,"Azraqi (Nux Vomica / Kuchla) - اذراقی",1,0,visible,,,,,taxable,,1,,,0,0,,,,,1,,,,Herbs,,,,,,,,,,,,0,,weight,"10g, 125g, 500g, 50g",1,1,,1,,,,,,,,,,
11636,variable,HRB-012,,"Asaroon (Asarabacca / Wild Ginger) - اسارون",1,0,visible,,,,,taxable,,1,,,0,0,,,,,1,,,,Herbs,,,,,,,,,,,,0,,weight,"10g, 125g, 500g, 50g",1,1,,1,,,,,,,,,,
11637,variable,HRB-013,,"Isabghol (Psyllium Whole Husks) - اسبغول",1,0,visible,,,,,taxable,,1,,,0,0,,,,,1,,,,Herbs,,,,,,,,,,,,0,,weight,"125g, 500g, 50g",1,1,,1,,,,,,,,,,
11638,variable,HRB-014,,"Ustukhuddus (Arabian Lavender) - اسطخدوس",1,0,visible,,,,,taxable,,1,,,0,0,,,,,1,,,,Herbs,,,,,,,,,,,,0,,weight,"2000g, 230g, 50g, 550g",1,1,,1,,,,,,,,,,
11639,variable,HRB-015,,"Asral (Serpentine Root / Chhota Chand) - اسرل",1,0,visible,,,,,taxable,,1,,,0,0,,,,,1,,,,Herbs,,,,,,,,,,,,0,,weight,"10g, 125g, 500g, 50g",1,1,,1,,,,,,,,,,
11640,variable,HRB-016,,"Asral Powder (Pure Serpentine Root Powder) - اسرل پاؤڈر",1,0,visible,,,,,taxable,,1,,,0,0,,,,,1,,,,Herbs,,,,,,,,,,,,0,,weight,"10g, 125g, 500g, 50g",1,1,,1,,,,,,,,,,
11641,variation,HRB-009-500g,,"Azkhur (Lemon Grass Root / Izkhir) -  اذخر - 500g",1,0,visible,,,,,taxable,parent,1,,,0,0,,,,,0,,,250,,,,,,,HRB-009,,,,,,0,,weight,500g,,1,,,,,,,,,,,,
11642,variation,HRB-009-125g,,"Azkhur (Lemon Grass Root / Izkhir) -  اذخر - 125g",1,0,visible,,,,,taxable,parent,1,,,0,0,,,,,0,,,120,,,,,,,HRB-009,,,,,,0,,weight,125g,,1,,,,,,,,,,,,
11643,variation,HRB-009-50g,,"Azkhur (Lemon Grass Root / Izkhir) -  اذخر - 50g",1,0,visible,,,,,taxable,parent,1,,,0,0,,,,,0,,,50,,,,,,,HRB-009,,,,,,0,,weight,50g,,1,,,,,,,,,,,,
11644,variation,HRB-011-500g,,"Azraqi (Nux Vomica / Kuchla) - اذراقی - 500g",1,0,visible,,,,,taxable,parent,1,,,0,0,,,,,0,,,1200,,,,,,,HRB-011,,,,,,0,,weight,500g,,1,,,,,,,,,,,,
11645,variation,HRB-011-125g,,"Azraqi (Nux Vomica / Kuchla) - اذراقی - 125g",1,0,visible,,,,,taxable,parent,1,,,0,0,,,,,0,,,380,,,,,,,HRB-011,,,,,,0,,weight,125g,,1,,,,,,,,,,,,
11646,variation,HRB-011-50g,,"Azraqi (Nux Vomica / Kuchla) - اذراقی - 50g",1,0,visible,,,,,taxable,parent,1,,,0,0,,,,,0,,,180,,,,,,,HRB-011,,,,,,0,,weight,50g,,1,,,,,,,,,,,,
11647,variation,HRB-011-10g,,"Azraqi (Nux Vomica / Kuchla) - اذراقی - 10g",1,0,visible,,,,,taxable,parent,1,,,0,0,,,,,0,,,40,,,,,,,HRB-011,,,,,,0,,weight,10g,,1,,,,,,,,,,,,
11648,variation,HRB-012-500g,,"Asaroon (Asarabacca / Wild Ginger) - اسارون - 500g",1,0,visible,,,,,taxable,parent,1,,,0,0,,,,,0,,,1300,,,,,,,HRB-012,,,,,,0,,weight,500g,,1,,,,,,,,,,,,
11649,variation,HRB-012-125g,,"Asaroon (Asarabacca / Wild Ginger) - اسارون - 125g",1,0,visible,,,,,taxable,parent,1,,,0,0,,,,,0,,,380,,,,,,,HRB-012,,,,,,0,,weight,125g,,1,,,,,,,,,,,,
11650,variation,HRB-012-50g,,"Asaroon (Asarabacca / Wild Ginger) - اسارون - 50g",1,0,visible,,,,,taxable,parent,1,,,0,0,,,,,0,,,180,,,,,,,HRB-012,,,,,,0,,weight,50g,,1,,,,,,,,,,,,
11651,variation,HRB-012-10g,,"Asaroon (Asarabacca / Wild Ginger) - اسارون - 10g",1,0,visible,,,,,taxable,parent,1,,,0,0,,,,,0,,,40,,,,,,,HRB-012,,,,,,0,,weight,10g,,1,,,,,,,,,,,,
11652,variation,HRB-013-500g,,"Isabghol (Psyllium Whole Husks) - اسبغول - 500g",1,0,visible,,,,,taxable,parent,1,,,0,0,,,,,0,,,450,,,,,,,HRB-013,,,,,,0,,weight,500g,,1,,,,,,,,,,,,
11653,variation,HRB-013-125g,,"Isabghol (Psyllium Whole Husks) - اسبغول - 125g",1,0,visible,,,,,taxable,parent,1,,,0,0,,,,,0,,,120,,,,,,,HRB-013,,,,,,0,,weight,125g,,1,,,,,,,,,,,,
11654,variation,HRB-013-50g,,"Isabghol (Psyllium Whole Husks) - اسبغول - 50g",1,0,visible,,,,,taxable,parent,1,,,0,0,,,,,0,,,60,,,,,,,HRB-013,,,,,,0,,weight,50g,,1,,,,,,,,,,,,
11655,variation,HRB-014-2000g,,"Ustukhuddus (Arabian Lavender) - اسطخدوس - 2000g",1,0,visible,,,,,taxable,parent,1,,,0,0,,,,,0,,,2000,,,,,,,HRB-014,,,,,,0,,weight,2000g,,1,,,,,,,,,,,,
11656,variation,HRB-014-550g,,"Ustukhuddus (Arabian Lavender) - اسطخدوس - 550g",1,0,visible,,,,,taxable,parent,1,,,0,0,,,,,0,,,550,,,,,,,HRB-014,,,,,,0,,weight,550g,,1,,,,,,,,,,,,
11657,variation,HRB-014-230g,,"Ustukhuddus (Arabian Lavender) - اسطخدوس - 230g",1,0,visible,,,,,taxable,parent,1,,,0,0,,,,,0,,,230,,,,,,,HRB-014,,,,,,0,,weight,230g,,1,,,,,,,,,,,,
11658,variation,HRB-014-50g,,"Ustukhuddus (Arabian Lavender) - اسطخدوس - 50g",1,0,visible,,,,,taxable,parent,1,,,0,0,,,,,0,,,50,,,,,,,HRB-014,,,,,,0,,weight,50g,,1,,,,,,,,,,,,
11659,variation,HRB-015-500g,,"Asral (Serpentine Root / Chhota Chand) - اسرل - 500g",1,0,visible,,,,,taxable,parent,1,,,0,0,,,,,0,,,1700,,,,,,,HRB-015,,,,,,0,,weight,500g,,1,,,,,,,,,,,,
11660,variation,HRB-015-125g,,"Asral (Serpentine Root / Chhota Chand) - اسرل - 125g",1,0,visible,,,,,taxable,parent,1,,,0,0,,,,,0,,,450,,,,,,,HRB-015,,,,,,0,,weight,125g,,1,,,,,,,,,,,,
11661,variation,HRB-015-50g,,"Asral (Serpentine Root / Chhota Chand) - اسرل - 50g",1,0,visible,,,,,taxable,parent,1,,,0,0,,,,,0,,,180,,,,,,,HRB-015,,,,,,0,,weight,50g,,1,,,,,,,,,,,,
11662,variation,HRB-015-10g,,"Asral (Serpentine Root / Chhota Chand) - اسرل - 10g",1,0,visible,,,,,taxable,parent,1,,,0,0,,,,,0,,,40,,,,,,,HRB-015,,,,,,0,,weight,10g,,1,,,,,,,,,,,,
11663,variation,HRB-016-500g,,"Asral Powder (Pure Serpentine Root Powder) - اسرل پاؤڈر - 500g",1,0,visible,,,,,taxable,parent,1,,,0,0,,,,,0,,,1800,,,,,,,HRB-016,,,,,,0,,weight,500g,,1,,,,,,,,,,,,
11664,variation,HRB-016-125g,,"Asral Powder (Pure Serpentine Root Powder) - اسرل پاؤڈر - 125g",1,0,visible,,,,,taxable,parent,1,,,0,0,,,,,0,,,500,,,,,,,HRB-016,,,,,,0,,weight,125g,,1,,,,,,,,,,,,
11665,variable,HRB-017,,"Asgandh Pisi Hui (Pure Ashwagandha Powder) - اسگندھ پسی ہوئی",1,0,visible,,,,,taxable,,1,,,0,0,,,,,1,,,,Herbs,,,,,,,,,,,,0,,weight,"10g, 125g, 500g, 50g",1,1,,1,,,,,,,,,,
11666,variable,HRB-018,,"Asgandh Nagori (Premium Ashwagandha Root) - اسگندھ ناگوری",1,0,visible,,,,,taxable,,1,,,0,0,,,,,1,,,,Herbs,,,,,,,,,,,,0,,weight,"10g, 125g, 500g, 50g",1,1,,1,,,,,,,,,,
11667,variable,HRB-020,,"Aftimoon (Dodder Plant / Cuscuta) - افتیمون",1,0,visible,,,,,taxable,,1,,,0,0,,,,,1,,,,Herbs,,,,,,,,,,,,0,,weight,"125g, 500g, 50g",1,1,,1,,,,,,,,,,
11668,variable,HRB-021,,"Afsanteen (Wormwood / Artemisia) - افسنتین",1,0,visible,,,,,taxable,,1,,,0,0,,,,,1,,,,Herbs,,,,,,,,,,,,0,,weight,"10g, 125g, 500g, 50g",1,1,,1,,,,,,,,,,
11669,variable,HRB-022,,"Aqaqia (Acacia Arabica Pods Extract) - اقاقیا",1,0,visible,,,,,taxable,,1,,,0,0,,,,,1,,,,Herbs,,,,,,,,,,,,0,,weight,"10g, 125g, 500g, 50g",1,1,,1,,,,,,,,,,
11670,variable,HRB-025,,"Elaichi Khurd (Green Cardamom / Chhoti Elaichi) - الائچی خورد (چھوٹی)",1,0,visible,,,,,taxable,,1,,,0,0,,,,,1,,,,Herbs,,,,,,,,,,,,0,,weight,"10g, 125g, 500g, 50g",1,1,,1,,,,,,,,,,
11671,variation,HRB-016-50g,,"Asral Powder (Pure Serpentine Root Powder) - اسرل پاؤڈر - 50g",1,0,visible,,,,,taxable,parent,1,,,0,0,,,,,0,,,220,,,,,,,HRB-016,,,,,,0,,weight,50g,,1,,,,,,,,,,,,
11672,variation,HRB-016-10g,,"Asral Powder (Pure Serpentine Root Powder) - اسرل پاؤڈر - 10g",1,0,visible,,,,,taxable,parent,1,,,0,0,,,,,0,,,45,,,,,,,HRB-016,,,,,,0,,weight,10g,,1,,,,,,,,,,,,
11673,variation,HRB-017-500g,,"Asgandh Pisi Hui (Pure Ashwagandha Powder) - اسگندھ پسی ہوئی - 500g",1,0,visible,,,,,taxable,parent,1,,,0,0,,,,,0,,,1100,,,,,,,HRB-017,,,,,,0,,weight,500g,,1,,,,,,,,,,,,
11674,variation,HRB-017-125g,,"Asgandh Pisi Hui (Pure Ashwagandha Powder) - اسگندھ پسی ہوئی - 125g",1,0,visible,,,,,taxable,parent,1,,,0,0,,,,,0,,,350,,,,,,,HRB-017,,,,,,0,,weight,125g,,1,,,,,,,,,,,,
11675,variation,HRB-017-50g,,"Asgandh Pisi Hui (Pure Ashwagandha Powder) - اسگندھ پسی ہوئی - 50g",1,0,visible,,,,,taxable,parent,1,,,0,0,,,,,0,,,150,,,,,,,HRB-017,,,,,,0,,weight,50g,,1,,,,,,,,,,,,
11676,variation,HRB-017-10g,,"Asgandh Pisi Hui (Pure Ashwagandha Powder) - اسگندھ پسی ہوئی - 10g",1,0,visible,,,,,taxable,parent,1,,,0,0,,,,,0,,,40,,,,,,,HRB-017,,,,,,0,,weight,10g,,1,,,,,,,,,,,,
11677,variation,HRB-018-500g,,"Asgandh Nagori (Premium Ashwagandha Root) - اسگندھ ناگوری - 500g",1,0,visible,,,,,taxable,parent,1,,,0,0,,,,,0,,,1400,,,,,,,HRB-018,,,,,,0,,weight,500g,,1,,,,,,,,,,,,
11678,variation,HRB-018-125g,,"Asgandh Nagori (Premium Ashwagandha Root) - اسگندھ ناگوری - 125g",1,0,visible,,,,,taxable,parent,1,,,0,0,,,,,0,,,450,,,,,,,HRB-018,,,,,,0,,weight,125g,,1,,,,,,,,,,,,
11679,variation,HRB-018-50g,,"Asgandh Nagori (Premium Ashwagandha Root) - اسگندھ ناگوری - 50g",1,0,visible,,,,,taxable,parent,1,,,0,0,,,,,0,,,180,,,,,,,HRB-018,,,,,,0,,weight,50g,,1,,,,,,,,,,,,
11680,variation,HRB-018-10g,,"Asgandh Nagori (Premium Ashwagandha Root) - اسگندھ ناگوری - 10g",1,0,visible,,,,,taxable,parent,1,,,0,0,,,,,0,,,40,,,,,,,HRB-018,,,,,,0,,weight,10g,,1,,,,,,,,,,,,
11681,variation,HRB-020-500g,,"Aftimoon (Dodder Plant / Cuscuta) - افتیمون - 500g",1,0,visible,,,,,taxable,parent,1,,,0,0,,,,,0,,,450,,,,,,,HRB-020,,,,,,0,,weight,500g,,1,,,,,,,,,,,,
11682,variation,HRB-020-125g,,"Aftimoon (Dodder Plant / Cuscuta) - افتیمون - 125g",1,0,visible,,,,,taxable,parent,1,,,0,0,,,,,0,,,120,,,,,,,HRB-020,,,,,,0,,weight,125g,,1,,,,,,,,,,,,
11683,variation,HRB-020-50g,,"Aftimoon (Dodder Plant / Cuscuta) - افتیمون - 50g",1,0,visible,,,,,taxable,parent,1,,,0,0,,,,,0,,,50,,,,,,,HRB-020,,,,,,0,,weight,50g,,1,,,,,,,,,,,,
11684,variation,HRB-021-500g,,"Afsanteen (Wormwood / Artemisia) - افسنتین - 500g",1,0,visible,,,,,taxable,parent,1,,,0,0,,,,,0,,,300,,,,,,,HRB-021,,,,,,0,,weight,500g,,1,,,,,,,,,,,,
11685,variation,HRB-021-125g,,"Afsanteen (Wormwood / Artemisia) - افسنتین - 125g",1,0,visible,,,,,taxable,parent,1,,,0,0,,,,,0,,,100,,,,,,,HRB-021,,,,,,0,,weight,125g,,1,,,,,,,,,,,,
11686,variation,HRB-021-50g,,"Afsanteen (Wormwood / Artemisia) - افسنتین - 50g",1,0,visible,,,,,taxable,parent,1,,,0,0,,,,,0,,,60,,,,,,,HRB-021,,,,,,0,,weight,50g,,1,,,,,,,,,,,,
11687,variation,HRB-021-10g,,"Afsanteen (Wormwood / Artemisia) - افسنتین - 10g",1,0,visible,,,,,taxable,parent,1,,,0,0,,,,,0,,,20,,,,,,,HRB-021,,,,,,0,,weight,10g,,1,,,,,,,,,,,,
11688,variation,HRB-022-500g,,"Aqaqia (Acacia Arabica Pods Extract) - اقاقیا - 500g",1,0,visible,,,,,taxable,parent,1,,,0,0,,,,,0,,,350,,,,,,,HRB-022,,,,,,0,,weight,500g,,1,,,,,,,,,,,,
11689,variation,HRB-022-125g,,"Aqaqia (Acacia Arabica Pods Extract) - اقاقیا - 125g",1,0,visible,,,,,taxable,parent,1,,,0,0,,,,,0,,,100,,,,,,,HRB-022,,,,,,0,,weight,125g,,1,,,,,,,,,,,,
11690,variation,HRB-022-50g,,"Aqaqia (Acacia Arabica Pods Extract) - اقاقیا - 50g",1,0,visible,,,,,taxable,parent,1,,,0,0,,,,,0,,,60,,,,,,,HRB-022,,,,,,0,,weight,50g,,1,,,,,,,,,,,,
11691,variation,HRB-022-10g,,"Aqaqia (Acacia Arabica Pods Extract) - اقاقیا - 10g",1,0,visible,,,,,taxable,parent,1,,,0,0,,,,,0,,,20,,,,,,,HRB-022,,,,,,0,,weight,10g,,1,,,,,,,,,,,,
11692,variation,HRB-025-500g,,"Elaichi Khurd (Green Cardamom / Chhoti Elaichi) - الائچی خورد (چھوٹی) - 500g",1,0,visible,,,,,taxable,parent,1,,,0,0,,,,,0,,,6400,,,,,,,HRB-025,,,,,,0,,weight,500g,,1,,,,,,,,,,,,
11693,variation,HRB-025-125g,,"Elaichi Khurd (Green Cardamom / Chhoti Elaichi) - الائچی خورد (چھوٹی) - 125g",1,0,visible,,,,,taxable,parent,1,,,0,0,,,,,0,,,1600,,,,,,,HRB-025,,,,,,0,,weight,125g,,1,,,,,,,,,,,,
11694,variation,HRB-025-50g,,"Elaichi Khurd (Green Cardamom / Chhoti Elaichi) - الائچی خورد (چھوٹی) - 50g",1,0,visible,,,,,taxable,parent,1,,,0,0,,,,,0,,,650,,,,,,,HRB-025,,,,,,0,,weight,50g,,1,,,,,,,,,,,,
11695,variable,HRB-026,,"Elaichi Kalan (Black Cardamom / Badi Elaichi) - الائچی کلاں (بڑی)",1,0,visible,,,,,taxable,,1,,,0,0,,,,,1,,,,Herbs,,,,,,,,,,,,0,,weight,"10g, 125g, 500g, 50g",1,1,,1,,,,,,,,,,
11696,variable,HRB-027,,"Alsi (Flaxseeds / Linseeds Premium) - السی",1,0,visible,,,,,taxable,,1,,,0,0,,,,,1,,,,Seeds,,,,,,,,,,,,0,,weight,"125g, 500g, 50g",1,1,,1,,,,,,,,,,
11697,variable,HRB-028,,"Almas (Diamond Herbs / Clear Quartz Mineral) - الماس",1,0,visible,,,,,taxable,,1,,,0,0,,,,,1,,,,Herbs,,,,,,,,,,,,0,,weight,"125g, 500g, 50g",1,1,,1,,,,,,,,,,
11698,variable,HRB-029,,"Imli (Tamarind Whole with Seeds) - املی",1,0,visible,,,,,taxable,,1,,,0,0,,,,,1,,,,Herbs,,,,,,,,,,,,0,,weight,"30g, 500g, 70g",1,1,,1,,,,,,,,,,
11699,variable,HRB-030,,"Anardana (Premium Pomegranate Seeds) - اناردانہ",1,0,visible,,,,,taxable,,1,,,0,0,,,,,1,,,,Seeds,,,,,,,,,,,,0,,weight,"125g, 500g, 50g",1,1,,1,,,,,,,,,,
11700,variable,HRB-031,,"Inder Jo Talkh (Bitter Oleander Seeds) - اندر جو تلخ",1,0,visible,,,,,taxable,,1,,,0,0,,,,,1,,,,Seeds,,,,,,,,,,,,0,,weight,"100g, 230g, 30g, 800g",1,1,,1,,,,,,,,,,
11701,variable,HRB-034,,"Aneesoon (Aniseed / Sweet Fennel) - انیسون",1,0,visible,,,,,taxable,,1,,,0,0,,,,,1,,,,Seeds,,,,,,,,,,,,0,,weight,"100g, 200g, 30g, 600g",1,1,,1,,,,,,,,,,
11702,variation,HRB-025-10g,,"Elaichi Khurd (Green Cardamom / Chhoti Elaichi) - الائچی خورد (چھوٹی) - 10g",1,0,visible,,,,,taxable,parent,1,,,0,0,,,,,0,,,140,,,,,,,HRB-025,,,,,,0,,weight,10g,,1,,,,,,,,,,,,
11703,variation,HRB-026-500g,,"Elaichi Kalan (Black Cardamom / Badi Elaichi) - الائچی کلاں (بڑی) - 500g",1,0,visible,,,,,taxable,parent,1,,,0,0,,,,,0,,,6200,,,,,,,HRB-026,,,,,,0,,weight,500g,,1,,,,,,,,,,,,
11704,variation,HRB-026-125g,,"Elaichi Kalan (Black Cardamom / Badi Elaichi) - الائچی کلاں (بڑی) - 125g",1,0,visible,,,,,taxable,parent,1,,,0,0,,,,,0,,,1600,,,,,,,HRB-026,,,,,,0,,weight,125g,,1,,,,,,,,,,,,
11705,variation,HRB-026-50g,,"Elaichi Kalan (Black Cardamom / Badi Elaichi) - الائچی کلاں (بڑی) - 50g",1,0,visible,,,,,taxable,parent,1,,,0,0,,,,,0,,,650,,,,,,,HRB-026,,,,,,0,,weight,50g,,1,,,,,,,,,,,,
11706,variation,HRB-026-10g,,"Elaichi Kalan (Black Cardamom / Badi Elaichi) - الائچی کلاں (بڑی) - 10g",1,0,visible,,,,,taxable,parent,1,,,0,0,,,,,0,,,140,,,,,,,HRB-026,,,,,,0,,weight,10g,,1,,,,,,,,,,,,
11707,variation,HRB-027-500g,,"Alsi (Flaxseeds / Linseeds Premium) - السی - 500g",1,0,visible,,,,,taxable,parent,1,,,0,0,,,,,0,,,350,,,,,,,HRB-027,,,,,,0,,weight,500g,,1,,,,,,,,,,,,
11708,variation,HRB-027-125g,,"Alsi (Flaxseeds / Linseeds Premium) - السی - 125g",1,0,visible,,,,,taxable,parent,1,,,0,0,,,,,0,,,100,,,,,,,HRB-027,,,,,,0,,weight,125g,,1,,,,,,,,,,,,
11709,variation,HRB-027-50g,,"Alsi (Flaxseeds / Linseeds Premium) - السی - 50g",1,0,visible,,,,,taxable,parent,1,,,0,0,,,,,0,,,40,,,,,,,HRB-027,,,,,,0,,weight,50g,,1,,,,,,,,,,,,
11710,variation,HRB-028-500g,,"Almas (Diamond Herbs / Clear Quartz Mineral) - الماس - 500g",1,0,visible,,,,,taxable,parent,1,,,0,0,,,,,0,,,150,,,,,,,HRB-028,,,,,,0,,weight,500g,,1,,,,,,,,,,,,
11711,variation,HRB-028-125g,,"Almas (Diamond Herbs / Clear Quartz Mineral) - الماس - 125g",1,0,visible,,,,,taxable,parent,1,,,0,0,,,,,0,,,50,,,,,,,HRB-028,,,,,,0,,weight,125g,,1,,,,,,,,,,,,
11712,variation,HRB-028-50g,,"Almas (Diamond Herbs / Clear Quartz Mineral) - الماس - 50g",1,0,visible,,,,,taxable,parent,1,,,0,0,,,,,0,,,20,,,,,,,HRB-028,,,,,,0,,weight,50g,,1,,,,,,,,,,,,
11713,variation,HRB-029-500g,,"Imli (Tamarind Whole with Seeds) - املی - 500g",1,0,visible,,,,,taxable,parent,1,,,0,0,,,,,0,,,500,,,,,,,HRB-029,,,,,,0,,weight,500g,,1,,,,,,,,,,,,
11714,variation,HRB-029-70g,,"Imli (Tamarind Whole with Seeds) - املی - 70g",1,0,visible,,,,,taxable,parent,1,,,0,0,,,,,0,,,70,,,,,,,HRB-029,,,,,,0,,weight,70g,,1,,,,,,,,,,,,
11715,variation,HRB-029-30g,,"Imli (Tamarind Whole with Seeds) - املی - 30g",1,0,visible,,,,,taxable,parent,1,,,0,0,,,,,0,,,30,,,,,,,HRB-029,,,,,,0,,weight,30g,,1,,,,,,,,,,,,
11716,variation,HRB-030-500g,,"Anardana (Premium Pomegranate Seeds) - اناردانہ - 500g",1,0,visible,,,,,taxable,parent,1,,,0,0,,,,,0,,,400,,,,,,,HRB-030,,,,,,0,,weight,500g,,1,,,,,,,,,,,,
11717,variation,HRB-030-125g,,"Anardana (Premium Pomegranate Seeds) - اناردانہ - 125g",1,0,visible,,,,,taxable,parent,1,,,0,0,,,,,0,,,100,,,,,,,HRB-030,,,,,,0,,weight,125g,,1,,,,,,,,,,,,
11718,variation,HRB-030-50g,,"Anardana (Premium Pomegranate Seeds) - اناردانہ - 50g",1,0,visible,,,,,taxable,parent,1,,,0,0,,,,,0,,,40,,,,,,,HRB-030,,,,,,0,,weight,50g,,1,,,,,,,,,,,,
11719,variation,HRB-031-800g,,"Inder Jo Talkh (Bitter Oleander Seeds) - اندر جو تلخ - 800g",1,0,visible,,,,,taxable,parent,1,,,0,0,,,,,0,,,800,,,,,,,HRB-031,,,,,,0,,weight,800g,,1,,,,,,,,,,,,
11720,variation,HRB-031-230g,,"Inder Jo Talkh (Bitter Oleander Seeds) - اندر جو تلخ - 230g",1,0,visible,,,,,taxable,parent,1,,,0,0,,,,,0,,,230,,,,,,,HRB-031,,,,,,0,,weight,230g,,1,,,,,,,,,,,,
11721,variation,HRB-031-100g,,"Inder Jo Talkh (Bitter Oleander Seeds) - اندر جو تلخ - 100g",1,0,visible,,,,,taxable,parent,1,,,0,0,,,,,0,,,100,,,,,,,HRB-031,,,,,,0,,weight,100g,,1,,,,,,,,,,,,
11722,variation,HRB-031-30g,,"Inder Jo Talkh (Bitter Oleander Seeds) - اندر جو تلخ - 30g",1,0,visible,,,,,taxable,parent,1,,,0,0,,,,,0,,,30,,,,,,,HRB-031,,,,,,0,,weight,30g,,1,,,,,,,,,,,,
11723,variation,HRB-034-600g,,"Aneesoon (Aniseed / Sweet Fennel) - انیسون - 600g",1,0,visible,,,,,taxable,parent,1,,,0,0,,,,,0,,,600,,,,,,,HRB-034,,,,,,0,,weight,600g,,1,,,,,,,,,,,,
11724,variation,HRB-034-200g,,"Aneesoon (Aniseed / Sweet Fennel) - انیسون - 200g",1,0,visible,,,,,taxable,parent,1,,,0,0,,,,,0,,,200,,,,,,,HRB-034,,,,,,0,,weight,200g,,1,,,,,,,,,,,,
11725,variable,HRB-035,,"Oont Katara (Echinops Echinatus) - اونٹ کٹارا",1,0,visible,,,,,taxable,,1,,,0,0,,,,,1,,,,Herbs,,,,,,,,,,,,0,,weight,"180g, 40g, 500g",1,1,,1,,,,,,,,,,
11726,variable,HRB-036,,"Elwa Africa (African Aloes Extract) - ایلوا افریقہ",1,0,visible,,,,,taxable,,1,,,0,0,,,,,1,,,,Herbs,,,,,,,,,,,,0,,weight,"350g, 70g",1,1,,1,,,,,,,,,,
11727,variable,HRB-037,,"Elwa India (Indian Aloes Extract) - ایلوا انڈیا",1,0,visible,,,,,taxable,,1,,,0,0,,,,,1,,,,Herbs,,,,,,,,,,,,0,,weight,"120g, 25g",1,1,,1,,,,,,,,,,
11728,variable,HRB-038,,"Abresham (Silk Cocoon / Bombyx Mori) - ابریشم",1,0,visible,,,,,taxable,,1,,,0,0,,,,,1,,,,Herbs,,,,,,,,,,,,0,,weight,"350g, 70g",1,1,,1,,,,,,,,,,
11729,variable,HRB-039,,"Alu Bukhara (Dried Prunes / Sour Plums) - آلو بخارا",1,0,visible,,,,,taxable,,1,,,0,0,,,,,1,,,,Herbs,,,,,,,,,,,,0,,weight,"200g, 800g, 80g",1,1,,1,,,,,,,,,,
11730,variable,HRB-040,,"Amla India (Indian Gooseberry Premium) - آملہ انڈیا",1,0,visible,,,,,taxable,,1,,,0,0,,,,,1,,,,Herbs,,,,,,,,,,,,0,,weight,"140g, 550g, 60g",1,1,,1,,,,,,,,,,
11731,variable,HRB-041,,"Amla Pakistani (Local Dried Gooseberry) - آملہ پاکستانی",1,0,visible,,,,,taxable,,1,,,0,0,,,,,1,,,,Herbs,,,,,,,,,,,,0,,weight,"350g, 40g, 90g",1,1,,1,,,,,,,,,,
11732,variable,HRB-042,,"Amla Haldi (Curcuma Amada / Mango Ginger) - آملہ ہلدی",1,0,visible,,,,,taxable,,1,,,0,0,,,,,1,,,,Herbs,,,,,,,,,,,,0,,weight,"180g, 30g, 50g, 700g",1,1,,1,,,,,,,,,,
11733,variation,HRB-034-100g,,"Aneesoon (Aniseed / Sweet Fennel) - انیسون - 100g",1,0,visible,,,,,taxable,parent,1,,,0,0,,,,,0,,,100,,,,,,,HRB-034,,,,,,0,,weight,100g,,1,,,,,,,,,,,,
11734,variation,HRB-034-30g,,"Aneesoon (Aniseed / Sweet Fennel) - انیسون - 30g",1,0,visible,,,,,taxable,parent,1,,,0,0,,,,,0,,,30,,,,,,,HRB-034,,,,,,0,,weight,30g,,1,,,,,,,,,,,,
11735,variation,HRB-035-500g,,"Oont Katara (Echinops Echinatus) - اونٹ کٹارا - 500g",1,0,visible,,,,,taxable,parent,1,,,0,0,,,,,0,,,500,,,,,,,HRB-035,,,,,,0,,weight,500g,,1,,,,,,,,,,,,
11736,variation,HRB-035-180g,,"Oont Katara (Echinops Echinatus) - اونٹ کٹارا - 180g",1,0,visible,,,,,taxable,parent,1,,,0,0,,,,,0,,,180,,,,,,,HRB-035,,,,,,0,,weight,180g,,1,,,,,,,,,,,,
11737,variation,HRB-035-40g,,"Oont Katara (Echinops Echinatus) - اونٹ کٹارا - 40g",1,0,visible,,,,,taxable,parent,1,,,0,0,,,,,0,,,40,,,,,,,HRB-035,,,,,,0,,weight,40g,,1,,,,,,,,,,,,
11738,variation,HRB-036-350g,,"Elwa Africa (African Aloes Extract) - ایلوا افریقہ - 350g",1,0,visible,,,,,taxable,parent,1,,,0,0,,,,,0,,,350,,,,,,,HRB-036,,,,,,0,,weight,350g,,1,,,,,,,,,,,,
11739,variation,HRB-036-70g,,"Elwa Africa (African Aloes Extract) - ایلوا افریقہ - 70g",1,0,visible,,,,,taxable,parent,1,,,0,0,,,,,0,,,70,,,,,,,HRB-036,,,,,,0,,weight,70g,,1,,,,,,,,,,,,
11740,variation,HRB-037-120g,,"Elwa India (Indian Aloes Extract) - ایلوا انڈیا - 120g",1,0,visible,,,,,taxable,parent,1,,,0,0,,,,,0,,,120,,,,,,,HRB-037,,,,,,0,,weight,120g,,1,,,,,,,,,,,,
11741,variation,HRB-037-25g,,"Elwa India (Indian Aloes Extract) - ایلوا انڈیا - 25g",1,0,visible,,,,,taxable,parent,1,,,0,0,,,,,0,,,25,,,,,,,HRB-037,,,,,,0,,weight,25g,,1,,,,,,,,,,,,
11742,variation,HRB-038-350g,,"Abresham (Silk Cocoon / Bombyx Mori) - ابریشم - 350g",1,0,visible,,,,,taxable,parent,1,,,0,0,,,,,0,,,350,,,,,,,HRB-038,,,,,,0,,weight,350g,,1,,,,,,,,,,,,
11743,variation,HRB-038-70g,,"Abresham (Silk Cocoon / Bombyx Mori) - ابریشم - 70g",1,0,visible,,,,,taxable,parent,1,,,0,0,,,,,0,,,70,,,,,,,HRB-038,,,,,,0,,weight,70g,,1,,,,,,,,,,,,
11744,variation,HRB-039-800g,,"Alu Bukhara (Dried Prunes / Sour Plums) - آلو بخارا - 800g",1,0,visible,,,,,taxable,parent,1,,,0,0,,,,,0,,,800,,,,,,,HRB-039,,,,,,0,,weight,800g,,1,,,,,,,,,,,,
11745,variation,HRB-039-200g,,"Alu Bukhara (Dried Prunes / Sour Plums) - آلو بخارا - 200g",1,0,visible,,,,,taxable,parent,1,,,0,0,,,,,0,,,200,,,,,,,HRB-039,,,,,,0,,weight,200g,,1,,,,,,,,,,,,
11746,variation,HRB-039-80g,,"Alu Bukhara (Dried Prunes / Sour Plums) - آلو بخارا - 80g",1,0,visible,,,,,taxable,parent,1,,,0,0,,,,,0,,,80,,,,,,,HRB-039,,,,,,0,,weight,80g,,1,,,,,,,,,,,,
11747,variation,HRB-040-550g,,"Amla India (Indian Gooseberry Premium) - آملہ انڈیا - 550g",1,0,visible,,,,,taxable,parent,1,,,0,0,,,,,0,,,550,,,,,,,HRB-040,,,,,,0,,weight,550g,,1,,,,,,,,,,,,
11748,variation,HRB-040-140g,,"Amla India (Indian Gooseberry Premium) - آملہ انڈیا - 140g",1,0,visible,,,,,taxable,parent,1,,,0,0,,,,,0,,,140,,,,,,,HRB-040,,,,,,0,,weight,140g,,1,,,,,,,,,,,,
11749,variation,HRB-040-60g,,"Amla India (Indian Gooseberry Premium) - آملہ انڈیا - 60g",1,0,visible,,,,,taxable,parent,1,,,0,0,,,,,0,,,60,,,,,,,HRB-040,,,,,,0,,weight,60g,,1,,,,,,,,,,,,
11750,variation,HRB-041-350g,,"Amla Pakistani (Local Dried Gooseberry) - آملہ پاکستانی - 350g",1,0,visible,,,,,taxable,parent,1,,,0,0,,,,,0,,,350,,,,,,,HRB-041,,,,,,0,,weight,350g,,1,,,,,,,,,,,,
11751,variation,HRB-041-90g,,"Amla Pakistani (Local Dried Gooseberry) - آملہ پاکستانی - 90g",1,0,visible,,,,,taxable,parent,1,,,0,0,,,,,0,,,90,,,,,,,HRB-041,,,,,,0,,weight,90g,,1,,,,,,,,,,,,
11752,variation,HRB-041-40g,,"Amla Pakistani (Local Dried Gooseberry) - آملہ پاکستانی - 40g",1,0,visible,,,,,taxable,parent,1,,,0,0,,,,,0,,,40,,,,,,,HRB-041,,,,,,0,,weight,40g,,1,,,,,,,,,,,,
11753,variation,HRB-042-700g,,"Amla Haldi (Curcuma Amada / Mango Ginger) - آملہ ہلدی - 700g",1,0,visible,,,,,taxable,parent,1,,,0,0,,,,,0,,,700,,,,,,,HRB-042,,,,,,0,,weight,700g,,1,,,,,,,,,,,,
11754,variation,HRB-042-180g,,"Amla Haldi (Curcuma Amada / Mango Ginger) - آملہ ہلدی - 180g",1,0,visible,,,,,taxable,parent,1,,,0,0,,,,,0,,,180,,,,,,,HRB-042,,,,,,0,,weight,180g,,1,,,,,,,,,,,,
11755,variable,HRB-044,,"Babchi Seeds Whole (Premium Bakuchi / White Spots Remedy) -  بابچی",1,0,visible,,,,,taxable,,1,,,0,0,,,,,1,,,,Seeds,,,,,,,,,,,,0,,weight,"1000g, 120g, 250g",1,1,,1,,,,,,,,,,
11756,variable,HRB-047,,"Balchhar (Spikenard Root / Jatamansi) - بالچھڑ",1,0,visible,,,,,taxable,,1,,,0,0,,,,,1,,,,Herbs,,,,,,,,,,,,0,,weight,"150g, 1600g, 40g, 420g",1,1,,1,,,,,,,,,,
11757,variable,HRB-048,,"Balas Jarr Pisi Hui (Balchhar Powder - Pure Spikenard Root Powder) - بالچھڑ سفوف / بالس جڑ پسی ہوئی",1,0,visible,,,,,taxable,,1,,,0,0,,,,,1,,,,Herbs,,,,,,,,,,,,0,,weight,"100g, 240g, 900g",1,1,,1,,,,,,,,,,
11758,variable,HRB-049,,"Balas Jarr Sabit (Balchhar Whole - Premium Spikenard Root) - بالچھڑ ثابت / بالس جڑ ثابت",1,0,visible,,,,,taxable,,1,,,0,0,,,,,1,,,,Herbs,,,,,,,,,,,,0,,weight,"100g, 220g, 850g",1,1,,1,,,,,,,,,,
11759,variation,HRB-042-50g,,"Amla Haldi (Curcuma Amada / Mango Ginger) - آملہ ہلدی - 50g",1,0,visible,,,,,taxable,parent,1,,,0,0,,,,,0,,,50,,,,,,,HRB-042,,,,,,0,,weight,50g,,1,,,,,,,,,,,,
11760,variation,HRB-042-30g,,"Amla Haldi (Curcuma Amada / Mango Ginger) - آملہ ہلدی - 30g",1,0,visible,,,,,taxable,parent,1,,,0,0,,,,,0,,,30,,,,,,,HRB-042,,,,,,0,,weight,30g,,1,,,,,,,,,,,,
11761,variation,HRB-044-1000g,,"Babchi Seeds Whole (Premium Bakuchi / White Spots Remedy) -  بابچی - 1000g",1,0,visible,,,,,taxable,parent,1,,,0,0,,,,,0,,,1000,,,,,,,HRB-044,,,,,,0,,weight,1000g,,1,,,,,,,,,,,,
11762,variation,HRB-044-250g,,"Babchi Seeds Whole (Premium Bakuchi / White Spots Remedy) -  بابچی - 250g",1,0,visible,,,,,taxable,parent,1,,,0,0,,,,,0,,,250,,,,,,,HRB-044,,,,,,0,,weight,250g,,1,,,,,,,,,,,,
11763,variation,HRB-044-120g,,"Babchi Seeds Whole (Premium Bakuchi / White Spots Remedy) -  بابچی - 120g",1,0,visible,,,,,taxable,parent,1,,,0,0,,,,,0,,,120,,,,,,,HRB-044,,,,,,0,,weight,120g,,1,,,,,,,,,,,,
11764,variation,HRB-047-1600g,,"Balchhar (Spikenard Root / Jatamansi) - بالچھڑ - 1600g",1,0,visible,,,,,taxable,parent,1,,,0,0,,,,,0,,,1600,,,,,,,HRB-047,,,,,,0,,weight,1600g,,1,,,,,,,,,,,,
11765,variation,HRB-047-420g,,"Balchhar (Spikenard Root / Jatamansi) - بالچھڑ - 420g",1,0,visible,,,,,taxable,parent,1,,,0,0,,,,,0,,,420,,,,,,,HRB-047,,,,,,0,,weight,420g,,1,,,,,,,,,,,,
11766,variation,HRB-047-150g,,"Balchhar (Spikenard Root / Jatamansi) - بالچھڑ - 150g",1,0,visible,,,,,taxable,parent,1,,,0,0,,,,,0,,,150,,,,,,,HRB-047,,,,,,0,,weight,150g,,1,,,,,,,,,,,,
11767,variation,HRB-047-40g,,"Balchhar (Spikenard Root / Jatamansi) - بالچھڑ - 40g",1,0,visible,,,,,taxable,parent,1,,,0,0,,,,,0,,,40,,,,,,,HRB-047,,,,,,0,,weight,40g,,1,,,,,,,,,,,,
11768,variation,HRB-048-900g,,"Balas Jarr Pisi Hui (Balchhar Powder - Pure Spikenard Root Powder) - بالچھڑ سفوف / بالس جڑ پسی ہوئی - 900g",1,0,visible,,,,,taxable,parent,1,,,0,0,,,,,0,,,900,,,,,,,HRB-048,,,,,,0,,weight,900g,,1,,,,,,,,,,,,
11769,variation,HRB-048-240g,,"Balas Jarr Pisi Hui (Balchhar Powder - Pure Spikenard Root Powder) - بالچھڑ سفوف / بالس جڑ پسی ہوئی - 240g",1,0,visible,,,,,taxable,parent,1,,,0,0,,,,,0,,,240,,,,,,,HRB-048,,,,,,0,,weight,240g,,1,,,,,,,,,,,,
11770,variation,HRB-048-100g,,"Balas Jarr Pisi Hui (Balchhar Powder - Pure Spikenard Root Powder) - بالچھڑ سفوف / بالس جڑ پسی ہوئی - 100g",1,0,visible,,,,,taxable,parent,1,,,0,0,,,,,0,,,100,,,,,,,HRB-048,,,,,,0,,weight,100g,,1,,,,,,,,,,,,
11771,variation,HRB-049-850g,,"Balas Jarr Sabit (Balchhar Whole - Premium Spikenard Root) - بالچھڑ ثابت / بالس جڑ ثابت - 850g",1,0,visible,,,,,taxable,parent,1,,,0,0,,,,,0,,,850,,,,,,,HRB-049,,,,,,0,,weight,850g,,1,,,,,,,,,,,,
11772,variation,HRB-049-220g,,"Balas Jarr Sabit (Balchhar Whole - Premium Spikenard Root) - بالچھڑ ثابت / بالس جڑ ثابت - 220g",1,0,visible,,,,,taxable,parent,1,,,0,0,,,,,0,,,220,,,,,,,HRB-049,,,,,,0,,weight,220g,,1,,,,,,,,,,,,
11773,variation,HRB-049-100g,,"Balas Jarr Sabit (Balchhar Whole - Premium Spikenard Root) - بالچھڑ ثابت / بالس جڑ ثابت - 100g",1,0,visible,,,,,taxable,parent,1,,,0,0,,,,,0,,,100,,,,,,,HRB-049,,,,,,0,,weight,100g,,1,,,,,,,,,,,,
11775,variable,HRB-050,,"Bad Khamba Whole - Premium Baad Khamba (Gas & Wind Relief Herb) - باد کھمبا",1,0,visible,,,,,taxable,,1,,,0,0,,,,,1,,,,Herbs,,,,,,,,,,,,0,,weight,"10g, 125g, 500g, 50g",1,1,,1,,,,,,,,,,
11776,variable,HRB-051,,"Baobarang Whole - Premium Embelia Seeds (Vidanga) - باؤبرنگ",1,0,visible,,,,,taxable,,1,,,0,0,,,,,1,,,,Seeds,,,,,,,,,,,,0,,weight,"10g, 125g, 500g, 50g",1,1,,1,,,,,,,,,,
11777,variable,HRB-052,,"Bichu Phal Whole - Premium Martynia Diandra (Scorpion Fruit) - بچھو پھل",1,0,visible,,,,,taxable,,1,,,0,0,,,,,1,,,,Herbs,,,,,,,,,,,,0,,weight,"10g, 125g, 500g, 50g",1,1,,1,,,,,,,,,,
11778,variable,HRB-053,,"Badhara Qand Whole - Premium Pueraria Tuberosa (Indian Kudzu) - بدھاراقند",1,0,visible,,,,,taxable,,1,,,0,0,,,,,1,,,,Herbs,,,,,,,,,,,,0,,weight,"125g, 500g, 50g",1,1,,1,,,,,,,,,,
11779,variable,HRB-055,,"Barg-e-Aroosa Leaves - Premium Adhatoda Vasica (Malabar Nut) - برگ اڑوسہ",1,0,visible,,,,,taxable,,1,,,0,0,,,,,1,,,,Herbs,,,,,,,,,,,,0,,weight,"125g, 500g, 50g",1,1,,1,,,,,,,,,,
11780,variable,HRB-056,,"Barg-e-Babol Leaves - Premium Acacia Leaves (Babul Leaves) - برگ بول",1,0,visible,,,,,taxable,,1,,,0,0,,,,,1,,,,Herbs,,,,,,,,,,,,0,,weight,"125g, 500g, 50g",1,1,,1,,,,,,,,,,
11781,variable,HRB-057,,"Barg-e-Banafsha Leaves - Premium Viola Odorata (Sweet Violet Leaves) - برگ بنفشہ",1,0,visible,,,,,taxable,,1,,,0,0,,,,,1,,,,Herbs,,,,,,,,,,,,0,,weight,"125g, 500g, 50g",1,1,,1,,,,,,,,,,
11782,variation,HRB-050-500g,,"Bad Khamba Whole - Premium Baad Khamba (Gas & Wind Relief Herb) - باد کھمبا - 500g",1,0,visible,,,,,taxable,parent,1,,,0,0,,,,,0,,,450,,,,,,,HRB-050,,,,,,0,,weight,500g,,1,,,,,,,,,,,,
11783,variation,HRB-050-125g,,"Bad Khamba Whole - Premium Baad Khamba (Gas & Wind Relief Herb) - باد کھمبا - 125g",1,0,visible,,,,,taxable,parent,1,,,0,0,,,,,0,,,130,,,,,,,HRB-050,,,,,,0,,weight,125g,,1,,,,,,,,,,,,
11784,variation,HRB-050-50g,,"Bad Khamba Whole - Premium Baad Khamba (Gas & Wind Relief Herb) - باد کھمبا - 50g",1,0,visible,,,,,taxable,parent,1,,,0,0,,,,,0,,,60,,,,,,,HRB-050,,,,,,0,,weight,50g,,1,,,,,,,,,,,,
11785,variation,HRB-050-10g,,"Bad Khamba Whole - Premium Baad Khamba (Gas & Wind Relief Herb) - باد کھمبا - 10g",1,0,visible,,,,,taxable,parent,1,,,0,0,,,,,0,,,10,,,,,,,HRB-050,,,,,,0,,weight,10g,,1,,,,,,,,,,,,
11786,variation,HRB-051-500g,,"Baobarang Whole - Premium Embelia Seeds (Vidanga) - باؤبرنگ - 500g",1,0,visible,,,,,taxable,parent,1,,,0,0,,,,,0,,,850,,,,,,,HRB-051,,,,,,0,,weight,500g,,1,,,,,,,,,,,,
11787,variation,HRB-051-125g,,"Baobarang Whole - Premium Embelia Seeds (Vidanga) - باؤبرنگ - 125g",1,0,visible,,,,,taxable,parent,1,,,0,0,,,,,0,,,180,,,,,,,HRB-051,,,,,,0,,weight,125g,,1,,,,,,,,,,,,
11788,variation,HRB-051-50g,,"Baobarang Whole - Premium Embelia Seeds (Vidanga) - باؤبرنگ - 50g",1,0,visible,,,,,taxable,parent,1,,,0,0,,,,,0,,,100,,,,,,,HRB-051,,,,,,0,,weight,50g,,1,,,,,,,,,,,,
11789,variation,HRB-051-10g,,"Baobarang Whole - Premium Embelia Seeds (Vidanga) - باؤبرنگ - 10g",1,0,visible,,,,,taxable,parent,1,,,0,0,,,,,0,,,20,,,,,,,HRB-051,,,,,,0,,weight,10g,,1,,,,,,,,,,,,
11790,variation,HRB-052-500g,,"Bichu Phal Whole - Premium Martynia Diandra (Scorpion Fruit) - بچھو پھل - 500g",1,0,visible,,,,,taxable,parent,1,,,0,0,,,,,0,,,2800,,,,,,,HRB-052,,,,,,0,,weight,500g,,1,,,,,,,,,,,,
11791,variation,HRB-052-125g,,"Bichu Phal Whole - Premium Martynia Diandra (Scorpion Fruit) - بچھو پھل - 125g",1,0,visible,,,,,taxable,parent,1,,,0,0,,,,,0,,,720,,,,,,,HRB-052,,,,,,0,,weight,125g,,1,,,,,,,,,,,,
11792,variation,HRB-052-50g,,"Bichu Phal Whole - Premium Martynia Diandra (Scorpion Fruit) - بچھو پھل - 50g",1,0,visible,,,,,taxable,parent,1,,,0,0,,,,,0,,,300,,,,,,,HRB-052,,,,,,0,,weight,50g,,1,,,,,,,,,,,,
11793,variation,HRB-052-10g,,"Bichu Phal Whole - Premium Martynia Diandra (Scorpion Fruit) - بچھو پھل - 10g",1,0,visible,,,,,taxable,parent,1,,,0,0,,,,,0,,,60,,,,,,,HRB-052,,,,,,0,,weight,10g,,1,,,,,,,,,,,,
11794,variation,HRB-053-500g,,"Badhara Qand Whole - Premium Pueraria Tuberosa (Indian Kudzu) - بدھاراقند - 500g",1,0,visible,,,,,taxable,parent,1,,,0,0,,,,,0,,,750,,,,,,,HRB-053,,,,,,0,,weight,500g,,1,,,,,,,,,,,,
11795,variation,HRB-053-125g,,"Badhara Qand Whole - Premium Pueraria Tuberosa (Indian Kudzu) - بدھاراقند - 125g",1,0,visible,,,,,taxable,parent,1,,,0,0,,,,,0,,,200,,,,,,,HRB-053,,,,,,0,,weight,125g,,1,,,,,,,,,,,,
11796,variation,HRB-053-50g,,"Badhara Qand Whole - Premium Pueraria Tuberosa (Indian Kudzu) - بدھاراقند - 50g",1,0,visible,,,,,taxable,parent,1,,,0,0,,,,,0,,,100,,,,,,,HRB-053,,,,,,0,,weight,50g,,1,,,,,,,,,,,,
11797,variation,HRB-055-500g,,"Barg-e-Aroosa Leaves - Premium Adhatoda Vasica (Malabar Nut) - برگ اڑوسہ - 500g",1,0,visible,,,,,taxable,parent,1,,,0,0,,,,,0,,,300,,,,,,,HRB-055,,,,,,0,,weight,500g,,1,,,,,,,,,,,,
11798,variation,HRB-055-125g,,"Barg-e-Aroosa Leaves - Premium Adhatoda Vasica (Malabar Nut) - برگ اڑوسہ - 125g",1,0,visible,,,,,taxable,parent,1,,,0,0,,,,,0,,,100,,,,,,,HRB-055,,,,,,0,,weight,125g,,1,,,,,,,,,,,,
11799,variation,HRB-055-50g,,"Barg-e-Aroosa Leaves - Premium Adhatoda Vasica (Malabar Nut) - برگ اڑوسہ - 50g",1,0,visible,,,,,taxable,parent,1,,,0,0,,,,,0,,,60,,,,,,,HRB-055,,,,,,0,,weight,50g,,1,,,,,,,,,,,,
11800,variation,HRB-056-500g,,"Barg-e-Babol Leaves - Premium Acacia Leaves (Babul Leaves) - برگ بول - 500g",1,0,visible,,,,,taxable,parent,1,,,0,0,,,,,0,,,300,,,,,,,HRB-056,,,,,,0,,weight,500g,,1,,,,,,,,,,,,
11801,variation,HRB-056-125g,,"Barg-e-Babol Leaves - Premium Acacia Leaves (Babul Leaves) - برگ بول - 125g",1,0,visible,,,,,taxable,parent,1,,,0,0,,,,,0,,,100,,,,,,,HRB-056,,,,,,0,,weight,125g,,1,,,,,,,,,,,,
11802,variation,HRB-056-50g,,"Barg-e-Babol Leaves - Premium Acacia Leaves (Babul Leaves) - برگ بول - 50g",1,0,visible,,,,,taxable,parent,1,,,0,0,,,,,0,,,40,,,,,,,HRB-056,,,,,,0,,weight,50g,,1,,,,,,,,,,,,
11803,variation,HRB-057-500g,,"Barg-e-Banafsha Leaves - Premium Viola Odorata (Sweet Violet Leaves) - برگ بنفشہ - 500g",1,0,visible,,,,,taxable,parent,1,,,0,0,,,,,0,,,300,,,,,,,HRB-057,,,,,,0,,weight,500g,,1,,,,,,,,,,,,
11804,variation,HRB-057-125g,,"Barg-e-Banafsha Leaves - Premium Viola Odorata (Sweet Violet Leaves) - برگ بنفشہ - 125g",1,0,visible,,,,,taxable,parent,1,,,0,0,,,,,0,,,100,,,,,,,HRB-057,,,,,,0,,weight,125g,,1,,,,,,,,,,,,
11805,variable,HRB-058,,"Barg-e-Beri Leaves - Premium Jujube Leaves (Sidr Leaves) - برگ بیری",1,0,visible,,,,,taxable,,1,,,0,0,,,,,1,,,,Herbs,,,,,,,,,,,,0,,weight,"125g, 500g, 50g",1,1,,1,,,,,,,,,,
11806,variable,HRB-059,,"Barg-e-Tulsi Leaves - Premium Holy Basil Leaves (Tulsi) - برگ تلسی",1,0,visible,,,,,taxable,,1,,,0,0,,,,,1,,,,Herbs,,,,,,,,,,,,0,,weight,"125g, 500g, 50g",1,1,,1,,,,,,,,,,
11807,variable,HRB-060,,"Sana Makki Leaves - Premium Barg-e-Sana Whole (Senna Leaves) - برگ ثناء / ثنا مکی",1,0,visible,,,,,taxable,,1,,,0,0,,,,,1,,,,Herbs,,,,,,,,,,,,0,,weight,"125g, 500g, 50g",1,1,,1,,,,,,,,,,
11808,variable,HRB-062,,"Barg-e-Hub-ul-Aas Leaves - Premium Myrtle Leaves - برگ حب الاس",1,0,visible,,,,,taxable,,1,,,0,0,,,,,1,,,,Herbs,,,,,,,,,,,,0,,weight,"125g, 500g, 50g",1,1,,1,,,,,,,,,,
11809,variable,HRB-063,,"Barg-e-Hina Leaves - Premium Henna Leaves (Mehndi Leaves) - برگ حنا",1,0,visible,,,,,taxable,,1,,,0,0,,,,,1,,,,Herbs,,,,,,,,,,,,0,,weight,"125g, 500g, 50g",1,1,,1,,,,,,,,,,
11810,variable,HRB-064,,"Barg-e-Sudab Leaves - Premium Ruta Graveolens (Rue Leaves) - برگ سداب",1,0,visible,,,,,taxable,,1,,,0,0,,,,,1,,,,Herbs,,,,,,,,,,,,0,,weight,"125g, 500g, 50g",1,1,,1,,,,,,,,,,
11811,variable,HRB-065,,"Barg-e-Sohanjna Leaves - Premium Moringa Leaves (Moringa Oleifera) - برگ سہانجنا",1,0,visible,,,,,taxable,,1,,,0,0,,,,,1,,,,Herbs,,,,,,,,,,,,0,,weight,"125g, 500g, 50g",1,1,,1,,,,,,,,,,
11812,variation,HRB-057-50g,,"Barg-e-Banafsha Leaves - Premium Viola Odorata (Sweet Violet Leaves) - برگ بنفشہ - 50g",1,0,visible,,,,,taxable,parent,1,,,0,0,,,,,0,,,50,,,,,,,HRB-057,,,,,,0,,weight,50g,,1,,,,,,,,,,,,
11813,variation,HRB-058-500g,,"Barg-e-Beri Leaves - Premium Jujube Leaves (Sidr Leaves) - برگ بیری - 500g",1,0,visible,,,,,taxable,parent,1,,,0,0,,,,,0,,,300,,,,,,,HRB-058,,,,,,0,,weight,500g,,1,,,,,,,,,,,,
11814,variation,HRB-058-125g,,"Barg-e-Beri Leaves - Premium Jujube Leaves (Sidr Leaves) - برگ بیری - 125g",1,0,visible,,,,,taxable,parent,1,,,0,0,,,,,0,,,100,,,,,,,HRB-058,,,,,,0,,weight,125g,,1,,,,,,,,,,,,
11815,variation,HRB-058-50g,,"Barg-e-Beri Leaves - Premium Jujube Leaves (Sidr Leaves) - برگ بیری - 50g",1,0,visible,,,,,taxable,parent,1,,,0,0,,,,,0,,,50,,,,,,,HRB-058,,,,,,0,,weight,50g,,1,,,,,,,,,,,,
11816,variation,HRB-059-500g,,"Barg-e-Tulsi Leaves - Premium Holy Basil Leaves (Tulsi) - برگ تلسی - 500g",1,0,visible,,,,,taxable,parent,1,,,0,0,,,,,0,,,1000,,,,,,,HRB-059,,,,,,0,,weight,500g,,1,,,,,,,,,,,,
11817,variation,HRB-059-125g,,"Barg-e-Tulsi Leaves - Premium Holy Basil Leaves (Tulsi) - برگ تلسی - 125g",1,0,visible,,,,,taxable,parent,1,,,0,0,,,,,0,,,250,,,,,,,HRB-059,,,,,,0,,weight,125g,,1,,,,,,,,,,,,
11818,variation,HRB-059-50g,,"Barg-e-Tulsi Leaves - Premium Holy Basil Leaves (Tulsi) - برگ تلسی - 50g",1,0,visible,,,,,taxable,parent,1,,,0,0,,,,,0,,,120,,,,,,,HRB-059,,,,,,0,,weight,50g,,1,,,,,,,,,,,,
11819,variation,HRB-060-500g,,"Sana Makki Leaves - Premium Barg-e-Sana Whole (Senna Leaves) - برگ ثناء / ثنا مکی - 500g",1,0,visible,,,,,taxable,parent,1,,,0,0,,,,,0,,,300,,,,,,,HRB-060,,,,,,0,,weight,500g,,1,,,,,,,,,,,,
11820,variation,HRB-060-125g,,"Sana Makki Leaves - Premium Barg-e-Sana Whole (Senna Leaves) - برگ ثناء / ثنا مکی - 125g",1,0,visible,,,,,taxable,parent,1,,,0,0,,,,,0,,,90,,,,,,,HRB-060,,,,,,0,,weight,125g,,1,,,,,,,,,,,,
11821,variation,HRB-060-50g,,"Sana Makki Leaves - Premium Barg-e-Sana Whole (Senna Leaves) - برگ ثناء / ثنا مکی - 50g",1,0,visible,,,,,taxable,parent,1,,,0,0,,,,,0,,,40,,,,,,,HRB-060,,,,,,0,,weight,50g,,1,,,,,,,,,,,,
11822,variation,HRB-062-500g,,"Barg-e-Hub-ul-Aas Leaves - Premium Myrtle Leaves - برگ حب الاس - 500g",1,0,visible,,,,,taxable,parent,1,,,0,0,,,,,0,,,300,,,,,,,HRB-062,,,,,,0,,weight,500g,,1,,,,,,,,,,,,
11823,variation,HRB-062-125g,,"Barg-e-Hub-ul-Aas Leaves - Premium Myrtle Leaves - برگ حب الاس - 125g",1,0,visible,,,,,taxable,parent,1,,,0,0,,,,,0,,,100,,,,,,,HRB-062,,,,,,0,,weight,125g,,1,,,,,,,,,,,,
11824,variation,HRB-062-50g,,"Barg-e-Hub-ul-Aas Leaves - Premium Myrtle Leaves - برگ حب الاس - 50g",1,0,visible,,,,,taxable,parent,1,,,0,0,,,,,0,,,50,,,,,,,HRB-062,,,,,,0,,weight,50g,,1,,,,,,,,,,,,
11825,variation,HRB-063-500g,,"Barg-e-Hina Leaves - Premium Henna Leaves (Mehndi Leaves) - برگ حنا - 500g",1,0,visible,,,,,taxable,parent,1,,,0,0,,,,,0,,,300,,,,,,,HRB-063,,,,,,0,,weight,500g,,1,,,,,,,,,,,,
11826,variation,HRB-063-125g,,"Barg-e-Hina Leaves - Premium Henna Leaves (Mehndi Leaves) - برگ حنا - 125g",1,0,visible,,,,,taxable,parent,1,,,0,0,,,,,0,,,90,,,,,,,HRB-063,,,,,,0,,weight,125g,,1,,,,,,,,,,,,
11827,variation,HRB-063-50g,,"Barg-e-Hina Leaves - Premium Henna Leaves (Mehndi Leaves) - برگ حنا - 50g",1,0,visible,,,,,taxable,parent,1,,,0,0,,,,,0,,,40,,,,,,,HRB-063,,,,,,0,,weight,50g,,1,,,,,,,,,,,,
11828,variation,HRB-064-500g,,"Barg-e-Sudab Leaves - Premium Ruta Graveolens (Rue Leaves) - برگ سداب - 500g",1,0,visible,,,,,taxable,parent,1,,,0,0,,,,,0,,,250,,,,,,,HRB-064,,,,,,0,,weight,500g,,1,,,,,,,,,,,,
11829,variation,HRB-064-125g,,"Barg-e-Sudab Leaves - Premium Ruta Graveolens (Rue Leaves) - برگ سداب - 125g",1,0,visible,,,,,taxable,parent,1,,,0,0,,,,,0,,,70,,,,,,,HRB-064,,,,,,0,,weight,125g,,1,,,,,,,,,,,,
11830,variation,HRB-064-50g,,"Barg-e-Sudab Leaves - Premium Ruta Graveolens (Rue Leaves) - برگ سداب - 50g",1,0,visible,,,,,taxable,parent,1,,,0,0,,,,,0,,,30,,,,,,,HRB-064,,,,,,0,,weight,50g,,1,,,,,,,,,,,,
11831,variation,HRB-065-500g,,"Barg-e-Sohanjna Leaves - Premium Moringa Leaves (Moringa Oleifera) - برگ سہانجنا - 500g",1,0,visible,,,,,taxable,parent,1,,,0,0,,,,,0,,,300,,,,,,,HRB-065,,,,,,0,,weight,500g,,1,,,,,,,,,,,,
11832,variation,HRB-065-125g,,"Barg-e-Sohanjna Leaves - Premium Moringa Leaves (Moringa Oleifera) - برگ سہانجنا - 125g",1,0,visible,,,,,taxable,parent,1,,,0,0,,,,,0,,,100,,,,,,,HRB-065,,,,,,0,,weight,125g,,1,,,,,,,,,,,,
11833,variation,HRB-065-50g,,"Barg-e-Sohanjna Leaves - Premium Moringa Leaves (Moringa Oleifera) - برگ سہانجنا - 50g",1,0,visible,,,,,taxable,parent,1,,,0,0,,,,,0,,,40,,,,,,,HRB-065,,,,,,0,,weight,50g,,1,,,,,,,,,,,,
11834,variable,HRB-067,,"Barg-e-Snober Leaves - Premium Pine Leaves (Pinus Leaves) - برگ صنوبر",1,0,visible,,,,,taxable,,1,,,0,0,,,,,1,,,,Herbs,,,,,,,,,,,,0,,weight,"125g, 500g, 50g",1,1,,1,,,,,,,,,,
11835,variable,HRB-069,,"Barg-e-Gaozaban Leaves - Premium Borage Leaves (Onosma Leaves) - برگ گاؤزبان",1,0,visible,,,,,taxable,,1,,,0,0,,,,,1,,,,Herbs,,,,,,,,,,,,0,,weight,"125g, 500g, 50g",1,1,,1,,,,,,,,,,
11836,variable,HRB-071,,"Barg-e-Neem Leaves - Premium Neem Leaves (Azadirachta Indica) - برگ نیم",1,0,visible,,,,,taxable,,1,,,0,0,,,,,1,,,,Herbs,,,,,,,,,,,,0,,weight,"125g, 500g, 50g",1,1,,1,,,,,,,,,,
11837,variable,HRB-074,,"Brahm Dandi Whole - Premium Tricholepis Glaberrima - برہم ڈنڈی",1,0,visible,,,,,taxable,,1,,,0,0,,,,,1,,,,Herbs,,,,,,,,,,,,0,,weight,"125g, 500g, 50g",1,1,,1,,,,,,,,,,
11838,variable,HRB-075,,"Brahmi Booti Whole - Premium Bacopa Monnieri (Water Hyssop) - برہمی بوٹی",1,0,visible,,,,,taxable,,1,,,0,0,,,,,1,,,,Herbs,,,,,,,,,,,,0,,weight,"125g, 500g, 50g",1,1,,1,,,,,,,,,,
11839,variable,HRB-076,,"Behroza Khushk - Premium Dry Resin (Pinus Longifolia Resin) - بروزہ خشک",1,0,visible,,,,,taxable,,1,,,0,0,,,,,1,,,,Herbs,,,,,,,,,,,,0,,weight,"125g, 500g, 50g",1,1,,1,,,,,,,,,,
11840,variable,HRB-077,,"Behroza Geela - Premium Wet Resin (Liquid Pine Resin) - بروزہ گیلا",1,0,visible,,,,,taxable,,1,,,0,0,,,,,1,,,,Herbs,,,,,,,,,,,,0,,weight,50g,1,1,,1,,,,,,,,,,
11841,variable,HRB-079,,"Basfaij Whole - Premium Polypody Root (Bisfaij) - بسفائج",1,0,visible,,,,,taxable,,1,,,0,0,,,,,1,,,,Herbs,,,,,,,,,,,,0,,weight,"125g, 500g, 50g",1,1,,1,,,,,,,,,,
11842,variation,HRB-067-500g,,"Barg-e-Snober Leaves - Premium Pine Leaves (Pinus Leaves) - برگ صنوبر - 500g",1,0,visible,,,,,taxable,parent,1,,,0,0,,,,,0,,,700,,,,,,,HRB-067,,,,,,0,,weight,500g,,1,,,,,,,,,,,,
11843,variation,HRB-067-125g,,"Barg-e-Snober Leaves - Premium Pine Leaves (Pinus Leaves) - برگ صنوبر - 125g",1,0,visible,,,,,taxable,parent,1,,,0,0,,,,,0,,,230,,,,,,,HRB-067,,,,,,0,,weight,125g,,1,,,,,,,,,,,,
11844,variation,HRB-067-50g,,"Barg-e-Snober Leaves - Premium Pine Leaves (Pinus Leaves) - برگ صنوبر - 50g",1,0,visible,,,,,taxable,parent,1,,,0,0,,,,,0,,,100,,,,,,,HRB-067,,,,,,0,,weight,50g,,1,,,,,,,,,,,,
11845,variation,HRB-069-500g,,"Barg-e-Gaozaban Leaves - Premium Borage Leaves (Onosma Leaves) - برگ گاؤزبان - 500g",1,0,visible,,,,,taxable,parent,1,,,0,0,,,,,0,,,700,,,,,,,HRB-069,,,,,,0,,weight,500g,,1,,,,,,,,,,,,
11846,variation,HRB-069-125g,,"Barg-e-Gaozaban Leaves - Premium Borage Leaves (Onosma Leaves) - برگ گاؤزبان - 125g",1,0,visible,,,,,taxable,parent,1,,,0,0,,,,,0,,,230,,,,,,,HRB-069,,,,,,0,,weight,125g,,1,,,,,,,,,,,,
11847,variation,HRB-069-50g,,"Barg-e-Gaozaban Leaves - Premium Borage Leaves (Onosma Leaves) - برگ گاؤزبان - 50g",1,0,visible,,,,,taxable,parent,1,,,0,0,,,,,0,,,100,,,,,,,HRB-069,,,,,,0,,weight,50g,,1,,,,,,,,,,,,
11848,variation,HRB-071-500g,,"Barg-e-Neem Leaves - Premium Neem Leaves (Azadirachta Indica) - برگ نیم - 500g",1,0,visible,,,,,taxable,parent,1,,,0,0,,,,,0,,,180,,,,,,,HRB-071,,,,,,0,,weight,500g,,1,,,,,,,,,,,,
11849,variation,HRB-071-125g,,"Barg-e-Neem Leaves - Premium Neem Leaves (Azadirachta Indica) - برگ نیم - 125g",1,0,visible,,,,,taxable,parent,1,,,0,0,,,,,0,,,60,,,,,,,HRB-071,,,,,,0,,weight,125g,,1,,,,,,,,,,,,
11850,variation,HRB-071-50g,,"Barg-e-Neem Leaves - Premium Neem Leaves (Azadirachta Indica) - برگ نیم - 50g",1,0,visible,,,,,taxable,parent,1,,,0,0,,,,,0,,,30,,,,,,,HRB-071,,,,,,0,,weight,50g,,1,,,,,,,,,,,,
11851,variation,HRB-074-500g,,"Brahm Dandi Whole - Premium Tricholepis Glaberrima - برہم ڈنڈی - 500g",1,0,visible,,,,,taxable,parent,1,,,0,0,,,,,0,,,300,,,,,,,HRB-074,,,,,,0,,weight,500g,,1,,,,,,,,,,,,
11852,variation,HRB-074-125g,,"Brahm Dandi Whole - Premium Tricholepis Glaberrima - برہم ڈنڈی - 125g",1,0,visible,,,,,taxable,parent,1,,,0,0,,,,,0,,,100,,,,,,,HRB-074,,,,,,0,,weight,125g,,1,,,,,,,,,,,,
11853,variation,HRB-074-50g,,"Brahm Dandi Whole - Premium Tricholepis Glaberrima - برہم ڈنڈی - 50g",1,0,visible,,,,,taxable,parent,1,,,0,0,,,,,0,,,40,,,,,,,HRB-074,,,,,,0,,weight,50g,,1,,,,,,,,,,,,
11854,variation,HRB-075-500g,,"Brahmi Booti Whole - Premium Bacopa Monnieri (Water Hyssop) - برہمی بوٹی - 500g",1,0,visible,,,,,taxable,parent,1,,,0,0,,,,,0,,,900,,,,,,,HRB-075,,,,,,0,,weight,500g,,1,,,,,,,,,,,,
11855,variation,HRB-075-125g,,"Brahmi Booti Whole - Premium Bacopa Monnieri (Water Hyssop) - برہمی بوٹی - 125g",1,0,visible,,,,,taxable,parent,1,,,0,0,,,,,0,,,230,,,,,,,HRB-075,,,,,,0,,weight,125g,,1,,,,,,,,,,,,
11856,variation,HRB-075-50g,,"Brahmi Booti Whole - Premium Bacopa Monnieri (Water Hyssop) - برہمی بوٹی - 50g",1,0,visible,,,,,taxable,parent,1,,,0,0,,,,,0,,,100,,,,,,,HRB-075,,,,,,0,,weight,50g,,1,,,,,,,,,,,,
11857,variation,HRB-076-500g,,"Behroza Khushk - Premium Dry Resin (Pinus Longifolia Resin) - بروزہ خشک - 500g",1,0,visible,,,,,taxable,parent,1,,,0,0,,,,,0,,,600,,,,,,,HRB-076,,,,,,0,,weight,500g,,1,,,,,,,,,,,,
11858,variation,HRB-076-125g,,"Behroza Khushk - Premium Dry Resin (Pinus Longifolia Resin) - بروزہ خشک - 125g",1,0,visible,,,,,taxable,parent,1,,,0,0,,,,,0,,,180,,,,,,,HRB-076,,,,,,0,,weight,125g,,1,,,,,,,,,,,,
11859,variation,HRB-076-50g,,"Behroza Khushk - Premium Dry Resin (Pinus Longifolia Resin) - بروزہ خشک - 50g",1,0,visible,,,,,taxable,parent,1,,,0,0,,,,,0,,,80,,,,,,,HRB-076,,,,,,0,,weight,50g,,1,,,,,,,,,,,,
11860,variation,HRB-077-50g,,"Behroza Geela - Premium Wet Resin (Liquid Pine Resin) - بروزہ گیلا - 50g",1,0,visible,,,,,taxable,parent,1,,,0,0,,,,,0,,,80,,,,,,,HRB-077,,,,,,0,,weight,50g,,1,,,,,,,,,,,,
11861,variation,HRB-079-500g,,"Basfaij Whole - Premium Polypody Root (Bisfaij) - بسفائج - 500g",1,0,visible,,,,,taxable,parent,1,,,0,0,,,,,0,,,800,,,,,,,HRB-079,,,,,,0,,weight,500g,,1,,,,,,,,,,,,
11862,variation,HRB-079-125g,,"Basfaij Whole - Premium Polypody Root (Bisfaij) - بسفائج - 125g",1,0,visible,,,,,taxable,parent,1,,,0,0,,,,,0,,,220,,,,,,,HRB-079,,,,,,0,,weight,125g,,1,,,,,,,,,,,,
11863,variation,HRB-079-50g,,"Basfaij Whole - Premium Polypody Root (Bisfaij) - بسفائج - 50g",1,0,visible,,,,,taxable,parent,1,,,0,0,,,,,0,,,100,,,,,,,HRB-079,,,,,,0,,weight,50g,,1,,,,,,,,,,,,
11864,variable,HRB-080,,"Balela Whole - Premium Terminalia Bellirica (Baheda Fruit) - بلیلہ",1,0,visible,,,,,taxable,,1,,,0,0,,,,,1,,,,Herbs,,,,,,,,,,,,0,,weight,"125g, 500g, 50g",1,1,,1,,,,,,,,,,
11865,variable,HRB-082,,"Band Khor Whole - Premium Band Khor - بندخور",1,0,visible,,,,,taxable,,1,,,0,0,,,,,1,,,,Herbs,,,,,,,,,,,,0,,weight,"125g, 500g, 50g",1,1,,1,,,,,,,,,,
11866,variable,HRB-084,,"Bir Bahoti Whole - Premium Red Velvet Mite (Beher Booti) - بیر بہوٹی / بہر بوٹی",1,0,visible,,,,,taxable,,1,,,0,0,,,,,1,,,,Herbs,,,,,,,,,,,,0,,weight,"10g, 50g",1,1,,1,,,,,,,,,,
11867,variable,HRB-086,,"Behman Surkh Whole - Premium Red Behen (Salvia Haematodes) - بہمن سرخ",1,0,visible,,,,,taxable,,1,,,0,0,,,,,1,,,,Herbs,,,,,,,,,,,,0,,weight,"125g, 500g, 50g",1,1,,1,,,,,,,,,,
11868,variable,HRB-087,,"Behman Safaid Whole - Premium White Behen (Centaurea Behen) - بہمن سفید",1,0,visible,,,,,taxable,,1,,,0,0,,,,,1,,,,Herbs,,,,,,,,,,,,0,,weight,"125g, 500g, 50g",1,1,,1,,,,,,,,,,
11869,variable,HRB-088,,"Behi Dana Seeds - Premium Quince Seeds (Cydonia Oblonga) - بہی دانہ",1,0,visible,,,,,taxable,,1,,,0,0,,,,,1,,,,Seeds,,,,,,,,,,,,0,,weight,"10g, 50g",1,1,,1,,,,,,,,,,
11870,variable,HRB-089,,"Bhati Baal Whole - Premium Maidenhair Fern (Bhattybaal) - بھاٹی بال / بھٹے بال",1,0,visible,,,,,taxable,,1,,,0,0,,,,,1,,,,Herbs,,,,,,,,,,,,0,,weight,"125g, 500g, 50g",1,1,,1,,,,,,,,,,
11871,variable,HRB-090,,"Bhilawan Whole - Premium Semecarpus Anacardium (Marking Nut) - بھلاواں",1,0,visible,,,,,taxable,,1,,,0,0,,,,,1,,,,Herbs,,,,,,,,,,,,0,,weight,"125g, 500g, 50g",1,1,,1,,,,,,,,,,
11872,variation,HRB-080-500g,,"Balela Whole - Premium Terminalia Bellirica (Baheda Fruit) - بلیلہ - 500g",1,0,visible,,,,,taxable,parent,1,,,0,0,,,,,0,,,350,,,,,,,HRB-080,,,,,,0,,weight,500g,,1,,,,,,,,,,,,
11873,variation,HRB-080-125g,,"Balela Whole - Premium Terminalia Bellirica (Baheda Fruit) - بلیلہ - 125g",1,0,visible,,,,,taxable,parent,1,,,0,0,,,,,0,,,100,,,,,,,HRB-080,,,,,,0,,weight,125g,,1,,,,,,,,,,,,
11874,variation,HRB-080-50g,,"Balela Whole - Premium Terminalia Bellirica (Baheda Fruit) - بلیلہ - 50g",1,0,visible,,,,,taxable,parent,1,,,0,0,,,,,0,,,40,,,,,,,HRB-080,,,,,,0,,weight,50g,,1,,,,,,,,,,,,
11875,variation,HRB-082-500g,,"Band Khor Whole - Premium Band Khor - بندخور - 500g",1,0,visible,,,,,taxable,parent,1,,,0,0,,,,,0,,,400,,,,,,,HRB-082,,,,,,0,,weight,500g,,1,,,,,,,,,,,,
11876,variation,HRB-082-125g,,"Band Khor Whole - Premium Band Khor - بندخور - 125g",1,0,visible,,,,,taxable,parent,1,,,0,0,,,,,0,,,150,,,,,,,HRB-082,,,,,,0,,weight,125g,,1,,,,,,,,,,,,
11877,variation,HRB-082-50g,,"Band Khor Whole - Premium Band Khor - بندخور - 50g",1,0,visible,,,,,taxable,parent,1,,,0,0,,,,,0,,,40,,,,,,,HRB-082,,,,,,0,,weight,50g,,1,,,,,,,,,,,,
11878,variation,HRB-084-50g,,"Bir Bahoti Whole - Premium Red Velvet Mite (Beher Booti) - بیر بہوٹی / بہر بوٹی - 50g",1,0,visible,,,,,taxable,parent,1,,,0,0,,,,,0,,,1800,,,,,,,HRB-084,,,,,,0,,weight,50g,,1,,,,,,,,,,,,
11879,variation,HRB-084-10g,,"Bir Bahoti Whole - Premium Red Velvet Mite (Beher Booti) - بیر بہوٹی / بہر بوٹی - 10g",1,0,visible,,,,,taxable,parent,1,,,0,0,,,,,0,,,400,,,,,,,HRB-084,,,,,,0,,weight,10g,,1,,,,,,,,,,,,
11880,variation,HRB-086-500g,,"Behman Surkh Whole - Premium Red Behen (Salvia Haematodes) - بہمن سرخ - 500g",1,0,visible,,,,,taxable,parent,1,,,0,0,,,,,0,,,700,,,,,,,HRB-086,,,,,,0,,weight,500g,,1,,,,,,,,,,,,
11881,variation,HRB-086-125g,,"Behman Surkh Whole - Premium Red Behen (Salvia Haematodes) - بہمن سرخ - 125g",1,0,visible,,,,,taxable,parent,1,,,0,0,,,,,0,,,200,,,,,,,HRB-086,,,,,,0,,weight,125g,,1,,,,,,,,,,,,
11882,variation,HRB-086-50g,,"Behman Surkh Whole - Premium Red Behen (Salvia Haematodes) - بہمن سرخ - 50g",1,0,visible,,,,,taxable,parent,1,,,0,0,,,,,0,,,100,,,,,,,HRB-086,,,,,,0,,weight,50g,,1,,,,,,,,,,,,
11883,variation,HRB-087-500g,,"Behman Safaid Whole - Premium White Behen (Centaurea Behen) - بہمن سفید - 500g",1,0,visible,,,,,taxable,parent,1,,,0,0,,,,,0,,,1000,,,,,,,HRB-087,,,,,,0,,weight,500g,,1,,,,,,,,,,,,
11884,variation,HRB-087-125g,,"Behman Safaid Whole - Premium White Behen (Centaurea Behen) - بہمن سفید - 125g",1,0,visible,,,,,taxable,parent,1,,,0,0,,,,,0,,,250,,,,,,,HRB-087,,,,,,0,,weight,125g,,1,,,,,,,,,,,,
11885,variation,HRB-087-50g,,"Behman Safaid Whole - Premium White Behen (Centaurea Behen) - بہمن سفید - 50g",1,0,visible,,,,,taxable,parent,1,,,0,0,,,,,0,,,120,,,,,,,HRB-087,,,,,,0,,weight,50g,,1,,,,,,,,,,,,
11886,variation,HRB-088-50g,,"Behi Dana Seeds - Premium Quince Seeds (Cydonia Oblonga) - بہی دانہ - 50g",1,0,visible,,,,,taxable,parent,1,,,0,0,,,,,0,,,330,,,,,,,HRB-088,,,,,,0,,weight,50g,,1,,,,,,,,,,,,
11887,variation,HRB-088-10g,,"Behi Dana Seeds - Premium Quince Seeds (Cydonia Oblonga) - بہی دانہ - 10g",1,0,visible,,,,,taxable,parent,1,,,0,0,,,,,0,,,70,,,,,,,HRB-088,,,,,,0,,weight,10g,,1,,,,,,,,,,,,
11888,variation,HRB-089-500g,,"Bhati Baal Whole - Premium Maidenhair Fern (Bhattybaal) - بھاٹی بال / بھٹے بال - 500g",1,0,visible,,,,,taxable,parent,1,,,0,0,,,,,0,,,450,,,,,,,HRB-089,,,,,,0,,weight,500g,,1,,,,,,,,,,,,
11889,variation,HRB-089-125g,,"Bhati Baal Whole - Premium Maidenhair Fern (Bhattybaal) - بھاٹی بال / بھٹے بال - 125g",1,0,visible,,,,,taxable,parent,1,,,0,0,,,,,0,,,160,,,,,,,HRB-089,,,,,,0,,weight,125g,,1,,,,,,,,,,,,
11890,variation,HRB-089-50g,,"Bhati Baal Whole - Premium Maidenhair Fern (Bhattybaal) - بھاٹی بال / بھٹے بال - 50g",1,0,visible,,,,,taxable,parent,1,,,0,0,,,,,0,,,80,,,,,,,HRB-089,,,,,,0,,weight,50g,,1,,,,,,,,,,,,
11891,variation,HRB-090-500g,,"Bhilawan Whole - Premium Semecarpus Anacardium (Marking Nut) - بھلاواں - 500g",1,0,visible,,,,,taxable,parent,1,,,0,0,,,,,0,,,450,,,,,,,HRB-090,,,,,,0,,weight,500g,,1,,,,,,,,,,,,
11892,variation,HRB-090-125g,,"Bhilawan Whole - Premium Semecarpus Anacardium (Marking Nut) - بھلاواں - 125g",1,0,visible,,,,,taxable,parent,1,,,0,0,,,,,0,,,130,,,,,,,HRB-090,,,,,,0,,weight,125g,,1,,,,,,,,,,,,
11893,variation,HRB-090-50g,,"Bhilawan Whole - Premium Semecarpus Anacardium (Marking Nut) - بھلاواں - 50g",1,0,visible,,,,,taxable,parent,1,,,0,0,,,,,0,,,60,,,,,,,HRB-090,,,,,,0,,weight,50g,,1,,,,,,,,,,,,
11894,variable,HRB-091,,"Bhangra Siyah Whole - Premium Eclipta Alba (False Daisy) - بھنگرہ سیاہ",1,0,visible,,,,,taxable,,1,,,0,0,,,,,1,,,,Herbs,,,,,,,,,,,,0,,weight,"125g, 500g, 50g",1,1,,1,,,,,,,,,,
11895,variable,HRB-092,,"Bhojpatra - Premium Birch Bark (Bhoj Patar Whole) - بھوج پتر",1,0,visible,,,,,taxable,,1,,,0,0,,,,,1,,,,Herbs,,,,,,,,,,,,0,,weight,"125g, 500g, 50g",1,1,,1,,,,,,,,,,
11896,variable,HRB-093,,"Bhusi India Premium - Pure Isabgol Husk (Indian Psyllium) - بھوسی انڈیا",1,0,visible,,,,,taxable,,1,,,0,0,,,,,1,,,,Seeds,,,,,,,,,,,,0,,weight,"10g, 125g, 500g, 50g",1,1,,1,,,,,,,,,,
11897,variable,HRB-094,,"Bhusi Pakistan Premium - Pure Isabgol Husk (Pakistani Psyllium) - بھوسی پاکستان",1,0,visible,,,,,taxable,,1,,,0,0,,,,,1,,,,Seeds,,,,,,,,,,,,0,,weight,"10g, 125g, 500g, 50g",1,1,,1,,,,,,,,,,
11898,variable,HRB-095,,"Bophali Whole - Premium Corchorus Depressus - بوپھلی",1,0,visible,,,,,taxable,,1,,,0,0,,,,,1,,,,Herbs,,,,,,,,,,,,0,,weight,"125g, 500g, 50g",1,1,,1,,,,,,,,,,
11899,variable,HRB-098,,"Beejband Surkh - Premium Country Mallow Seeds (Beej Band Red) - بیج بند سرخ",1,0,visible,,,,,taxable,,1,,,0,0,,,,,1,,,,Seeds,,,,,,,,,,,,0,,weight,"125g, 500g, 50g",1,1,,1,,,,,,,,,,
11900,variable,HRB-099,,"Bikh Anjabar Whole - Premium Bistort Root (Polygonum Bistorta) - بیخ انجبار",1,0,visible,,,,,taxable,,1,,,0,0,,,,,1,,,,Herbs,,,,,,,,,,,,0,,weight,"125g, 500g, 50g",1,1,,1,,,,,,,,,,
11901,variation,HRB-091-500g,,"Bhangra Siyah Whole - Premium Eclipta Alba (False Daisy) - بھنگرہ سیاہ - 500g",1,0,visible,,,,,taxable,parent,1,,,0,0,,,,,0,,,300,,,,,,,HRB-091,,,,,,0,,weight,500g,,1,,,,,,,,,,,,
11902,variation,HRB-091-125g,,"Bhangra Siyah Whole - Premium Eclipta Alba (False Daisy) - بھنگرہ سیاہ - 125g",1,0,visible,,,,,taxable,parent,1,,,0,0,,,,,0,,,100,,,,,,,HRB-091,,,,,,0,,weight,125g,,1,,,,,,,,,,,,
11903,variation,HRB-091-50g,,"Bhangra Siyah Whole - Premium Eclipta Alba (False Daisy) - بھنگرہ سیاہ - 50g",1,0,visible,,,,,taxable,parent,1,,,0,0,,,,,0,,,40,,,,,,,HRB-091,,,,,,0,,weight,50g,,1,,,,,,,,,,,,
11904,variation,HRB-092-500g,,"Bhojpatra - Premium Birch Bark (Bhoj Patar Whole) - بھوج پتر - 500g",1,0,visible,,,,,taxable,parent,1,,,0,0,,,,,0,,,750,,,,,,,HRB-092,,,,,,0,,weight,500g,,1,,,,,,,,,,,,
11905,variation,HRB-092-125g,,"Bhojpatra - Premium Birch Bark (Bhoj Patar Whole) - بھوج پتر - 125g",1,0,visible,,,,,taxable,parent,1,,,0,0,,,,,0,,,180,,,,,,,HRB-092,,,,,,0,,weight,125g,,1,,,,,,,,,,,,
11906,variation,HRB-092-50g,,"Bhojpatra - Premium Birch Bark (Bhoj Patar Whole) - بھوج پتر - 50g",1,0,visible,,,,,taxable,parent,1,,,0,0,,,,,0,,,100,,,,,,,HRB-092,,,,,,0,,weight,50g,,1,,,,,,,,,,,,
11907,variation,HRB-093-500g,,"Bhusi India Premium - Pure Isabgol Husk (Indian Psyllium) - بھوسی انڈیا - 500g",1,0,visible,,,,,taxable,parent,1,,,0,0,,,,,0,,,2200,,,,,,,HRB-093,,,,,,0,,weight,500g,,1,,,,,,,,,,,,
11908,variation,HRB-093-125g,,"Bhusi India Premium - Pure Isabgol Husk (Indian Psyllium) - بھوسی انڈیا - 125g",1,0,visible,,,,,taxable,parent,1,,,0,0,,,,,0,,,600,,,,,,,HRB-093,,,,,,0,,weight,125g,,1,,,,,,,,,,,,
11909,variation,HRB-093-50g,,"Bhusi India Premium - Pure Isabgol Husk (Indian Psyllium) - بھوسی انڈیا - 50g",1,0,visible,,,,,taxable,parent,1,,,0,0,,,,,0,,,250,,,,,,,HRB-093,,,,,,0,,weight,50g,,1,,,,,,,,,,,,
11910,variation,HRB-093-10g,,"Bhusi India Premium - Pure Isabgol Husk (Indian Psyllium) - بھوسی انڈیا - 10g",1,0,visible,,,,,taxable,parent,1,,,0,0,,,,,0,,,60,,,,,,,HRB-093,,,,,,0,,weight,10g,,1,,,,,,,,,,,,
11911,variation,HRB-094-500g,,"Bhusi Pakistan Premium - Pure Isabgol Husk (Pakistani Psyllium) - بھوسی پاکستان - 500g",1,0,visible,,,,,taxable,parent,1,,,0,0,,,,,0,,,1900,,,,,,,HRB-094,,,,,,0,,weight,500g,,1,,,,,,,,,,,,
11912,variation,HRB-094-125g,,"Bhusi Pakistan Premium - Pure Isabgol Husk (Pakistani Psyllium) - بھوسی پاکستان - 125g",1,0,visible,,,,,taxable,parent,1,,,0,0,,,,,0,,,500,,,,,,,HRB-094,,,,,,0,,weight,125g,,1,,,,,,,,,,,,
11913,variation,HRB-094-50g,,"Bhusi Pakistan Premium - Pure Isabgol Husk (Pakistani Psyllium) - بھوسی پاکستان - 50g",1,0,visible,,,,,taxable,parent,1,,,0,0,,,,,0,,,200,,,,,,,HRB-094,,,,,,0,,weight,50g,,1,,,,,,,,,,,,
11914,variation,HRB-094-10g,,"Bhusi Pakistan Premium - Pure Isabgol Husk (Pakistani Psyllium) - بھوسی پاکستان - 10g",1,0,visible,,,,,taxable,parent,1,,,0,0,,,,,0,,,50,,,,,,,HRB-094,,,,,,0,,weight,10g,,1,,,,,,,,,,,,
11915,variation,HRB-095-500g,,"Bophali Whole - Premium Corchorus Depressus - بوپھلی - 500g",1,0,visible,,,,,taxable,parent,1,,,0,0,,,,,0,,,250,,,,,,,HRB-095,,,,,,0,,weight,500g,,1,,,,,,,,,,,,
11916,variation,HRB-095-125g,,"Bophali Whole - Premium Corchorus Depressus - بوپھلی - 125g",1,0,visible,,,,,taxable,parent,1,,,0,0,,,,,0,,,100,,,,,,,HRB-095,,,,,,0,,weight,125g,,1,,,,,,,,,,,,
11917,variation,HRB-095-50g,,"Bophali Whole - Premium Corchorus Depressus - بوپھلی - 50g",1,0,visible,,,,,taxable,parent,1,,,0,0,,,,,0,,,60,,,,,,,HRB-095,,,,,,0,,weight,50g,,1,,,,,,,,,,,,
11918,variation,HRB-098-500g,,"Beejband Surkh - Premium Country Mallow Seeds (Beej Band Red) - بیج بند سرخ - 500g",1,0,visible,,,,,taxable,parent,1,,,0,0,,,,,0,,,400,,,,,,,HRB-098,,,,,,0,,weight,500g,,1,,,,,,,,,,,,
11919,variation,HRB-098-125g,,"Beejband Surkh - Premium Country Mallow Seeds (Beej Band Red) - بیج بند سرخ - 125g",1,0,visible,,,,,taxable,parent,1,,,0,0,,,,,0,,,130,,,,,,,HRB-098,,,,,,0,,weight,125g,,1,,,,,,,,,,,,
11920,variation,HRB-098-50g,,"Beejband Surkh - Premium Country Mallow Seeds (Beej Band Red) - بیج بند سرخ - 50g",1,0,visible,,,,,taxable,parent,1,,,0,0,,,,,0,,,60,,,,,,,HRB-098,,,,,,0,,weight,50g,,1,,,,,,,,,,,,
11921,variation,HRB-099-500g,,"Bikh Anjabar Whole - Premium Bistort Root (Polygonum Bistorta) - بیخ انجبار - 500g",1,0,visible,,,,,taxable,parent,1,,,0,0,,,,,0,,,300,,,,,,,HRB-099,,,,,,0,,weight,500g,,1,,,,,,,,,,,,
11922,variation,HRB-099-125g,,"Bikh Anjabar Whole - Premium Bistort Root (Polygonum Bistorta) - بیخ انجبار - 125g",1,0,visible,,,,,taxable,parent,1,,,0,0,,,,,0,,,100,,,,,,,HRB-099,,,,,,0,,weight,125g,,1,,,,,,,,,,,,
11923,variation,HRB-099-50g,,"Bikh Anjabar Whole - Premium Bistort Root (Polygonum Bistorta) - بیخ انجبار - 50g",1,0,visible,,,,,taxable,parent,1,,,0,0,,,,,0,,,40,,,,,,,HRB-099,,,,,,0,,weight,50g,,1,,,,,,,,,,,,
